query_id,market,city,raw_query,results_shown,clicked,purchased,date
Q000001,GB,London,hair colour,1,0,0,2026-06-06
Q000002,GB,London,supercar track day,0,0,0,2026-06-21
Q000003,GB,Manchester,deep tissue massage,20,1,0,2026-06-24
Q000004,GB,Glasgow,helicopter tour,0,0,0,2026-06-24
Q000005,GB,London,shark diving,0,0,0,2026-06-24
Q000006,GB,Manchester,helicopter tour,0,0,0,2026-06-01
Q000007,GB,London,pizza deal,11,1,1,2026-06-30
Q000008,GB,London,hair colour,21,0,0,2026-06-21
Q000009,GB,London,escape room,8,0,0,2026-06-08
Q000010,GB,Manchester,facial,2,0,0,2026-06-04
Q000011,GB,London,paintball,0,0,0,2026-06-18
Q000012,GB,London,back massage,25,1,1,2026-06-26
Q000013,GB,London,hot air balloon ride,0,0,0,2026-06-24
Q000014,GB,Birmingham,eyelash extensions,14,1,0,2026-06-08
Q000015,GB,London,eyelash extensions,13,0,0,2026-06-19
Q000016,GB,London,indian restaurant,11,0,0,2026-06-04
Q000017,GB,London,thai massage,23,1,0,2026-06-14
Q000018,GB,London,sushi,0,0,0,2026-06-20
Q000019,GB,Glasgow,crossfit,19,1,0,2026-06-23
Q000020,GB,London,back massage,21,1,1,2026-06-24
Q000021,GB,London,indian restaurant,0,0,0,2026-06-10
Q000022,GB,Glasgow,manicure,8,1,1,2026-06-11
Q000023,GB,London,facial,33,0,0,2026-06-24
Q000024,GB,Manchester,manicure,6,1,0,2026-06-26
Q000025,GB,Manchester,paintball,0,0,0,2026-06-27
Q000026,GB,London,city tour,8,1,0,2026-06-13
Q000027,GB,London,steak dinner,2,0,0,2026-06-12
Q000028,GB,Birmingham,steak dinner,10,1,0,2026-06-15
Q000029,GB,London,back massage,16,1,0,2026-06-03
Q000030,GB,London,city tour,1,0,0,2026-06-24
Q000031,GB,Glasgow,deep tissue massage,2,0,0,2026-06-18
Q000032,GB,London,sushi,28,1,1,2026-06-01
Q000033,GB,Manchester,city tour,23,0,0,2026-06-14
Q000034,GB,London,pizza deal,22,1,0,2026-06-30
Q000035,GB,Manchester,yoga class,1,0,0,2026-06-21
Q000036,GB,Manchester,manicure,25,1,1,2026-06-09
Q000037,GB,Manchester,personal trainer,2,0,0,2026-06-01
Q000038,GB,London,gym,8,0,0,2026-06-13
Q000039,GB,London,yoga class,33,0,0,2026-06-06
Q000040,GB,Manchester,city tour,24,0,0,2026-06-02
Q000041,GB,London,manicurre,23,1,0,2026-06-23
Q000042,GB,London,paintball,1,0,0,2026-06-14
Q000043,GB,London,personal trainer,2,0,0,2026-06-03
Q000044,GB,London,yoga class,0,0,0,2026-06-05
Q000045,GB,London,bowling,2,0,0,2026-06-09
Q000046,GB,Manchester,shark diiving,0,0,0,2026-06-09
Q000047,GB,London,sports massage,0,0,0,2026-06-21
Q000048,GB,London,paintball,9,0,0,2026-06-25
Q000049,GB,London,couples massage,18,1,0,2026-06-02
Q000050,GB,London,eyelash extensions,18,1,0,2026-06-19
Q000051,GB,London,pilates,2,0,0,2026-06-28
Q000052,GB,London,hair colour,1,0,0,2026-06-04
Q000053,GB,Glasgow,supercar track day,0,0,0,2026-06-27
Q000054,GB,Glasgow,gym,17,0,0,2026-06-07
Q000055,GB,Glasgow,skydiving,0,0,0,2026-06-30
Q000056,GB,London,personal trainer,1,0,0,2026-06-29
Q000057,GB,Birmingham,pilates,17,0,0,2026-06-23
Q000058,GB,London,couplles massage,17,0,0,2026-06-14
Q000059,GB,Birmingham,back massage,0,0,0,2026-06-17
Q000060,GB,Glasgow,hair colour,0,0,0,2026-06-24
Q000061,GB,London,indian restaurant,2,0,0,2026-06-24
Q000062,GB,Birmingham,hair colour,21,1,0,2026-06-04
Q000063,GB,London,manicure,23,0,0,2026-06-24
Q000064,GB,Glasgow,city tour,16,1,1,2026-06-14
Q000065,GB,Birmingham,deep tissue massage,1,0,0,2026-06-23
Q000066,GB,Manchester,haircut,0,0,0,2026-06-07
Q000067,GB,London,go karting,20,0,0,2026-06-18
Q000068,GB,London,couples massage,0,0,0,2026-06-10
Q000069,GB,London,steak dinner,25,0,0,2026-06-13
Q000070,GB,London,gym,13,0,0,2026-06-05
Q000071,GB,London,eyelash extensions,1,0,0,2026-06-05
Q000072,GB,London,hair colour,23,0,0,2026-06-15
Q000073,GB,London,escape room,25,1,0,2026-06-25
Q000074,GB,London,haircut,17,1,1,2026-06-22
Q000075,GB,Glasgow,escape room,18,1,0,2026-06-07
Q000076,GB,London,back massage,2,0,0,2026-06-23
Q000077,GB,London,city tour,19,0,0,2026-06-28
Q000078,GB,London,personal trainer,22,1,1,2026-06-07
Q000079,GB,Glasgow,paintball,0,0,0,2026-06-05
Q000080,GB,London,steak dinner,18,0,0,2026-06-21
Q000081,GB,London,yoga class,23,1,0,2026-06-08
Q000082,GB,Manchester,helicopter tour,0,0,0,2026-06-19
Q000083,GB,Manchester,paintball,10,0,0,2026-06-22
Q000084,GB,Birmingham,hair colour,12,0,0,2026-06-22
Q000085,GB,London,escape room,9,1,0,2026-06-07
Q000086,GB,London,eyelash extensions,1,0,0,2026-06-25
Q000087,GB,London,yoga class,20,0,0,2026-06-18
Q000088,GB,London,hot air balloon ride,0,0,0,2026-06-11
Q000089,GB,London,brunch,15,0,0,2026-06-16
Q000090,GB,Birmingham,crossfit,5,1,1,2026-06-23
Q000091,GB,Glasgow,go karting,26,0,0,2026-06-30
Q000092,GB,London,escape room,0,0,0,2026-06-13
Q000093,GB,Glasgow,facial,5,0,0,2026-06-15
Q000094,GB,Manchester,escape room,25,1,0,2026-06-12
Q000095,GB,London,paintball,17,0,0,2026-06-14
Q000096,GB,Manchester,paintball,1,1,0,2026-06-30
Q000097,GB,London,thai massage,0,0,0,2026-06-27
Q000098,GB,London,city tour,1,0,0,2026-06-04
Q000099,GB,Manchester,pizza deal,0,0,0,2026-06-05
Q000100,GB,Manchester,paintball,16,1,0,2026-06-15
Q000101,GB,Manchester,pizza deal,15,1,0,2026-06-01
Q000102,GB,London,hot air balloon ride,0,0,0,2026-06-07
Q000103,GB,Birmingham,gym,2,0,0,2026-06-23
Q000104,GB,Manchester,pizza deal,16,0,0,2026-06-28
Q000105,GB,London,bowling,17,0,0,2026-06-25
Q000106,GB,London,yoga class,0,0,0,2026-06-22
Q000107,GB,London,steak dinner,2,0,0,2026-06-18
Q000108,GB,Manchester,supercar track day,0,0,0,2026-06-06
Q000109,GB,London,supercar track day,0,0,0,2026-06-03
Q000110,GB,London,facial,7,0,0,2026-06-02
Q000111,GB,Manchester,crossfit,2,0,0,2026-06-21
Q000112,GB,Manchester,paintball,2,1,1,2026-06-26
Q000113,GB,London,sports massage,0,0,0,2026-06-30
Q000114,GB,Glasgow,yog class,12,1,0,2026-06-11
Q000115,GB,Birmingham,crossfit,4,0,0,2026-06-06
Q000116,GB,Birmingham,bowling,1,0,0,2026-06-29
Q000117,GB,Glasgow,brunch,19,0,0,2026-06-03
Q000118,GB,London,steak dinner,1,0,0,2026-06-27
Q000119,GB,London,indian restaurant,13,1,0,2026-06-13
Q000120,GB,London,deep tissuue massage,12,1,0,2026-06-19
Q000121,GB,London,eyelash extensions,0,0,0,2026-06-09
Q000122,GB,Manchester,pizza deal,2,0,0,2026-06-22
Q000123,GB,Manchester,pizza deal,6,1,1,2026-06-30
Q000124,GB,London,helicopter tour,0,0,0,2026-06-19
Q000125,GB,London,pizza deal,13,1,0,2026-06-14
Q000126,GB,London,couples massage,1,0,0,2026-06-25
Q000127,GB,Birmingham,haircut,31,0,0,2026-06-22
Q000128,GB,London,thai massage,19,0,0,2026-06-29
Q000129,GB,Glasgow,escape room,1,0,0,2026-06-23
Q000130,GB,Birmingham,sports massage,20,1,1,2026-06-19
Q000131,GB,Manchester,helicopeer tour,0,0,0,2026-06-16
Q000132,GB,London,yoga class,11,1,1,2026-06-09
Q000133,GB,London,haircut,22,1,0,2026-06-24
Q000134,GB,Manchester,back massage,0,0,0,2026-06-09
Q000135,GB,Birmingham,sushi,1,0,0,2026-06-06
Q000136,GB,London,brunch,0,0,0,2026-06-13
Q000137,GB,London,gym,1,0,0,2026-06-20
Q000138,GB,London,eyelash extesions,2,0,0,2026-06-18
Q000139,GB,Glasgow,hair colour,1,0,0,2026-06-06
Q000140,GB,London,facial,23,1,0,2026-06-30
Q000141,GB,London,deep tissue massage,13,1,0,2026-06-21
Q000142,GB,Manchester,skydiving,0,0,0,2026-06-19
Q000143,GB,Birmingham,hot air billoon ride,0,0,0,2026-06-16
Q000144,GB,London,helicopter tour,0,0,0,2026-06-20
Q000145,GB,Manchester,paintball,8,0,0,2026-06-15
Q000146,GB,Glasgow,escape room,2,0,0,2026-06-17
Q000147,GB,Manchester,indian restaurant,1,0,0,2026-06-03
Q000148,GB,London,helicopter tour,0,0,0,2026-06-03
Q000149,GB,London,go karting,33,1,0,2026-06-25
Q000150,GB,Manchester,facial,25,1,0,2026-06-30
Q000151,GB,Manchester,city tour,12,1,0,2026-06-27
Q000152,GB,London,facial,32,0,0,2026-06-13
Q000153,GB,Birmingham,yoga class,19,0,0,2026-06-24
Q000154,GB,London,sushi,0,0,0,2026-06-05
Q000155,GB,Manchester,escape room,1,0,0,2026-06-27
Q000156,GB,London,deeptissue massage,2,0,0,2026-06-15
Q000157,GB,London,go karting,29,0,0,2026-06-19
Q000158,GB,London,sports massage,20,0,0,2026-06-18
Q000159,GB,Manchester,steak dinner,2,0,0,2026-06-26
Q000160,GB,London,facial,18,1,0,2026-06-13
Q000161,GB,London,city tour,2,0,0,2026-06-30
Q000162,GB,Birmingham,helicopter tour,0,0,0,2026-06-23
Q000163,GB,Birmingham,hair colour,12,0,0,2026-06-16
Q000164,GB,London,facial,1,0,0,2026-06-18
Q000165,GB,Glasgow,sports massage,22,1,1,2026-06-15
Q000166,GB,London,hot air balloon ride,0,0,0,2026-06-17
Q000167,GB,London,supercar track day,0,0,0,2026-06-21
Q000168,GB,Glasgow,personal trainer,2,0,0,2026-06-10
Q000169,GB,Glasgow,couples massage,12,0,0,2026-06-09
Q000170,GB,Manchester,thai massage,19,1,1,2026-06-04
Q000171,GB,London,manicure,19,1,0,2026-06-19
Q000172,GB,Manchester,shark diving,0,0,0,2026-06-15
Q000173,GB,Glasgow,manicure,7,1,0,2026-06-12
Q000174,GB,London,bowling,21,0,0,2026-06-25
Q000175,GB,Glasgow,deep tissue massage,2,0,0,2026-06-25
Q000176,GB,Manchester,city tour,1,0,0,2026-06-17
Q000177,GB,London,sports massage,28,1,0,2026-06-01
Q000178,GB,Manchester,hair colour,11,1,0,2026-06-14
Q000179,GB,Manchester,skydiving,0,0,0,2026-06-18
Q000180,GB,Birmingham,escape room,17,1,0,2026-06-03
Q000181,GB,London,supercar track day,0,0,0,2026-06-24
Q000182,GB,London,eyelash extensions,0,0,0,2026-06-08
Q000183,GB,Birmingham,haircut,8,1,1,2026-06-23
Q000184,GB,London,steak dinner,7,1,0,2026-06-11
Q000185,GB,London,couples massage,25,0,0,2026-06-24
Q000186,GB,London,supercar track day,0,0,0,2026-06-14
Q000187,GB,Glasgow,sports massage,38,0,0,2026-06-02
Q000188,GB,Glasgow,helicopter tour,0,0,0,2026-06-24
Q000189,GB,Birmingham,steak dinner,10,1,0,2026-06-25
Q000190,GB,London,thai massage,13,1,1,2026-06-27
Q000191,GB,London,go karting,10,0,0,2026-06-27
Q000192,GB,Glasgow,pizza deal,2,0,0,2026-06-22
Q000193,GB,Manchester,helicopter tour,0,0,0,2026-06-01
Q000194,GB,London,couples massage,23,1,0,2026-06-18
Q000195,GB,London,yoga class,17,1,1,2026-06-21
Q000196,GB,Birmingham,hair colour,1,0,0,2026-06-05
Q000197,GB,London,sports massage,11,1,1,2026-06-15
Q000198,GB,Manchester,manicure,2,1,0,2026-06-09
Q000199,GB,Manchester,susshi,0,0,0,2026-06-04
Q000200,GB,Manchester,city tour,1,0,0,2026-06-30
Q000201,GB,London,couples massage,13,1,0,2026-06-02
Q000202,GB,Birmingham,shark diving,0,0,0,2026-06-22
Q000203,GB,London,manicure,23,1,0,2026-06-19
Q000204,GB,Manchester,steak dinner,12,1,0,2026-06-09
Q000205,GB,Birmingham,sushi,38,0,0,2026-06-17
Q000206,GB,Glasgow,deep tissue massage,1,0,0,2026-06-16
Q000207,GB,Manchester,paintball,1,0,0,2026-06-30
Q000208,GB,Birmingham,brunch,4,0,0,2026-06-19
Q000209,GB,London,steak dinner,19,0,0,2026-06-27
Q000210,GB,Manchester,thai massage,12,1,0,2026-06-11
Q000211,GB,Birmingham,facial,6,1,0,2026-06-06
Q000212,GB,London,indian restaurant,25,0,0,2026-06-08
Q000213,GB,Manchester,facial,14,0,0,2026-06-07
Q000214,GB,Birmingham,bowling,11,1,1,2026-06-23
Q000215,GB,London,bowling,0,0,0,2026-06-03
Q000216,GB,London,escape room,0,0,0,2026-06-07
Q000217,GB,London,brunah,17,0,0,2026-06-27
Q000218,GB,Manchester,helicopter tour,0,0,0,2026-06-22
Q000219,GB,London,pilates,12,1,1,2026-06-20
Q000220,GB,London,back massage,4,0,0,2026-06-26
Q000221,GB,Manchester,personal trainer,2,0,0,2026-06-09
Q000222,GB,London,shark diving,0,0,0,2026-06-20
Q000223,GB,London,thai massage,1,0,0,2026-06-11
Q000224,GB,London,helicopter tour,0,0,0,2026-06-28
Q000225,GB,Manchester,personai trainer,2,0,0,2026-06-25
Q000226,GB,London,paintball,2,0,0,2026-06-02
Q000227,GB,London,couples massage,40,0,0,2026-06-29
Q000228,GB,Manchester,paintball,24,1,1,2026-06-20
Q000229,GB,Birmingham,gym,17,1,0,2026-06-04
Q000230,GB,Birmingham,crossfit,19,1,0,2026-06-04
Q000231,GB,Manchester,deep tissue massage,23,1,0,2026-06-18
Q000232,GB,Birmingham,manicure,0,0,0,2026-06-20
Q000233,GB,Glasgow,paintball,1,0,0,2026-06-19
Q000234,GB,Manchester,sports massage,23,0,0,2026-06-22
Q000235,GB,London,paintball,1,0,0,2026-06-07
Q000236,GB,Glasgow,deep tissue massage,25,0,0,2026-06-26
Q000237,GB,Manchester,crossfit,1,0,0,2026-06-06
Q000238,GB,London,shark diving,0,0,0,2026-06-29
Q000239,GB,London,yoga class,17,1,0,2026-06-14
Q000240,GB,London,paintball,22,1,1,2026-06-28
Q000241,GB,London,back massage,8,1,0,2026-06-06
Q000242,GB,London,paintball,1,0,0,2026-06-26
Q000243,GB,London,bowling,0,0,0,2026-06-08
Q000244,GB,Manchester,city touur,1,0,0,2026-06-24
Q000245,GB,Birmingham,haircut,16,0,0,2026-06-26
Q000246,GB,London,helicopter tour,0,0,0,2026-06-07
Q000247,GB,Glasgow,indian restaurant,36,0,0,2026-06-03
Q000248,GB,Birmingham,skydiving,0,0,0,2026-06-30
Q000249,GB,London,facial,30,0,0,2026-06-29
Q000250,GB,Manchester,crossfit,29,0,0,2026-06-09
Q000251,GB,London,hair colour,2,1,0,2026-06-13
Q000252,GB,Manchester,helicopter tour,0,0,0,2026-06-21
Q000253,GB,Birmingham,bowling,1,0,0,2026-06-03
Q000254,GB,Birmingham,escape room,14,0,0,2026-06-27
Q000255,GB,Birmingham,manicure,1,1,0,2026-06-04
Q000256,GB,Birmingham,yoga class,0,0,0,2026-06-09
Q000257,GB,London,brunch,8,0,0,2026-06-08
Q000258,GB,Birmingham,brunch,20,1,1,2026-06-19
Q000259,GB,Manchester,gym,11,1,0,2026-06-03
Q000260,GB,Manchester,manicure,24,0,0,2026-06-19
Q000261,GB,London,gym,1,0,0,2026-06-05
Q000262,GB,London,hot air balloon ride,0,0,0,2026-06-08
Q000263,GB,Glasgow,bowling,24,0,0,2026-06-10
Q000264,GB,London,personal trainer,27,0,0,2026-06-03
Q000265,GB,Birmingham,hair colour,2,0,0,2026-06-08
Q000266,GB,London,crossfit,22,1,0,2026-06-10
Q000267,GB,Birmingham,hot air balloon ride,0,0,0,2026-06-24
Q000268,GB,Glasgow,deep tissue massage,11,1,0,2026-06-26
Q000269,GB,Manchester,deep tissue massage,14,1,1,2026-06-22
Q000270,GB,London,hot air ballooon ride,0,0,0,2026-06-07
Q000271,GB,London,couples massagge,20,0,0,2026-06-06
Q000272,GB,London,thai massage,0,0,0,2026-06-29
Q000273,GB,London,steak dinner,2,0,0,2026-06-09
Q000274,GB,Manchester,thai massage,25,1,0,2026-06-11
Q000275,GB,London,pizza deal,6,1,0,2026-06-25
Q000276,GB,Glasgow,skydiving,0,0,0,2026-06-21
Q000277,GB,London,pizza deal,16,0,0,2026-06-22
Q000278,GB,London,pilates,13,1,1,2026-06-28
Q000279,GB,Manchester,city tour,22,0,0,2026-06-16
Q000280,GB,Glasgow,back massage,23,1,0,2026-06-29
Q000281,GB,Manchester,paintball,2,0,0,2026-06-28
Q000282,GB,Birmingham,manicure,1,0,0,2026-06-29
Q000283,GB,London,personal trainer,24,0,0,2026-06-24
Q000284,GB,London,paintball,7,1,0,2026-06-21
Q000285,GB,Manchester,gym,25,0,0,2026-06-14
Q000286,GB,Manchester,gym,26,1,0,2026-06-29
Q000287,GB,London,thai massage,1,0,0,2026-06-28
Q000288,GB,London,skydiving,0,0,0,2026-06-19
Q000289,GB,Manchester,escape room,13,1,1,2026-06-17
Q000290,GB,Birmingham,hair colour,16,1,0,2026-06-22
Q000291,GB,Birmingham,city tour,0,0,0,2026-06-22
Q000292,GB,London,hot air balloon ride,0,0,0,2026-06-27
Q000293,GB,Birmingham,shark diving,0,0,0,2026-06-28
Q000294,GB,London,hot air balloon ride,0,0,0,2026-06-18
Q000295,GB,Birmingham,escape room,13,0,0,2026-06-29
Q000296,GB,London,susshi,0,0,0,2026-06-12
Q000297,GB,London,gym,8,1,1,2026-06-01
Q000298,GB,Glasgow,manicure,23,0,0,2026-06-08
Q000299,GB,London,go karting,20,0,0,2026-06-08
Q000300,GB,Manchester,pizza deal,10,1,1,2026-06-28
Q000301,GB,Birmingham,deep tissue massage,2,0,0,2026-06-24
Q000302,GB,Birmingham,personal trainer,2,1,0,2026-06-29
Q000303,GB,London,pizza deal,0,0,0,2026-06-22
Q000304,GB,Manchester,paintball,20,0,0,2026-06-04
Q000305,GB,London,gym,2,0,0,2026-06-05
Q000306,GB,Birmingham,haircut,13,1,0,2026-06-16
Q000307,GB,Manchester,hair colour,1,0,0,2026-06-17
Q000308,GB,London,couples massage,6,0,0,2026-06-03
Q000309,GB,Glasgow,sports assage,12,1,0,2026-06-06
Q000310,GB,London,supercar track day,0,0,0,2026-06-05
Q000311,GB,London,sushi,12,1,0,2026-06-28
Q000312,GB,London,brunch,38,0,0,2026-06-30
Q000313,GB,Manchester,skydiving,0,0,0,2026-06-21
Q000314,GB,Manchester,facial,23,0,0,2026-06-08
Q000315,GB,London,bowling,26,0,0,2026-06-04
Q000316,GB,Glasgow,shark diving,0,0,0,2026-06-10
Q000317,GB,London,city tour,2,0,0,2026-06-28
Q000318,GB,London,gym,0,0,0,2026-06-16
Q000319,GB,London,thai massage,0,0,0,2026-06-25
Q000320,GB,Manchester,go karting,20,0,0,2026-06-22
Q000321,GB,London,couples massage,6,0,0,2026-06-03
Q000322,GB,Birmingham,haircut,24,0,0,2026-06-10
Q000323,GB,London,crossfit,2,0,0,2026-06-11
Q000324,GB,London,skydiiving,0,0,0,2026-06-18
Q000325,GB,Glasgow,yoga class,24,1,1,2026-06-03
Q000326,GB,London,supercar track day,0,0,0,2026-06-27
Q000327,GB,London,manicure,22,0,0,2026-06-28
Q000328,GB,London,gym,4,1,0,2026-06-05
Q000329,GB,Manchester,crossfit,6,1,1,2026-06-07
Q000330,GB,London,bowling,39,0,0,2026-06-16
Q000331,GB,London,bowling,25,1,1,2026-06-09
Q000332,GB,Birmingham,go karting,18,0,0,2026-06-30
Q000333,GB,London,deep tissue massage,0,0,0,2026-06-28
Q000334,GB,London,city tour,20,1,0,2026-06-07
Q000335,GB,London,couples massage,11,1,0,2026-06-21
Q000336,GB,London,back massage,13,0,0,2026-06-03
Q000337,GB,London,bowling,32,1,0,2026-06-30
Q000338,GB,London,eyelash extensions,22,0,0,2026-06-01
Q000339,GB,Birmingham,yoga class,32,0,0,2026-06-20
Q000340,GB,Manchester,sushi,18,1,1,2026-06-12
Q000341,GB,London,shark diving,0,0,0,2026-06-06
Q000342,GB,London,yoa class,34,0,0,2026-06-23
Q000343,GB,Glasgow,pilates,2,0,0,2026-06-15
Q000344,GB,Birmingham,bowling,2,0,0,2026-06-05
Q000345,GB,Birmingham,deep tissue massage,35,0,0,2026-06-07
Q000346,GB,London,pizza deal,14,0,0,2026-06-08
Q000347,GB,Birmingham,indian restaurant,29,0,0,2026-06-24
Q000348,GB,London,city tour,1,0,0,2026-06-25
Q000349,GB,London,facial,34,0,0,2026-06-13
Q000350,GB,Manchester,helicopter tour,0,0,0,2026-06-08
Q000351,GB,London,facial,2,0,0,2026-06-03
Q000352,GB,London,go karting,18,0,0,2026-06-11
Q000353,GB,Birmingham,gym,10,1,0,2026-06-13
Q000354,GB,Manchester,deep tissue massage,18,1,0,2026-06-18
Q000355,GB,Manchester,bowling,0,0,0,2026-06-02
Q000356,GB,Glasgow,skydiving,0,0,0,2026-06-01
Q000357,GB,Birmingham,yoga class,17,0,0,2026-06-26
Q000358,GB,Birmingham,skydiving,0,0,0,2026-06-01
Q000359,GB,Birmingham,hair colour,2,0,0,2026-06-05
Q000360,GB,London,eyelash extensions,18,0,0,2026-06-03
Q000361,GB,London,shark diving,0,0,0,2026-06-06
Q000362,GB,Birmingham,back massage,22,0,0,2026-06-05
Q000363,GB,London,steak dinner,9,1,1,2026-06-26
Q000364,GB,Glasgow,thai massage,25,1,0,2026-06-28
Q000365,GB,London,thai massage,0,0,0,2026-06-15
Q000366,GB,Glasgow,thai massage,1,0,0,2026-06-14
Q000367,GB,Birmingham,steak dinner,22,1,1,2026-06-16
Q000368,GB,Manchester,facial,0,0,0,2026-06-23
Q000369,GB,London,eyelash extensions,13,1,1,2026-06-18
Q000370,GB,Manchester,deep tissue massage,2,1,0,2026-06-11
Q000371,GB,London,yoga class,1,0,0,2026-06-26
Q000372,GB,Manchester,manicure,2,0,0,2026-06-23
Q000373,GB,London,personal trainer,12,1,1,2026-06-26
Q000374,GB,Birmingham,hot air balloon ride,0,0,0,2026-06-04
Q000375,GB,Birmingham,hot air balloon ride,0,0,0,2026-06-21
Q000376,GB,Manchester,personal trainer,5,1,0,2026-06-10
Q000377,GB,Glasgow,sports massage,9,1,0,2026-06-12
Q000378,GB,London,pizza deal,24,0,0,2026-06-25
Q000379,GB,Birmingham,helicopter tour,0,0,0,2026-06-10
Q000380,GB,London,personal trainer,32,0,0,2026-06-27
Q000381,GB,London,hair colour,22,1,0,2026-06-23
Q000382,GB,Birmingham,paintball,2,0,0,2026-06-05
Q000383,GB,London,couples massage,0,0,0,2026-06-26
Q000384,GB,London,pilates,2,0,0,2026-06-18
Q000385,GB,Manchester,facial,20,0,0,2026-06-12
Q000386,GB,Glasgow,supercar track day,0,0,0,2026-06-13
Q000387,GB,London,back massage,1,0,0,2026-06-25
Q000388,GB,Birmingham,brunch,35,0,0,2026-06-15
Q000389,GB,London,sports massage,1,0,0,2026-06-02
Q000390,GB,Manchester,skydiving,0,0,0,2026-06-22
Q000391,GB,London,paintball,2,0,0,2026-06-14
Q000392,GB,Glasgow,paintball,23,0,0,2026-06-03
Q000393,GB,Birmingham,go karting,2,1,1,2026-06-07
Q000394,GB,London,gym,24,1,0,2026-06-16
Q000395,GB,Glasgow,susshi,31,0,0,2026-06-11
Q000396,GB,London,sports massage,2,0,0,2026-06-29
Q000397,GB,Birmingham,brunch,7,1,0,2026-06-22
Q000398,GB,London,shark diving,0,0,0,2026-06-21
Q000399,GB,London,supercar track day,0,0,0,2026-06-06
Q000400,GB,Glasgow,haircut,13,1,0,2026-06-01
Q000401,GB,Birmingham,eyelash extensions,4,1,1,2026-06-11
Q000402,GB,Birmingham,couples massage,17,0,0,2026-06-04
Q000403,GB,London,crossfit,10,0,0,2026-06-19
Q000404,GB,Glasgow,paintball,8,1,0,2026-06-20
Q000405,GB,Glasgow,hot air balloon ride,0,0,0,2026-06-08
Q000406,GB,Manchester,back massage,2,0,0,2026-06-06
Q000407,GB,Birmingham,personal trainer,0,0,0,2026-06-10
Q000408,GB,London,facial,24,0,0,2026-06-30
Q000409,GB,London,go karting,21,0,0,2026-06-22
Q000410,GB,London,thai massage,0,0,0,2026-06-28
Q000411,GB,London,hot air balloon ride,0,0,0,2026-06-15
Q000412,GB,London,escape room,20,1,0,2026-06-28
Q000413,GB,Birmingham,eyelash extensions,25,1,0,2026-06-02
Q000414,GB,Birmingham,helicopter tour,0,0,0,2026-06-06
Q000415,GB,Manchester,hot air balloon ride,0,0,0,2026-06-07
Q000416,GB,London,shark diving,0,0,0,2026-06-09
Q000417,GB,Birmingham,crossfit,2,0,0,2026-06-07
Q000418,GB,Birmingham,pilates,22,0,0,2026-06-28
Q000419,GB,Glasgow,crossfit,14,1,0,2026-06-23
Q000420,GB,London,haircut,4,1,0,2026-06-01
Q000421,GB,London,bowling,18,1,1,2026-06-26
Q000422,GB,Birmingham,brunch,1,1,0,2026-06-25
Q000423,GB,Glasgow,supercar track day,0,0,0,2026-06-16
Q000424,GB,Manchester,hot air balloon ride,0,0,0,2026-06-11
Q000425,GB,Glasgow,shark diving,0,0,0,2026-06-16
Q000426,GB,London,pizza deal,14,1,0,2026-06-26
Q000427,GB,Manchester,pilates,13,0,0,2026-06-27
Q000428,GB,Glasgow,back massage,11,1,1,2026-06-30
Q000429,GB,Birmingham,yoga class,13,0,0,2026-06-03
Q000430,GB,Glasgow,pizza deal,11,1,0,2026-06-07
Q000431,GB,Birmingham,sports massage,22,0,0,2026-06-12
Q000432,GB,London,thai massage,2,0,0,2026-06-14
Q000433,GB,London,couples massage,15,0,0,2026-06-30
Q000434,GB,London,supercar track day,0,0,0,2026-06-21
Q000435,GB,London,supercar track day,0,0,0,2026-06-25
Q000436,GB,Birmingham,gym,4,1,1,2026-06-08
Q000437,GB,London,go karting,9,1,0,2026-06-07
Q000438,GB,Manchester,city tour,0,0,0,2026-06-19
Q000439,GB,Glasgow,deep tissue massage,13,1,0,2026-06-10
Q000440,GB,Manchester,haircut,16,0,0,2026-06-13
Q000441,GB,London,thaai massage,1,0,0,2026-06-23
Q000442,GB,Manchester,couples massage,0,0,0,2026-06-14
Q000443,GB,London,hot air balloon ride,0,0,0,2026-06-03
Q000444,GB,London,manicure,17,0,0,2026-06-08
Q000445,GB,Glasgow,escape room,5,1,1,2026-06-19
Q000446,GB,London,couples massage,9,0,0,2026-06-06
Q000447,GB,Manchester,manicure,2,0,0,2026-06-20
Q000448,GB,London,susui,38,0,0,2026-06-02
Q000449,GB,London,haircut,25,0,0,2026-06-14
Q000450,GB,Manchester,skydiving,0,0,0,2026-06-28
Q000451,GB,London,skydiving,0,0,0,2026-06-25
Q000452,GB,Manchester,bowling,40,0,0,2026-06-13
Q000453,GB,Birmingham,haircut,21,0,0,2026-06-27
Q000454,GB,Birmingham,hot air balloon ride,0,0,0,2026-06-20
Q000455,GB,Manchester,supercar track day,0,0,0,2026-06-06
Q000456,GB,Birmingham,go karting,13,0,0,2026-06-30
Q000457,GB,Manchester,shark diving,0,0,0,2026-06-03
Q000458,GB,Birmingham,eyelash extensions,2,0,0,2026-06-20
Q000459,GB,London,supercar track day,0,0,0,2026-06-01
Q000460,GB,Birmingham,brunch,0,0,0,2026-06-01
Q000461,GB,London,eyelash extensions,13,1,1,2026-06-07
Q000462,GB,London,go krting,1,0,0,2026-06-27
Q000463,GB,London,escape room,25,1,0,2026-06-20
Q000464,GB,London,steak dinner,0,0,0,2026-06-20
Q000465,GB,London,thai massage,22,0,0,2026-06-10
Q000466,GB,London,paintball,21,1,0,2026-06-18
Q000467,GB,Birmingham,indian restaurant,7,1,0,2026-06-06
Q000468,GB,London,back massage,6,1,1,2026-06-09
Q000469,GB,London,hot air balloon ride,0,0,0,2026-06-19
Q000470,GB,Manchester,pilates,2,0,0,2026-06-04
Q000471,GB,London,brunch,1,0,0,2026-06-05
Q000472,GB,Birmingham,bowling,30,0,0,2026-06-26
Q000473,GB,London,pilates,16,0,0,2026-06-14
Q000474,GB,Glasgow,gym,8,1,0,2026-06-02
Q000475,GB,Manchester,pizza deal,20,0,0,2026-06-02
Q000476,GB,London,steak dinner,10,1,1,2026-06-01
Q000477,GB,Manchester,sports massage,6,1,1,2026-06-08
Q000478,GB,Glasgow,hot air balloon ride,0,0,0,2026-06-29
Q000479,GB,Manchester,indian restaurant,12,1,0,2026-06-15
Q000480,GB,London,crossfit,14,1,0,2026-06-22
Q000481,GB,London,thai massage,34,0,0,2026-06-09
Q000482,GB,London,supercar track day,0,0,0,2026-06-06
Q000483,GB,London,sark diving,0,0,0,2026-06-05
Q000484,GB,London,back massage,18,1,0,2026-06-24
Q000485,GB,London,haircut,5,0,0,2026-06-15
Q000486,GB,Manchester,shark diving,0,0,0,2026-06-22
Q000487,GB,London,bowlig,0,0,0,2026-06-03
Q000488,GB,Birmingham,escape room,28,0,0,2026-06-28
Q000489,GB,London,eyelash extensions,30,0,0,2026-06-14
Q000490,GB,London,city tour,16,0,0,2026-06-19
Q000491,GB,London,manicure,9,1,0,2026-06-21
Q000492,GB,Manchester,paintball,36,0,0,2026-06-11
Q000493,GB,Birmingham,escape rom,13,0,0,2026-06-24
Q000494,GB,London,thai massage,4,1,0,2026-06-16
Q000495,GB,London,gym,14,1,0,2026-06-14
Q000496,GB,Manchester,paintball,2,0,0,2026-06-07
Q000497,GB,Manchester,thai massage,4,0,0,2026-06-17
Q000498,GB,Manchester,sports massage,0,0,0,2026-06-17
Q000499,GB,London,sushi,0,0,0,2026-06-18
Q000500,GB,Manchester,shark diving,0,0,0,2026-06-07
Q000501,GB,Manchester,go kartiug,1,0,0,2026-06-11
Q000502,GB,Birmingham,brunch,12,0,0,2026-06-13
Q000503,GB,Birmingham,pilates,1,0,0,2026-06-29
Q000504,GB,Glasgow,paintball,2,0,0,2026-06-17
Q000505,GB,London,couples massage,8,1,0,2026-06-24
Q000506,GB,Manchester,yoga class,6,1,1,2026-06-23
Q000507,GB,London,personal trainer,0,0,0,2026-06-18
Q000508,GB,Manchester,hot air balloon ride,0,0,0,2026-06-09
Q000509,GB,London,indian restaurant,23,0,0,2026-06-06
Q000510,GB,Birmingham,supercar track day,0,0,0,2026-06-16
Q000511,GB,London,crossfit,13,1,0,2026-06-22
Q000512,GB,London,paontball,2,0,0,2026-06-05
Q000513,GB,Glasgow,shark divong,0,0,0,2026-06-22
Q000514,GB,Manchester,sports massage,23,1,1,2026-06-02
Q000515,GB,Manchester,supercar track day,0,0,0,2026-06-12
Q000516,GB,Birmingham,sushi,25,0,0,2026-06-20
Q000517,GB,London,eyelash extensions,2,0,0,2026-06-18
Q000518,GB,London,helicopter tour,0,0,0,2026-06-07
Q000519,GB,Birmingham,bowling,0,0,0,2026-06-04
Q000520,GB,London,manicure,4,1,0,2026-06-23
Q000521,GB,Birmingham,shark diving,0,0,0,2026-06-28
Q000522,GB,London,suushi,2,0,0,2026-06-07
Q000523,GB,Birmingham,indian restaurant,19,1,0,2026-06-03
Q000524,GB,Birmingham,shark diving,0,0,0,2026-06-22
Q000525,GB,Birmingham,hot air balloon ride,0,0,0,2026-06-29
Q000526,GB,Manchester,haircut,15,1,0,2026-06-25
Q000527,GB,Manchester,plates,13,0,0,2026-06-10
Q000528,GB,Manchester,thai massage,1,0,0,2026-06-13
Q000529,GB,Manchester,personal trainer,25,1,0,2026-06-23
Q000530,GB,Glasgow,bowling,2,1,0,2026-06-08
Q000531,GB,London,indian restaurant,9,1,1,2026-06-12
Q000532,GB,London,sushi,15,0,0,2026-06-07
Q000533,GB,London,crossfit,25,1,0,2026-06-14
Q000534,GB,London,go karting,17,0,0,2026-06-12
Q000535,GB,Manchester,sushi,8,0,0,2026-06-14
Q000536,GB,London,escape room,7,0,0,2026-06-04
Q000537,GB,London,indian restaurant,10,1,1,2026-06-04
Q000538,GB,London,paintball,2,0,0,2026-06-11
Q000539,GB,London,skydiving,0,0,0,2026-06-27
Q000540,GB,Birmingham,go karting,1,0,0,2026-06-07
Q000541,GB,Birmingham,shark diving,0,0,0,2026-06-03
Q000542,GB,London,supercar track day,0,0,0,2026-06-21
Q000543,GB,Manchester,hair colour,10,1,1,2026-06-18
Q000544,GB,Birmingham,manicure,6,1,0,2026-06-18
Q000545,GB,Manchester,helicopter tour,0,0,0,2026-06-06
Q000546,GB,Manchester,shark diving,0,0,0,2026-06-21
Q000547,GB,Manchester,supercar track day,0,0,0,2026-06-12
Q000548,GB,London,haircut,8,0,0,2026-06-07
Q000549,GB,Birmingham,thai massage,1,0,0,2026-06-13
Q000550,GB,Manchester,yoga class,18,0,0,2026-06-24
Q000551,GB,London,couples massage,2,0,0,2026-06-04
Q000552,GB,Birmingham,facial,0,0,0,2026-06-02
Q000553,GB,London,haircut,30,0,0,2026-06-28
Q000554,GB,London,city tour,39,0,0,2026-06-24
Q000555,GB,London,yoga class,2,0,0,2026-06-05
Q000556,GB,Glasgow,eyelash extensions,4,0,0,2026-06-29
Q000557,GB,Birmingham,hair colour,18,1,1,2026-06-01
Q000558,GB,Manchester,supercar track day,0,0,0,2026-06-20
Q000559,GB,London,brunch,0,0,0,2026-06-15
Q000560,GB,Birmingham,brunch,15,0,0,2026-06-24
Q000561,GB,Manchester,steak dinner,5,1,0,2026-06-21
Q000562,GB,Birmingham,couples massage,9,1,0,2026-06-15
Q000563,GB,Glasgow,skydiving,0,0,0,2026-06-28
Q000564,GB,Glasgow,indian restaurant,0,0,0,2026-06-12
Q000565,GB,London,bowling,16,1,1,2026-06-20
Q000566,GB,Glasgow,couplesmassage,23,0,0,2026-06-04
Q000567,GB,Glasgow,gym,0,0,0,2026-06-25
Q000568,GB,London,supercar track day,0,0,0,2026-06-05
Q000569,GB,London,suhi,21,0,0,2026-06-20
Q000570,GB,London,hot air balloon ride,0,0,0,2026-06-09
Q000571,GB,Manchester,haircuut,20,1,0,2026-06-29
Q000572,GB,Glasgow,gym,18,1,1,2026-06-24
Q000573,GB,Manchester,hair colour,22,0,0,2026-06-23
Q000574,GB,Birmingham,steak dinner,0,0,0,2026-06-19
Q000575,GB,Birmingham,thai massage,13,0,0,2026-06-02
Q000576,GB,Manchester,manicure,25,1,0,2026-06-21
Q000577,GB,London,escape room,2,0,0,2026-06-16
Q000578,GB,Manchester,skydiving,0,0,0,2026-06-12
Q000579,GB,Manchester,hot air balloon ride,0,0,0,2026-06-11
Q000580,GB,London,back massage,0,0,0,2026-06-24
Q000581,GB,Birmingham,couples massage,11,1,0,2026-06-09
Q000582,GB,London,brunch,25,0,0,2026-06-12
Q000583,GB,Manchester,sports massage,20,0,0,2026-06-16
Q000584,GB,London,manicure,1,0,0,2026-06-04
Q000585,GB,London,pilates,17,1,0,2026-06-08
Q000586,GB,London,hair colour,2,0,0,2026-06-13
Q000587,GB,London,escape room,16,1,0,2026-06-11
Q000588,GB,London,bowuing,8,0,0,2026-06-08
Q000589,GB,Birmingham,hot air balloon ride,0,0,0,2026-06-22
Q000590,GB,London,paintball,0,0,0,2026-06-20
Q000591,GB,London,personal trainer,0,0,0,2026-06-17
Q000592,GB,Birmingham,deep tissue massage,2,0,0,2026-06-12
Q000593,GB,London,heliccopter tour,0,0,0,2026-06-30
Q000594,GB,London,crossfit,1,0,0,2026-06-18
Q000595,GB,Birmingham,crossfit,16,1,0,2026-06-27
Q000596,GB,London,personal trainer,37,0,0,2026-06-03
Q000597,GB,London,escape room,15,1,0,2026-06-10
Q000598,GB,Birmingham,pizza deal,9,1,1,2026-06-26
Q000599,GB,London,supercar track day,0,0,0,2026-06-01
Q000600,GB,Manchester,crossfit,1,0,0,2026-06-29
Q000601,GB,London,pilates,2,0,0,2026-06-11
Q000602,GB,Glasgow,hair colour,22,1,0,2026-06-10
Q000603,GB,London,gym,20,1,1,2026-06-21
Q000604,GB,London,hot air balloon ride,0,0,0,2026-06-29
Q000605,GB,Manchester,helicopter tour,0,0,0,2026-06-21
Q000606,GB,Birmingham,steak dinner,22,1,0,2026-06-20
Q000607,GB,London,hair colour,2,0,0,2026-06-12
Q000608,GB,Manchester,hair colour,26,0,0,2026-06-19
Q000609,GB,Glasgow,helicopter tour,0,0,0,2026-06-13
Q000610,GB,Birmingham,sports massage,2,0,0,2026-06-09
Q000611,GB,Manchester,supercr track day,0,0,0,2026-06-17
Q000612,GB,London,pizza deal,9,1,1,2026-06-02
Q000613,GB,Manchester,pizza deal,0,0,0,2026-06-09
Q000614,GB,London,gym,10,0,0,2026-06-23
Q000615,GB,Birmingham,escape room,6,0,0,2026-06-08
Q000616,GB,London,city tour,0,0,0,2026-06-27
Q000617,GB,London,deep tissue massage,0,0,0,2026-06-28
Q000618,GB,Manchester,sushi,17,1,0,2026-06-06
Q000619,GB,London,back massage,15,1,0,2026-06-05
Q000620,GB,London,skydiving,0,0,0,2026-06-12
Q000621,GB,Birmingham,sports massage,15,1,0,2026-06-17
Q000622,GB,Manchester,escape room,6,0,0,2026-06-11
Q000623,GB,London,manicure,1,0,0,2026-06-22
Q000624,GB,Birmingham,skydiving,0,0,0,2026-06-16
Q000625,GB,Glasgow,indian restaurant,1,0,0,2026-06-13
Q000626,GB,Manchester,gym,0,0,0,2026-06-17
Q000627,GB,London,brunch,28,1,0,2026-06-05
Q000628,GB,London,thai massage,29,1,0,2026-06-06
Q000629,GB,Glasgow,haircut,4,0,0,2026-06-17
Q000630,GB,London,facial,0,0,0,2026-06-15
Q000631,GB,London,couples massage,11,1,0,2026-06-11
Q000632,GB,London,supercar track day,0,0,0,2026-06-07
Q000633,GB,Manchester,supercar track day,0,0,0,2026-06-14
Q000634,GB,London,hair colour,9,1,0,2026-06-09
Q000635,GB,London,steak dinner,2,0,0,2026-06-26
Q000636,GB,Manchester,eyelash extensions,12,0,0,2026-06-29
Q000637,GB,Manchester,eyelash extensions,5,1,1,2026-06-03
Q000638,GB,Birmingham,helicopter tour,0,0,0,2026-06-21
Q000639,GB,Glasgow,pizza deal,1,0,0,2026-06-24
Q000640,GB,London,manicure,24,1,0,2026-06-29
Q000641,GB,London,helicopter tour,0,0,0,2026-06-17
Q000642,GB,Manchester,personal trainer,16,0,0,2026-06-05
Q000643,GB,Manchester,couples massage,0,0,0,2026-06-26
Q000644,GB,Glasgow,supercar track day,0,0,0,2026-06-13
Q000645,GB,Birmingham,paintball,17,0,0,2026-06-28
Q000646,GB,London,eyelash extensions,2,0,0,2026-06-01
Q000647,GB,London,supercar track day,0,0,0,2026-06-07
Q000648,GB,London,sushi,12,1,1,2026-06-27
Q000649,GB,London,sushi,19,1,0,2026-06-22
Q000650,GB,London,yoga class,24,1,0,2026-06-24
Q000651,GB,London,haircuut,30,0,0,2026-06-03
Q000652,GB,Birmingham,thai massage,1,0,0,2026-06-20
Q000653,GB,Glasgow,inddian restaurant,18,0,0,2026-06-29
Q000654,GB,London,pizza deal,16,0,0,2026-06-22
Q000655,GB,Manchester,yoga class,0,0,0,2026-06-28
Q000656,GB,London,deep tissue massage,1,0,0,2026-06-26
Q000657,GB,Glasgow,hot air balloon ride,0,0,0,2026-06-03
Q000658,GB,London,pilates,2,0,0,2026-06-07
Q000659,GB,London,bowling,1,0,0,2026-06-23
Q000660,GB,London,escape room,19,1,1,2026-06-02
Q000661,GB,Manchester,hot air balloon ride,0,0,0,2026-06-01
Q000662,GB,Glasgow,facial,1,0,0,2026-06-28
Q000663,GB,Manchester,back massage,23,1,1,2026-06-14
Q000664,GB,Birmingham,hair colour,0,0,0,2026-06-29
Q000665,GB,Manchester,skydiving,0,0,0,2026-06-01
Q000666,GB,Glasgow,facial,17,0,0,2026-06-15
Q000667,GB,Glasgow,go karting,10,1,1,2026-06-05
Q000668,GB,Manchester,crrossfit,6,0,0,2026-06-22
Q000669,GB,Birmingham,go kartiing,1,0,0,2026-06-20
Q000670,GB,Birmingham,skydiving,0,0,0,2026-06-29
Q000671,GB,London,pizza deal,1,0,0,2026-06-18
Q000672,GB,London,brunch,2,0,0,2026-06-30
Q000673,GB,Manchester,deep tissue massage,2,0,0,2026-06-21
Q000674,GB,Glasgow,go karuing,0,0,0,2026-06-15
Q000675,GB,London,hot air balloon ride,0,0,0,2026-06-02
Q000676,GB,London,supercar track day,0,0,0,2026-06-16
Q000677,GB,London,hot air balloon ride,0,0,0,2026-06-12
Q000678,GB,Birmingham,yoga class,13,0,0,2026-06-20
Q000679,GB,Birmingham,hot air balloon ride,0,0,0,2026-06-15
Q000680,GB,London,city tour,0,0,0,2026-06-09
Q000681,GB,London,hair colour,21,1,0,2026-06-06
Q000682,GB,London,supercar track day,0,0,0,2026-06-04
Q000683,GB,London,shark diving,0,0,0,2026-06-24
Q000684,GB,London,pizza deal,15,0,0,2026-06-16
Q000685,GB,Glasgow,manicure,15,1,1,2026-06-25
Q000686,GB,London,sushi,1,0,0,2026-06-15
Q000687,GB,Birmingham,steak ddinner,2,0,0,2026-06-29
Q000688,GB,Glasgow,suercar track day,0,0,0,2026-06-04
Q000689,GB,London,paintball,2,0,0,2026-06-05
Q000690,GB,London,eyelash extensions,0,0,0,2026-06-27
Q000691,GB,Birmingham,thai massage,20,1,0,2026-06-18
Q000692,GB,London,supercar track day,0,0,0,2026-06-07
Q000693,GB,London,hair colour,1,0,0,2026-06-05
Q000694,GB,London,sushi,2,0,0,2026-06-15
Q000695,GB,Birmingham,facial,2,0,0,2026-06-01
Q000696,GB,London,sports massage,17,1,1,2026-06-13
Q000697,GB,Glasgow,couples massage,2,0,0,2026-06-17
Q000698,GB,Birmingham,skydiving,0,0,0,2026-06-25
Q000699,GB,Birmingham,bowling,24,1,0,2026-06-10
Q000700,GB,Manchester,facial,20,1,0,2026-06-30
Q000701,GB,Birmingham,shark diving,0,0,0,2026-06-02
Q000702,GB,London,steak dinner,17,1,0,2026-06-22
Q000703,GB,London,supercar track day,0,0,0,2026-06-20
Q000704,GB,London,bowling,0,0,0,2026-06-28
Q000705,GB,London,escape room,1,0,0,2026-06-07
Q000706,GB,London,brunch,21,1,1,2026-06-12
Q000707,GB,Birmingham,steak dinner,0,0,0,2026-06-10
Q000708,GB,Manchester,crossfit,25,0,0,2026-06-04
Q000709,GB,London,city tour,5,0,0,2026-06-19
Q000710,GB,London,hair colour,25,0,0,2026-06-16
Q000711,GB,Birmingham,pizza deal,7,1,0,2026-06-26
Q000712,GB,London,skydiving,0,0,0,2026-06-15
Q000713,GB,London,manicure,1,0,0,2026-06-05
Q000714,GB,Birmingham,gym,13,0,0,2026-06-03
Q000715,GB,Manchester,eyelash extensions,8,0,0,2026-06-05
Q000716,GB,Birmingham,shark diving,0,0,0,2026-06-07
Q000717,GB,London,go karting,1,0,0,2026-06-28
Q000718,GB,London,personal trainer,6,1,1,2026-06-20
Q000719,GB,London,sports massage,1,0,0,2026-06-13
Q000720,GB,Glasgow,personal trainer,2,1,0,2026-06-12
Q000721,GB,London,go karting,18,1,0,2026-06-18
Q000722,GB,Manchester,skyddiving,0,0,0,2026-06-12
Q000723,GB,London,steak dinner,0,0,0,2026-06-26
Q000724,GB,London,personal trainer,13,0,0,2026-06-19
Q000725,GB,Birmingham,helicopter tour,0,0,0,2026-06-11
Q000726,GB,Manchester,eyelash extensions,1,0,0,2026-06-21
Q000727,GB,Manchester,city tour,1,0,0,2026-06-25
Q000728,GB,London,gym,1,0,0,2026-06-05
Q000729,GB,London,couples massage,2,0,0,2026-06-30
Q000730,GB,Glasgow,pizza deal,20,0,0,2026-06-26
Q000731,GB,Birmingham,paintball,2,0,0,2026-06-21
Q000732,GB,London,deep tissue massage,0,0,0,2026-06-29
Q000733,GB,London,sports massage,6,1,1,2026-06-15
Q000734,GB,London,back massage,1,0,0,2026-06-14
Q000735,GB,Birmingham,go karting,11,1,1,2026-06-22
Q000736,GB,London,eyelash extensions,22,0,0,2026-06-13
Q000737,GB,London,yoga class,1,1,0,2026-06-30
Q000738,GB,Birmingham,city tour,1,0,0,2026-06-20
Q000739,GB,Birmingham,couples massage,4,0,0,2026-06-18
Q000740,GB,Birmingham,sports massage,16,1,0,2026-06-15
Q000741,GB,London,thai massage,0,0,0,2026-06-30
Q000742,GB,London,deep tissue massage,0,0,0,2026-06-22
Q000743,GB,London,manicure,20,0,0,2026-06-06
Q000744,GB,Manchester,hot air balloon ride,0,0,0,2026-06-06
Q000745,GB,London,hot air balloon ride,0,0,0,2026-06-17
Q000746,GB,London,couples massage,1,0,0,2026-06-21
Q000747,GB,London,pilates,2,0,0,2026-06-15
Q000748,GB,London,brunch,31,0,0,2026-06-15
Q000749,GB,London,brunch,1,1,1,2026-06-22
Q000750,GB,Birmingham,bowling,25,1,1,2026-06-15
Q000751,GB,London,gym,23,1,0,2026-06-03
Q000752,GB,Birmingham,sushi,23,0,0,2026-06-16
Q000753,GB,Birmingham,pilates,13,1,0,2026-06-08
Q000754,GB,Manchester,back massage,1,0,0,2026-06-07
Q000755,GB,London,yoga class,0,0,0,2026-06-19
Q000756,GB,London,hot air balloon ride,0,0,0,2026-06-27
Q000757,GB,Birmingham,escape room,17,0,0,2026-06-18
Q000758,GB,London,city tour,0,0,0,2026-06-11
Q000759,GB,Manchester,skydiving,0,0,0,2026-06-10
Q000760,GB,London,personal trainer,6,1,0,2026-06-28
Q000761,GB,Glasgow,indian restaurant,13,0,0,2026-06-23
Q000762,GB,London,go iarting,1,0,0,2026-06-20
Q000763,GB,London,back massage,0,0,0,2026-06-05
Q000764,GB,Glasgow,go karting,39,0,0,2026-06-07
Q000765,GB,London,crossfit,22,1,0,2026-06-28
Q000766,GB,Birmingham,supercar track day,0,0,0,2026-06-08
Q000767,GB,Manchester,personal trainer,23,1,1,2026-06-21
Q000768,GB,London,hair color,1,0,0,2026-06-29
Q000769,GB,Birmingham,boeling,7,0,0,2026-06-06
Q000770,GB,London,gym,19,1,0,2026-06-25
Q000771,GB,London,city tour,25,0,0,2026-06-07
Q000772,GB,London,hair colour,2,0,0,2026-06-09
Q000773,GB,Birmingham,hair colour,0,0,0,2026-06-14
Q000774,GB,Birmingham,helicopter tour,0,0,0,2026-06-23
Q000775,GB,Birmingham,thai massage,4,0,0,2026-06-13
Q000776,GB,Birmingham,sports massage,0,0,0,2026-06-20
Q000777,GB,London,pilates,12,1,0,2026-06-14
Q000778,GB,London,bowling,0,0,0,2026-06-19
Q000779,GB,Manchester,maniccure,2,0,0,2026-06-23
Q000780,GB,London,back massage,25,1,0,2026-06-19
Q000781,GB,Birmingham,haircut,6,1,1,2026-06-05
Q000782,GB,Birmingham,facial,1,0,0,2026-06-08
Q000783,GB,Manchester,skydiving,0,0,0,2026-06-21
Q000784,GB,Birmingham,supercar track day,0,0,0,2026-06-10
Q000785,GB,Manchester,brunch,17,1,0,2026-06-04
Q000786,GB,London,skydiving,0,0,0,2026-06-22
Q000787,GB,London,skydiving,0,0,0,2026-06-06
Q000788,GB,Birmingham,pizza deal,13,1,1,2026-06-02
Q000789,GB,London,escape room,12,1,0,2026-06-29
Q000790,GB,London,paintball,8,1,0,2026-06-26
Q000791,GB,London,eyelasa extensions,9,0,0,2026-06-07
Q000792,GB,London,indian restaurant,4,1,0,2026-06-16
Q000793,GB,London,brunch,4,1,0,2026-06-25
Q000794,GB,London,hot air balloon ride,0,0,0,2026-06-20
Q000795,GB,London,manicure,7,1,0,2026-06-07
Q000796,GB,Birmingham,couples massage,0,0,0,2026-06-12
Q000797,GB,Manchester,city tour,1,0,0,2026-06-13
Q000798,GB,Birmingham,paintball,2,0,0,2026-06-28
Q000799,GB,Manchester,indian restaurant,2,0,0,2026-06-20
Q000800,GB,London,city tour,25,1,0,2026-06-02
Q000801,GB,Glasgow,hairut,18,1,0,2026-06-25
Q000802,GB,Manchester,pilates,2,0,0,2026-06-16
Q000803,GB,Birmingham,bowling,0,0,0,2026-06-25
Q000804,GB,Birmingham,couples massage,16,1,1,2026-06-08
Q000805,GB,London,brunch,1,0,0,2026-06-27
Q000806,GB,London,eyelash extensions,9,1,0,2026-06-20
Q000807,GB,Manchester,sushi,14,0,0,2026-06-15
Q000808,GB,London,brunch,13,1,1,2026-06-17
Q000809,GB,London,steak dinner,25,1,1,2026-06-06
Q000810,GB,London,thai massage,39,0,0,2026-06-15
Q000811,GB,Manchester,sushi,1,1,0,2026-06-05
Q000812,GB,Manchester,pizza deal,1,0,0,2026-06-21
Q000813,GB,Glasgow,yoga class,2,0,0,2026-06-17
Q000814,GB,London,skydiving,0,0,0,2026-06-04
Q000815,GB,London,brunch,1,1,0,2026-06-16
Q000816,GB,Manchester,pilates,29,0,0,2026-06-09
Q000817,GB,London,hot air balloon ride,0,0,0,2026-06-10
Q000818,GB,Birmingham,personal trainer,0,0,0,2026-06-03
Q000819,GB,London,deep tissue massage,12,1,0,2026-06-22
Q000820,GB,Manchester,indian restaurant,9,0,0,2026-06-28
Q000821,GB,Manchester,facial,26,0,0,2026-06-22
Q000822,GB,London,pizza deal,0,0,0,2026-06-18
Q000823,GB,Manchester,indian restaurant,2,0,0,2026-06-28
Q000824,GB,Birmingham,eyelash extensions,0,0,0,2026-06-29
Q000825,GB,London,couples massage,1,0,0,2026-06-10
Q000826,GB,London,supercar track day,0,0,0,2026-06-10
Q000827,GB,Manchester,indian restaurant,25,1,0,2026-06-10
Q000828,GB,London,haircut,14,0,0,2026-06-27
Q000829,GB,London,thai massage,1,0,0,2026-06-24
Q000830,GB,London,haircuut,0,0,0,2026-06-13
Q000831,GB,London,shark diving,0,0,0,2026-06-26
Q000832,GB,London,brunch,2,0,0,2026-06-27
Q000833,GB,Birmingham,personal trainer,0,0,0,2026-06-16
Q000834,GB,Glasgow,gym,7,0,0,2026-06-06
Q000835,GB,Glasgow,pilates,15,0,0,2026-06-29
Q000836,GB,Manchester,city tour,1,0,0,2026-06-28
Q000837,GB,Manchester,skydiving,0,0,0,2026-06-16
Q000838,GB,London,steak dinner,16,0,0,2026-06-29
Q000839,GB,London,paintball,28,0,0,2026-06-14
Q000840,GB,London,hair colour,0,0,0,2026-06-26
Q000841,GB,London,back massage,9,1,0,2026-06-17
Q000842,GB,London,bowling,9,1,1,2026-06-14
Q000843,GB,London,hot air balloon ride,0,0,0,2026-06-04
Q000844,GB,Birmingham,sports massage,0,0,0,2026-06-15
Q000845,GB,Birmingham,paintball,20,1,1,2026-06-19
Q000846,GB,London,supercar track day,0,0,0,2026-06-20
Q000847,GB,Birmingham,yoga class,22,1,0,2026-06-23
Q000848,GB,London,pilates,2,0,0,2026-06-07
Q000849,GB,Manchester,shark diving,0,0,0,2026-06-13
Q000850,GB,Manchester,hair colour,17,0,0,2026-06-16
Q000851,GB,London,escape room,5,0,0,2026-06-22
Q000852,GB,Birmingham,skydiving,0,0,0,2026-06-08
Q000853,GB,Manchester,city tor,21,0,0,2026-06-21
Q000854,GB,Manchester,hot air balloon ride,0,0,0,2026-06-17
Q000855,GB,Birmingham,couples massage,0,0,0,2026-06-29
Q000856,GB,London,gym,7,1,0,2026-06-06
Q000857,GB,Manchester,gym,22,1,0,2026-06-21
Q000858,GB,London,sushi,38,0,0,2026-06-09
Q000859,GB,London,hair colour,0,0,0,2026-06-23
Q000860,GB,Birmingham,facial,1,0,0,2026-06-20
Q000861,GB,Manchester,back massage,14,1,0,2026-06-26
Q000862,GB,London,shark diving,0,0,0,2026-06-23
Q000863,GB,London,pilates,1,0,0,2026-06-02
Q000864,GB,London,go karting,5,0,0,2026-06-17
Q000865,GB,London,hair colour,2,1,1,2026-06-24
Q000866,GB,London,back massage,6,0,0,2026-06-09
Q000867,GB,Birmingham,eyelash extensions,1,0,0,2026-06-01
Q000868,GB,Manchester,hot air balloon ride,0,0,0,2026-06-23
Q000869,GB,Manchester,brunch,25,0,0,2026-06-18
Q000870,GB,London,pilates,23,0,0,2026-06-02
Q000871,GB,Birmingham,backk massage,20,1,0,2026-06-26
Q000872,GB,London,pilates,21,1,0,2026-06-28
Q000873,GB,Manchester,helicopter tour,0,0,0,2026-06-16
Q000874,GB,Manchester,eyelash extensions,23,1,0,2026-06-03
Q000875,GB,London,hot air balloon ride,0,0,0,2026-06-15
Q000876,GB,London,couples massage,18,0,0,2026-06-29
Q000877,GB,London,supercar track day,0,0,0,2026-06-28
Q000878,GB,London,hair colour,8,0,0,2026-06-08
Q000879,GB,London,shark diving,0,0,0,2026-06-16
Q000880,GB,Manchester,haircut,23,0,0,2026-06-14
Q000881,GB,Birmingham,escape room,6,1,1,2026-06-27
Q000882,GB,Manchester,hot air balloon ride,0,0,0,2026-06-30
Q000883,GB,London,brunch,21,0,0,2026-06-13
Q000884,GB,Birmingham,paintball,1,1,0,2026-06-19
Q000885,GB,London,paintball,1,1,0,2026-06-17
Q000886,GB,London,sports massage,13,1,0,2026-06-04
Q000887,GB,London,yoga class,1,0,0,2026-06-12
Q000888,GB,Glasgow,manicure,20,1,0,2026-06-11
Q000889,GB,London,brunch,8,0,0,2026-06-20
Q000890,GB,London,helicopter tour,0,0,0,2026-06-03
Q000891,GB,London,supercar track day,0,0,0,2026-06-11
Q000892,GB,London,facial,32,0,0,2026-06-17
Q000893,GB,London,yoga class,18,1,0,2026-06-05
Q000894,GB,Manchester,sports massage,17,0,0,2026-06-12
Q000895,GB,London,escape room,15,0,0,2026-06-15
Q000896,GB,Glasgow,sushi,15,0,0,2026-06-23
Q000897,GB,London,city tour,2,0,0,2026-06-25
Q000898,GB,London,haircut,7,1,1,2026-06-23
Q000899,GB,Glasgow,shark diving,0,0,0,2026-06-08
Q000900,GB,Manchester,personal trainer,2,0,0,2026-06-19
Q000901,GB,London,haircut,16,0,0,2026-06-07
Q000902,GB,London,manicure,16,0,0,2026-06-24
Q000903,GB,Birmingham,pizza deal,38,0,0,2026-06-27
Q000904,GB,London,eyelash extensions,1,0,0,2026-06-19
Q000905,GB,Manchester,shark diving,0,0,0,2026-06-05
Q000906,GB,London,paintball,21,1,0,2026-06-15
Q000907,GB,Birmingham,manicure,9,1,0,2026-06-26
Q000908,GB,London,go karting,23,0,0,2026-06-01
Q000909,GB,London,back massage,2,0,0,2026-06-07
Q000910,GB,London,brnch,17,0,0,2026-06-06
Q000911,GB,Birmingham,hot air balloon ride,0,0,0,2026-06-14
Q000912,GB,London,crossfit,25,1,0,2026-06-06
Q000913,GB,Birmingham,yoga class,1,1,0,2026-06-27
Q000914,GB,London,facial,27,1,0,2026-06-11
Q000915,GB,London,sushi,1,0,0,2026-06-06
Q000916,GB,London,helicopter tour,0,0,0,2026-06-24
Q000917,GB,Glasgow,paintball,23,0,0,2026-06-30
Q000918,GB,Manchester,deep tissue massage,12,1,0,2026-06-18
Q000919,GB,London,skydiving,0,0,0,2026-06-18
Q000920,GB,London,couples massage,1,0,0,2026-06-17
Q000921,GB,London,facial,0,0,0,2026-06-20
Q000922,GB,London,personal trainer,14,1,0,2026-06-11
Q000923,GB,London,escape room,8,1,0,2026-06-07
Q000924,GB,London,shark ddiving,0,0,0,2026-06-06
Q000925,GB,Manchester,indian restaurant,12,0,0,2026-06-26
Q000926,GB,London,skydiving,0,0,0,2026-06-06
Q000927,GB,Manchester,yoga class,8,0,0,2026-06-14
Q000928,GB,London,city tour,1,0,0,2026-06-14
Q000929,GB,Manchester,indian restaurant,1,0,0,2026-06-06
Q000930,GB,London,hot air balloon ride,0,0,0,2026-06-21
Q000931,GB,London,facial,20,0,0,2026-06-14
Q000932,GB,Glasgow,steak dinner,12,1,0,2026-06-10
Q000933,GB,London,couples massage,7,1,0,2026-06-22
Q000934,GB,Manchester,indian restaurant,25,0,0,2026-06-28
Q000935,GB,London,paintball,11,1,0,2026-06-09
Q000936,GB,London,sushi,18,0,0,2026-06-12
Q000937,GB,London,escape room,6,1,1,2026-06-03
Q000938,GB,London,bowling,18,0,0,2026-06-10
Q000939,GB,London,escape room,2,0,0,2026-06-09
Q000940,GB,Manchester,go karting,30,1,0,2026-06-05
Q000941,GB,London,paintball,16,1,1,2026-06-14
Q000942,GB,Manchester,steak dinner,0,0,0,2026-06-19
Q000943,GB,London,shark diving,0,0,0,2026-06-29
Q000944,GB,London,couples massage,16,0,0,2026-06-21
Q000945,GB,London,go karting,24,0,0,2026-06-16
Q000946,GB,London,thai massage,0,0,0,2026-06-28
Q000947,GB,London,sports massage,22,1,0,2026-06-19
Q000948,GB,London,hot air balloon ride,0,0,0,2026-06-20
Q000949,GB,Manchester,bowling,0,0,0,2026-06-21
Q000950,GB,London,eyelash extensions,0,0,0,2026-06-17
Q000951,GB,London,deep tissue massage,19,0,0,2026-06-17
Q000952,GB,London,indian restaurant,2,0,0,2026-06-18
Q000953,GB,Manchester,eyelash extensions,23,1,1,2026-06-11
Q000954,GB,Manchester,supercar track day,0,0,0,2026-06-01
Q000955,GB,Birmingham,personal trainer,0,0,0,2026-06-23
Q000956,GB,Manchester,shark diving,0,0,0,2026-06-30
Q000957,GB,London,hair colour,16,0,0,2026-06-21
Q000958,GB,London,facial,0,0,0,2026-06-01
Q000959,GB,Manchester,sushi,8,0,0,2026-06-28
Q000960,GB,London,go karting,18,1,0,2026-06-07
Q000961,GB,Birmingham,steak dinner,2,0,0,2026-06-09
Q000962,GB,Glasgow,deep tissue massage,2,0,0,2026-06-23
Q000963,GB,London,helicopter tour,0,0,0,2026-06-06
Q000964,GB,Birmingham,steak dinner,39,0,0,2026-06-20
Q000965,GB,London,manicure,8,1,0,2026-06-18
Q000966,GB,Birmingham,pilates,20,1,0,2026-06-17
Q000967,GB,Manchester,bowling,2,0,0,2026-06-14
Q000968,GB,London,indian restaurant,16,0,0,2026-06-10
Q000969,GB,Birmingham,skydiving,0,0,0,2026-06-12
Q000970,GB,Manchester,thai massage,12,1,0,2026-06-20
Q000971,GB,Manchester,crossfit,2,0,0,2026-06-20
Q000972,GB,London,skydiving,0,0,0,2026-06-13
Q000973,GB,Birmingham,thai massage,11,0,0,2026-06-29
Q000974,GB,London,go karting,0,0,0,2026-06-08
Q000975,GB,Birmingham,gym,14,0,0,2026-06-04
Q000976,GB,London,pilates,4,1,0,2026-06-05
Q000977,GB,Manchester,helicopter tour,0,0,0,2026-06-11
Q000978,GB,Manchester,hair colour,2,0,0,2026-06-23
Q000979,GB,Birmingham,helicopter tour,0,0,0,2026-06-24
Q000980,GB,London,helicopter tour,0,0,0,2026-06-21
Q000981,GB,Birmingham,crossfit,13,1,0,2026-06-04
Q000982,GB,Birmingham,bowling,22,0,0,2026-06-29
Q000983,GB,Glasgow,bowling,1,0,0,2026-06-09
Q000984,GB,Manchester,manicure,12,1,0,2026-06-28
Q000985,GB,Birmingham,haircut,0,0,0,2026-06-27
Q000986,GB,London,gym,0,0,0,2026-06-21
Q000987,GB,Birmingham,crossfit,22,1,1,2026-06-09
Q000988,GB,Glasgow,skydiving,0,0,0,2026-06-22
Q000989,GB,London,sushi,36,0,0,2026-06-29
Q000990,GB,Manchester,supercar  track day,0,0,0,2026-06-14
Q000991,GB,London,back massage,5,1,0,2026-06-15
Q000992,GB,London,skydiving,0,0,0,2026-06-11
Q000993,GB,Manchester,couples massage,4,1,1,2026-06-24
Q000994,GB,Birmingham,indian restaurant,20,0,0,2026-06-06
Q000995,GB,London,sports massage,20,1,1,2026-06-29
Q000996,GB,London,brunch,2,0,0,2026-06-17
Q000997,GB,Manchester,helicopter tour,0,0,0,2026-06-22
Q000998,GB,Manchester,indian restaurant,0,0,0,2026-06-26
Q000999,GB,Manchester,paintball,23,0,0,2026-06-08
Q001000,GB,Manchester,go karting,27,0,0,2026-06-07
Q001001,GB,Glasgow,skydiving,0,0,0,2026-06-09
Q001002,GB,London,couplles massage,0,0,0,2026-06-19
Q001003,GB,London,supercar track day,0,0,0,2026-06-20
Q001004,GB,Birmingham,hair colour,23,1,0,2026-06-01
Q001005,GB,Manchester,indian restaurant,24,1,0,2026-06-01
Q001006,GB,London,sports massage,39,0,0,2026-06-05
Q001007,GB,London,gym,20,0,0,2026-06-05
Q001008,GB,Birmingham,personal trainer,22,0,0,2026-06-06
Q001009,GB,London,personal trainer,2,0,0,2026-06-23
Q001010,GB,Birmingham,hair colour,18,1,0,2026-06-15
Q001011,GB,Birmingham,deep tissue massage,24,1,0,2026-06-03
Q001012,GB,London,haircut,2,0,0,2026-06-04
Q001013,GB,London,manicure,13,0,0,2026-06-08
Q001014,GB,London,back massage,11,1,0,2026-06-23
Q001015,GB,London,deep tissue massage,7,1,1,2026-06-16
Q001016,GB,London,paintball,21,1,0,2026-06-05
Q001017,GB,Birmingham,sports massage,18,1,0,2026-06-07
Q001018,GB,London,shark diving,0,0,0,2026-06-24
Q001019,GB,Birmingham,skydiving,0,0,0,2026-06-26
Q001020,GB,London,manicure,2,1,0,2026-06-30
Q001021,GB,Birmingham,hair colour,10,1,1,2026-06-17
Q001022,GB,London,escape room,0,0,0,2026-06-10
Q001023,GB,London,paintball,1,0,0,2026-06-26
Q001024,GB,London,supercar track day,0,0,0,2026-06-21
Q001025,GB,London,brunch,5,0,0,2026-06-21
Q001026,GB,London,prsonal trainer,2,1,0,2026-06-21
Q001027,GB,Glasgow,helicopter tour,0,0,0,2026-06-25
Q001028,GB,Birmingham,helicopter tour,0,0,0,2026-06-30
Q001029,GB,London,pilates,7,0,0,2026-06-12
Q001030,GB,London,sports massage,23,0,0,2026-06-05
Q001031,GB,London,back massage,2,0,0,2026-06-12
Q001032,GB,London,back massage,9,1,0,2026-06-01
Q001033,GB,Manchester,back massage,15,1,0,2026-06-15
Q001034,GB,Manchester,back massage,18,0,0,2026-06-02
Q001035,GB,London,escape room,1,0,0,2026-06-14
Q001036,GB,Glasgow,crossfit,2,0,0,2026-06-06
Q001037,GB,Birmingham,haircut,25,0,0,2026-06-22
Q001038,GB,London,thai massage,0,0,0,2026-06-24
Q001039,GB,London,crossfit,8,0,0,2026-06-23
Q001040,GB,London,personal trainer,2,0,0,2026-06-19
Q001041,GB,London,pilates,0,0,0,2026-06-02
Q001042,GB,London,crossfit,1,0,0,2026-06-12
Q001043,GB,London,shark diving,0,0,0,2026-06-21
Q001044,GB,London,yoga class,10,1,0,2026-06-27
Q001045,GB,Birmingham,eyelash extensions,11,1,0,2026-06-12
Q001046,GB,London,facial,0,0,0,2026-06-26
Q001047,GB,Birmingham,city tour,33,0,0,2026-06-02
Q001048,GB,Birmingham,shark diving,0,0,0,2026-06-24
Q001049,GB,Birmingham,go karting,19,0,0,2026-06-11
Q001050,GB,London,steak inner,14,1,0,2026-06-23
Q001051,GB,Manchester,couples massage,0,0,0,2026-06-22
Q001052,GB,Manchester,brunch,1,0,0,2026-06-24
Q001053,GB,Birmingham,gym,0,0,0,2026-06-20
Q001054,GB,London,pizza deal,2,0,0,2026-06-27
Q001055,GB,Manchester,brunch,9,0,0,2026-06-15
Q001056,GB,London,steak dinner,11,1,0,2026-06-12
Q001057,GB,Glasgow,facial,12,0,0,2026-06-02
Q001058,GB,Birmingham,helicopter tour,0,0,0,2026-06-11
Q001059,GB,London,thai massage,0,0,0,2026-06-17
Q001060,GB,London,steak dinner,24,0,0,2026-06-23
Q001061,GB,Manchester,crossfit,1,0,0,2026-06-08
Q001062,GB,Birmingham,sushi,24,1,0,2026-06-03
Q001063,GB,London,paintball,12,1,0,2026-06-10
Q001064,GB,Manchester,steakk dinner,2,0,0,2026-06-30
Q001065,GB,London,hot air balloon ride,0,0,0,2026-06-06
Q001066,GB,Birmingham,eyelash extensions,21,0,0,2026-06-11
Q001067,GB,London,shark diving,0,0,0,2026-06-28
Q001068,GB,Birmingham,eyelash extensions,2,0,0,2026-06-20
Q001069,GB,Birmingham,manicure,1,1,0,2026-06-15
Q001070,GB,London,back massage,9,0,0,2026-06-02
Q001071,GB,London,facial,6,1,1,2026-06-19
Q001072,GB,Glasgow,haircut,23,0,0,2026-06-24
Q001073,GB,London,hot air bballoon ride,0,0,0,2026-06-29
Q001074,GB,London,city tour,4,0,0,2026-06-26
Q001075,GB,London,bowling,21,0,0,2026-06-18
Q001076,GB,London,steak dinner,20,0,0,2026-06-30
Q001077,GB,Manchester,shark diving,0,0,0,2026-06-30
Q001078,GB,London,sharkk diving,0,0,0,2026-06-12
Q001079,GB,Manchester,sushi,0,0,0,2026-06-18
Q001080,GB,Glasgow,city tour,13,0,0,2026-06-28
Q001081,GB,Manchester,haircut,22,0,0,2026-06-09
Q001082,GB,Manchester,couples massage,2,1,0,2026-06-06
Q001083,GB,London,steak dinner,0,0,0,2026-06-24
Q001084,GB,London,escape room,5,0,0,2026-06-20
Q001085,GB,Manchester,personal trainer,1,0,0,2026-06-03
Q001086,GB,Birmingham,steak dinner,18,1,0,2026-06-09
Q001087,GB,Birmingham,brunch,0,0,0,2026-06-10
Q001088,GB,Manchester,eyelash extensions,17,0,0,2026-06-06
Q001089,GB,Manchester,hot air balloon ride,0,0,0,2026-06-24
Q001090,GB,London,personal tainer,13,0,0,2026-06-26
Q001091,GB,Manchester,couples massage,1,0,0,2026-06-15
Q001092,GB,Manchester,deep tissue massage,22,0,0,2026-06-23
Q001093,GB,Manchester,eaelash extensions,14,1,0,2026-06-08
Q001094,GB,London,personal traainer,12,1,0,2026-06-06
Q001095,GB,London,paintball,14,1,1,2026-06-17
Q001096,GB,London,sushi,5,0,0,2026-06-29
Q001097,GB,London,helicopter tour,0,0,0,2026-06-13
Q001098,GB,London,back massage,0,0,0,2026-06-18
Q001099,GB,Manchester,steak dinner,0,0,0,2026-06-15
Q001100,GB,London,helicopter tour,0,0,0,2026-06-23
Q001101,GB,London,sports massage,10,1,1,2026-06-22
Q001102,GB,London,shark diviing,0,0,0,2026-06-30
Q001103,GB,Glasgow,helicopter tour,0,0,0,2026-06-05
Q001104,GB,London,back massage,1,0,0,2026-06-21
Q001105,GB,London,thai massage,1,0,0,2026-06-12
Q001106,GB,London,gym,24,1,0,2026-06-14
Q001107,GB,London,facial,14,1,1,2026-06-10
Q001108,GB,Birmingham,facial,20,1,1,2026-06-19
Q001109,GB,Manchester,shark diving,0,0,0,2026-06-20
Q001110,GB,London,deep tissue massage,12,0,0,2026-06-23
Q001111,GB,Glasgow,deep tissue massage,0,0,0,2026-06-22
Q001112,GB,Glasgow,yoga class,22,1,1,2026-06-05
Q001113,GB,London,haircut,9,1,0,2026-06-05
Q001114,GB,Manchester,sushi,19,1,1,2026-06-26
Q001115,GB,Birmingham,sushi,15,1,1,2026-06-01
Q001116,GB,Manchester,escape room,0,0,0,2026-06-13
Q001117,GB,Birmingham,helicopter tour,0,0,0,2026-06-21
Q001118,GB,London,pilates,1,0,0,2026-06-16
Q001119,GB,London,deep tissue massage,18,0,0,2026-06-18
Q001120,GB,Birmingham,personal trainer,2,0,0,2026-06-14
Q001121,GB,London,indian restaurant,17,1,0,2026-06-26
Q001122,GB,Glasgow,pizza deal,13,0,0,2026-06-09
Q001123,GB,London,brunch,9,1,0,2026-06-03
Q001124,GB,Manchester,steak dinner,11,1,0,2026-06-26
Q001125,GB,Manchester,thai massage,21,1,1,2026-06-30
Q001126,GB,Manchester,gym,13,0,0,2026-06-12
Q001127,GB,London,steak dinner,0,0,0,2026-06-12
Q001128,GB,London,shark diving,0,0,0,2026-06-17
Q001129,GB,Glasgow,haircut,2,0,0,2026-06-07
Q001130,GB,Manchester,personal trainer,2,0,0,2026-06-15
Q001131,GB,Manchester,go karting,5,1,1,2026-06-11
Q001132,GB,Birmingham,personal trainer,39,0,0,2026-06-06
Q001133,GB,Manchester,haircut,2,0,0,2026-06-20
Q001134,GB,London,haircut,19,1,0,2026-06-28
Q001135,GB,Glasgow,hot air balloon ride,0,0,0,2026-06-11
Q001136,GB,Birmingham,shark diving,0,0,0,2026-06-03
Q001137,GB,London,hair colour,0,0,0,2026-06-20
Q001138,GB,London,helicopter tour,0,0,0,2026-06-08
Q001139,GB,Manchester,brunch,1,1,0,2026-06-08
Q001140,GB,Manchester,back massage,0,0,0,2026-06-01
Q001141,GB,Manchester,back massage,9,1,1,2026-06-16
Q001142,GB,London,crossfit,2,0,0,2026-06-05
Q001143,GB,Birmingham,supercar track dy,0,0,0,2026-06-19
Q001144,GB,Birmingham,steak dinner,16,0,0,2026-06-08
Q001145,GB,Manchester,back massage,2,0,0,2026-06-04
Q001146,GB,London,deep tissue aassage,0,0,0,2026-06-30
Q001147,GB,London,sports massage,9,1,0,2026-06-25
Q001148,GB,London,personal trainer,22,0,0,2026-06-03
Q001149,GB,Birmingham,supercar track day,0,0,0,2026-06-23
Q001150,GB,Manchester,manicure,0,0,0,2026-06-20
Q001151,GB,London,supercar track day,0,0,0,2026-06-10
Q001152,GB,Birmingham,skydiving,0,0,0,2026-06-09
Q001153,GB,London,couples massage,9,1,0,2026-06-12
Q001154,GB,London,yoga class,9,0,0,2026-06-22
Q001155,GB,Manchester,hot air balloon ride,0,0,0,2026-06-10
Q001156,GB,London,facial,1,1,1,2026-06-22
Q001157,GB,Manchester,yoga class,21,1,0,2026-06-24
Q001158,GB,Manchester,steak dinner,0,0,0,2026-06-21
Q001159,GB,London,skydiving,0,0,0,2026-06-15
Q001160,GB,London,steak dinner,0,0,0,2026-06-28
Q001161,GB,London,skydiving,0,0,0,2026-06-18
Q001162,GB,Manchester,city tour,1,0,0,2026-06-24
Q001163,GB,London,supercar track day,0,0,0,2026-06-13
Q001164,GB,Birmingham,helicopter tour,0,0,0,2026-06-24
Q001165,GB,Birmingham,skydiving,0,0,0,2026-06-17
Q001166,GB,London,eyelashextensions,9,0,0,2026-06-04
Q001167,GB,Birmingham,personal trainer,22,0,0,2026-06-17
Q001168,GB,London,shark diving,0,0,0,2026-06-11
Q001169,GB,London,skyiving,0,0,0,2026-06-29
Q001170,GB,Manchester,steak dinner,1,0,0,2026-06-01
Q001171,GB,London,couples massage,1,0,0,2026-06-26
Q001172,GB,London,go karting,22,0,0,2026-06-14
Q001173,GB,London,gym,18,1,0,2026-06-08
Q001174,GB,Birmingham,sushi,18,1,0,2026-06-24
Q001175,GB,Manchester,gym,15,0,0,2026-06-16
Q001176,GB,Birmingham,yoga class,2,0,0,2026-06-25
Q001177,GB,Birmingham,thai massage,2,0,0,2026-06-18
Q001178,GB,London,gym,27,1,0,2026-06-23
Q001179,GB,London,escape room,19,1,1,2026-06-17
Q001180,GB,London,skydiving,0,0,0,2026-06-17
Q001181,GB,London,sports massage,40,0,0,2026-06-06
Q001182,GB,Birmingham,couples massage,1,0,0,2026-06-08
Q001183,GB,Birmingham,pizza deal,27,0,0,2026-06-12
Q001184,GB,Birmingham,hot air balloon ride,0,0,0,2026-06-08
Q001185,GB,London,haircut,1,0,0,2026-06-11
Q001186,GB,London,thai massage,2,0,0,2026-06-18
Q001187,GB,Manchester,manicure,21,1,0,2026-06-20
Q001188,GB,Manchester,escape room,0,0,0,2026-06-17
Q001189,GB,Manchester,steak dinner,19,1,0,2026-06-08
Q001190,GB,Manchester,bowling,2,0,0,2026-06-17
Q001191,GB,Glasgow,city tour,1,0,0,2026-06-05
Q001192,GB,Manchester,steak dinner,20,1,1,2026-06-10
Q001193,GB,Manchester,crossfit,0,0,0,2026-06-29
Q001194,GB,London,yoga class,2,0,0,2026-06-20
Q001195,GB,London,escape room,2,0,0,2026-06-21
Q001196,GB,London,back massage,25,0,0,2026-06-09
Q001197,GB,London,shark diving,0,0,0,2026-06-03
Q001198,GB,London,pizza deal,2,0,0,2026-06-09
Q001199,GB,Birmingham,sports massage,7,1,1,2026-06-17
Q001200,GB,Manchester,steak dinner,6,1,0,2026-06-24
Q001201,GB,London,eyelash extensions,5,0,0,2026-06-11
Q001202,GB,Glasgow,yoga class,1,0,0,2026-06-16
Q001203,GB,Manchester,hot air balloon ride,0,0,0,2026-06-25
Q001204,GB,Birmingham,back massage,25,0,0,2026-06-24
Q001205,GB,Birmingham,paintball,20,0,0,2026-06-19
Q001206,GB,Glasgow,crossfit,16,1,0,2026-06-25
Q001207,GB,Glasgow,pilates,0,0,0,2026-06-22
Q001208,GB,Manchester,eyelash extensions,25,0,0,2026-06-28
Q001209,GB,London,paintball,2,0,0,2026-06-19
Q001210,GB,London,sports massage,2,0,0,2026-06-25
Q001211,GB,London,paintball,8,0,0,2026-06-16
Q001212,GB,London,helicopter tour,0,0,0,2026-06-01
Q001213,GB,Birmingham,crossfit,1,1,0,2026-06-05
Q001214,GB,London,shark diving,0,0,0,2026-06-25
Q001215,GB,Manchester,facil,0,0,0,2026-06-11
Q001216,GB,London,facial,2,0,0,2026-06-19
Q001217,GB,London,bowling,7,1,0,2026-06-03
Q001218,GB,Birmingham,crossfit,9,1,0,2026-06-11
Q001219,GB,London,brunch,2,0,0,2026-06-19
Q001220,GB,Manchester,brunch,39,0,0,2026-06-07
Q001221,GB,London,thai massage,16,1,0,2026-06-30
Q001222,GB,Manchester,eyelash extensions,2,0,0,2026-06-26
Q001223,GB,Birmingham,yoga class,25,1,0,2026-06-20
Q001224,GB,London,city tour,22,0,0,2026-06-01
Q001225,GB,Birmingham,escape room,25,0,0,2026-06-26
Q001226,GB,Birmingham,city tour,2,0,0,2026-06-20
Q001227,GB,London,paintball,10,1,0,2026-06-25
Q001228,GB,Manchester,escape room,0,0,0,2026-06-16
Q001229,GB,London,pizza deal,1,0,0,2026-06-30
Q001230,GB,London,pizza deal,6,1,0,2026-06-21
Q001231,GB,London,go karting,1,0,0,2026-06-28
Q001232,GB,London,eyelash extensions,13,1,1,2026-06-22
Q001233,GB,Birmingham,brunch,1,0,0,2026-06-12
Q001234,GB,Manchester,gym,13,1,0,2026-06-29
Q001235,GB,London,paintball,22,0,0,2026-06-09
Q001236,GB,Birmingham,ho air balloon ride,0,0,0,2026-06-08
Q001237,GB,London,haircut,1,1,1,2026-06-21
Q001238,GB,Birmingham,gym,15,0,0,2026-06-20
Q001239,GB,Manchester,indian restaurant,22,0,0,2026-06-29
Q001240,GB,Manchester,facial,0,0,0,2026-06-18
Q001241,GB,Birmingham,escape room,18,1,0,2026-06-27
Q001242,GB,Glasgow,skydiving,0,0,0,2026-06-28
Q001243,GB,London,back massage,1,0,0,2026-06-18
Q001244,GB,London,city tour,23,1,1,2026-06-28
Q001245,GB,Manchester,haircut,6,1,0,2026-06-08
Q001246,GB,Birmingham,helicopter tour,0,0,0,2026-06-15
Q001247,GB,Glasgow,back massage,14,1,0,2026-06-26
Q001248,GB,London,escape rom,15,0,0,2026-06-29
Q001249,GB,London,gym,11,0,0,2026-06-24
Q001250,GB,London,steak dinner,2,0,0,2026-06-09
Q001251,GB,Birmingham,indian restaurant,17,1,1,2026-06-19
Q001252,GB,Glasgow,hot air balloon ride,0,0,0,2026-06-17
Q001253,GB,Glasgow,sports massage,35,0,0,2026-06-06
Q001254,GB,London,haircut,2,0,0,2026-06-06
Q001255,GB,London,go karting,2,0,0,2026-06-15
Q001256,GB,London,haircut,0,0,0,2026-06-13
Q001257,GB,Birmingham,haio colour,2,0,0,2026-06-15
Q001258,GB,Birmingham,gym,10,0,0,2026-06-04
Q001259,GB,Manchester,manicure,7,0,0,2026-06-06
Q001260,GB,Birmingham,helicopter tour,0,0,0,2026-06-15
Q001261,GB,Manchester,city tour,2,0,0,2026-06-03
Q001262,GB,Manchester,skydiving,0,0,0,2026-06-08
Q001263,GB,Manchester,hot air balloon ride,0,0,0,2026-06-13
Q001264,GB,Manchester,deep tissue massage,6,1,1,2026-06-03
Q001265,GB,Birmingham,brunch,0,0,0,2026-06-20
Q001266,GB,Manchester,back massage,7,0,0,2026-06-17
Q001267,GB,London,paintball,1,0,0,2026-06-02
Q001268,GB,Glasgow,deep tissue massage,1,0,0,2026-06-17
Q001269,GB,London,back massage,15,1,0,2026-06-30
Q001270,GB,London,escape room,11,1,0,2026-06-06
Q001271,GB,Manchester,pizza deal,33,1,1,2026-06-07
Q001272,GB,Birmingham,indian restaurant,33,1,0,2026-06-21
Q001273,GB,London,pilates,20,0,0,2026-06-17
Q001274,GB,London,helicopter tour,0,0,0,2026-06-15
Q001275,GB,Birmingham,haircut,23,1,0,2026-06-13
Q001276,GB,London,escape room,19,1,0,2026-06-14
Q001277,GB,Birmingham,steak dinner,0,0,0,2026-06-06
Q001278,GB,Manchester,paintball,13,0,0,2026-06-10
Q001279,GB,Birmingham,crossfit,2,0,0,2026-06-03
Q001280,GB,London,indian restaurant,2,0,0,2026-06-05
Q001281,GB,London,sushi,2,1,0,2026-06-28
Q001282,GB,London,yoga class,2,0,0,2026-06-22
Q001283,GB,London,indian restaurant,2,0,0,2026-06-01
Q001284,GB,Manchester,pilates,2,0,0,2026-06-04
Q001285,GB,Birmingham,yoga class,6,1,1,2026-06-07
Q001286,GB,London,facial,0,0,0,2026-06-30
Q001287,GB,London,maniure,14,1,0,2026-06-05
Q001288,GB,Manchester,thai massage,32,0,0,2026-06-30
Q001289,GB,Birmingham,thai massage,13,0,0,2026-06-13
Q001290,GB,London,paintball,5,1,1,2026-06-09
Q001291,GB,London,couples massage,27,0,0,2026-06-12
Q001292,GB,London,bowling,1,0,0,2026-06-25
Q001293,GB,London,pizza del,32,0,0,2026-06-03
Q001294,GB,London,steak dinner,1,0,0,2026-06-26
Q001295,GB,Birmingham,personal trainer,39,0,0,2026-06-16
Q001296,GB,London,helicopter tour,0,0,0,2026-06-04
Q001297,GB,Manchester,paintball,14,1,0,2026-06-06
Q001298,GB,London,hair colour,2,0,0,2026-06-17
Q001299,GB,Birmingham,hair colour,2,0,0,2026-06-07
Q001300,GB,London,sharkk diving,0,0,0,2026-06-19
Q001301,GB,Manchester,facial,16,1,0,2026-06-03
Q001302,GB,Birmingham,haircut,17,1,0,2026-06-14
Q001303,GB,London,supercar track day,0,0,0,2026-06-14
Q001304,GB,London,manicure,10,1,1,2026-06-15
Q001305,GB,Manchester,gym,0,0,0,2026-06-10
Q001306,GB,London,hair colour,29,0,0,2026-06-07
Q001307,GB,Manchester,couples massage,8,1,1,2026-06-08
Q001308,GB,London,crossfit,2,0,0,2026-06-03
Q001309,GB,Manchester,shark  diving,0,0,0,2026-06-22
Q001310,GB,London,manicure,7,1,0,2026-06-16
Q001311,GB,Birmingham,facial,7,1,1,2026-06-27
Q001312,GB,London,sports massage,14,0,0,2026-06-16
Q001313,GB,London,pilates,1,0,0,2026-06-04
Q001314,GB,Birmingham,pizza deal,13,1,0,2026-06-11
Q001315,GB,London,supercar track day,0,0,0,2026-06-22
Q001316,GB,Manchester,skydiving,0,0,0,2026-06-20
Q001317,GB,Birmingham,deep tissuo massage,23,0,0,2026-06-11
Q001318,GB,Manchester,hair colour,0,0,0,2026-06-05
Q001319,GB,London,helicopter tour,0,0,0,2026-06-29
Q001320,GB,London,pizza deal,10,1,0,2026-06-19
Q001321,GB,Manchester,sports massage,11,1,0,2026-06-11
Q001322,GB,Manchester,facial,18,1,0,2026-06-09
Q001323,GB,Manchester,facial,2,0,0,2026-06-25
Q001324,GB,London,shark diving,0,0,0,2026-06-20
Q001325,GB,Birmingham,personal trainer,0,0,0,2026-06-01
Q001326,GB,Manchester,indian restaurant,0,0,0,2026-06-30
Q001327,GB,London,go karting,14,1,0,2026-06-23
Q001328,GB,London,pizza deal,9,1,0,2026-06-18
Q001329,GB,Birmingham,sports massage,1,0,0,2026-06-26
Q001330,GB,Manchester,gym,2,0,0,2026-06-08
Q001331,GB,London,eyelash extensions,1,0,0,2026-06-02
Q001332,GB,London,go karting,0,0,0,2026-06-06
Q001333,GB,Glasgow,sports massage,0,0,0,2026-06-13
Q001334,GB,Manchester,eyelash extensions,19,1,0,2026-06-29
Q001335,GB,London,brunch,24,0,0,2026-06-16
Q001336,GB,Glasgow,brunch,2,0,0,2026-06-19
Q001337,GB,London,facial,19,1,0,2026-06-27
Q001338,GB,Manchester,escape room,26,0,0,2026-06-26
Q001339,GB,London,deep tissue massage,0,0,0,2026-06-17
Q001340,GB,London,bowling,1,0,0,2026-06-13
Q001341,GB,London,couples massage,0,0,0,2026-06-21
Q001342,GB,Manchester,facial,9,1,0,2026-06-02
Q001343,GB,Manchester,back massage,13,0,0,2026-06-08
Q001344,GB,Birmingham,thai massage,6,0,0,2026-06-30
Q001345,GB,London,escape room,0,0,0,2026-06-04
Q001346,GB,London,paintball,13,1,0,2026-06-14
Q001347,GB,Birmingham,escpe room,2,0,0,2026-06-21
Q001348,GB,London,facial,2,0,0,2026-06-15
Q001349,GB,London,sports massage,0,0,0,2026-06-20
Q001350,GB,London,shark diving,0,0,0,2026-06-23
Q001351,GB,Glasgow,sports massage,20,0,0,2026-06-02
Q001352,GB,London,escape room,12,0,0,2026-06-22
Q001353,GB,London,pizza deal,1,0,0,2026-06-28
Q001354,GB,Manchester,deep tissue massage,0,0,0,2026-06-01
Q001355,GB,Glasgow,indian restaurant,1,0,0,2026-06-21
Q001356,GB,Birmingham,shark diving,0,0,0,2026-06-06
Q001357,GB,Manchester,pilates,1,0,0,2026-06-29
Q001358,GB,Birmingham,helicopter tour,0,0,0,2026-06-29
Q001359,GB,London,paintball,18,1,1,2026-06-05
Q001360,GB,London,pilates,24,0,0,2026-06-15
Q001361,GB,Birmingham,couples massage,1,0,0,2026-06-14
Q001362,GB,Birmingham,skydiving,0,0,0,2026-06-28
Q001363,GB,Birmingham,manicure,28,1,0,2026-06-01
Q001364,GB,Birmingham,steak dinner,9,0,0,2026-06-13
Q001365,GB,London,hot air balloon ride,0,0,0,2026-06-22
Q001366,GB,London,yoga class,8,0,0,2026-06-26
Q001367,GB,London,brunch,17,1,0,2026-06-03
Q001368,GB,Glasgow,steak dinner,1,0,0,2026-06-28
Q001369,GB,London,paintball,29,0,0,2026-06-25
Q001370,GB,London,supercar track day,0,0,0,2026-06-20
Q001371,GB,Manchester,back massage,1,0,0,2026-06-29
Q001372,GB,Birmingham,hair colour,14,0,0,2026-06-18
Q001373,GB,Manchester,haircut,2,0,0,2026-06-23
Q001374,GB,London,eyelash extensions,1,1,0,2026-06-01
Q001375,GB,Manchester,skydiving,0,0,0,2026-06-23
Q001376,GB,Birmingham,back massage,1,0,0,2026-06-29
Q001377,GB,Birmingham,bick massage,30,0,0,2026-06-10
Q001378,GB,Birmingham,hair colour,31,1,0,2026-06-01
Q001379,GB,Birmingham,hot air balloon ride,0,0,0,2026-06-05
Q001380,GB,Birmingham,facial,22,0,0,2026-06-02
Q001381,GB,Birmingham,sports massage,7,0,0,2026-06-25
Q001382,GB,Birmingham,faccial,35,1,0,2026-06-18
Q001383,GB,London,deep tissue massage,13,1,1,2026-06-23
Q001384,GB,Manchester,escape room,23,1,1,2026-06-27
Q001385,GB,Glasgow,helicopter our,0,0,0,2026-06-16
Q001386,GB,London,eyelash extensions,2,0,0,2026-06-02
Q001387,GB,London,gym,2,0,0,2026-06-04
Q001388,GB,London,yoga class,7,1,0,2026-06-05
Q001389,GB,Manchester,supercar track day,0,0,0,2026-06-02
Q001390,GB,Birmingham,thai massage,38,0,0,2026-06-15
Q001391,GB,London,city tour,19,0,0,2026-06-16
Q001392,GB,Manchester,shark diving,0,0,0,2026-06-06
Q001393,GB,Birmingham,hot air balloon ride,0,0,0,2026-06-04
Q001394,GB,London,indian restaurant,0,0,0,2026-06-01
Q001395,GB,London,deep tissue massage,20,0,0,2026-06-25
Q001396,GB,London,sports massage,1,1,0,2026-06-14
Q001397,GB,London,personal trainer,2,0,0,2026-06-16
Q001398,GB,London,hot air balloon ride,0,0,0,2026-06-12
Q001399,GB,Manchester,skydiving,0,0,0,2026-06-22
Q001400,GB,Glasgow,paintball,16,1,0,2026-06-10
Q001401,GB,Manchester,sushi,2,0,0,2026-06-29
Q001402,GB,London,helicopter tour,0,0,0,2026-06-26
Q001403,GB,Manchester,sports massage,7,0,0,2026-06-29
Q001404,GB,London,manicure,0,0,0,2026-06-21
Q001405,GB,London,helicopter tour,0,0,0,2026-06-11
Q001406,GB,London,sushi,0,0,0,2026-06-23
Q001407,GB,London,pizza deal,8,1,0,2026-06-23
Q001408,GB,Manchester,manicure,0,0,0,2026-06-07
Q001409,GB,London,yoga class,23,0,0,2026-06-13
Q001410,GB,London,pizza deal,2,0,0,2026-06-14
Q001411,GB,Manchester,go karting,2,0,0,2026-06-23
Q001412,GB,London,thai massage,16,1,0,2026-06-30
Q001413,GB,London,haircut,13,0,0,2026-06-26
Q001414,GB,Manchester,haircut,13,1,1,2026-06-08
Q001415,GB,Glasgow,brunch,2,0,0,2026-06-09
Q001416,GB,Birmingham,personal trainer,2,0,0,2026-06-16
Q001417,GB,London,shark diving,0,0,0,2026-06-12
Q001418,GB,Birmingham,paintball,6,1,1,2026-06-26
Q001419,GB,Birmingham,pizza deal,23,1,1,2026-06-09
Q001420,GB,Birmingham,pilates,8,1,0,2026-06-14
Q001421,GB,London,manicure,11,0,0,2026-06-30
Q001422,GB,Birmingham,skydiving,0,0,0,2026-06-15
Q001423,GB,Birmingham,deep tissue masssage,1,0,0,2026-06-19
Q001424,GB,London,thai massage,15,1,0,2026-06-13
Q001425,GB,Manchester,manicure,35,0,0,2026-06-09
Q001426,GB,London,crossfit,12,1,0,2026-06-01
Q001427,GB,London,brunch,25,1,1,2026-06-14
Q001428,GB,Manchester,sushi,2,0,0,2026-06-14
Q001429,GB,Birmingham,couples massage,24,0,0,2026-06-08
Q001430,GB,Birmingham,skydiving,0,0,0,2026-06-09
Q001431,GB,Birmingham,hair colour,25,1,0,2026-06-02
Q001432,GB,Birmingham,pizza deal,1,0,0,2026-06-08
Q001433,GB,London,city tour,16,1,0,2026-06-19
Q001434,GB,London,pizza deal,31,1,0,2026-06-17
Q001435,GB,London,steak dinner,14,0,0,2026-06-22
Q001436,GB,Glasgow,paintball,22,1,0,2026-06-27
Q001437,GB,London,helicopter tour,0,0,0,2026-06-15
Q001438,GB,London,couples massage,22,0,0,2026-06-19
Q001439,GB,London,pilates,1,0,0,2026-06-07
Q001440,GB,London,back massage,1,0,0,2026-06-16
Q001441,GB,London,paintball,25,0,0,2026-06-06
Q001442,GB,Manchester,facial,1,0,0,2026-06-19
Q001443,GB,Manchester,crossfit,37,0,0,2026-06-25
Q001444,GB,London,shark diving,0,0,0,2026-06-18
Q001445,GB,Birmingham,brunch,13,1,0,2026-06-26
Q001446,GB,London,thai massage,8,0,0,2026-06-22
Q001447,GB,Manchester,thai massage,27,1,0,2026-06-15
Q001448,GB,London,sushi,0,0,0,2026-06-14
Q001449,GB,Glasgow,brunch,0,0,0,2026-06-28
Q001450,GB,Birmingham,crossfit,17,0,0,2026-06-02
Q001451,GB,Birmingham,bowling,22,1,0,2026-06-06
Q001452,GB,Manchester,go karting,24,1,0,2026-06-23
Q001453,GB,London,bowling,23,1,1,2026-06-08
Q001454,GB,London,paintball,4,0,0,2026-06-24
Q001455,GB,Manchester,escape room,28,0,0,2026-06-30
Q001456,GB,Birmingham,facial,2,0,0,2026-06-17
Q001457,GB,Manchester,city tour,2,0,0,2026-06-04
Q001458,GB,Manchester,sports masssage,10,0,0,2026-06-17
Q001459,GB,Manchester,helicopter tour,0,0,0,2026-06-16
Q001460,GB,London,brunch,24,1,0,2026-06-14
Q001461,GB,London,sushi,11,1,0,2026-06-19
Q001462,GB,London,bowling,6,1,1,2026-06-26
Q001463,GB,Manchester,helicopaer tour,0,0,0,2026-06-24
Q001464,GB,London,hair colour,20,1,0,2026-06-04
Q001465,GB,Birmingham,pizza deal,10,1,0,2026-06-04
Q001466,GB,London,helicopter tour,0,0,0,2026-06-26
Q001467,GB,Birmingham,brunch,15,1,1,2026-06-17
Q001468,GB,London,brunch,1,0,0,2026-06-21
Q001469,GB,London,indian restaurant,1,0,0,2026-06-18
Q001470,GB,London,pilates,20,1,0,2026-06-10
Q001471,GB,London,escape room,1,0,0,2026-06-22
Q001472,GB,London,paintball,20,0,0,2026-06-25
Q001473,GB,London,back massage,17,1,0,2026-06-25
Q001474,GB,Manchester,back massage,38,0,0,2026-06-01
Q001475,GB,London,city tour,1,0,0,2026-06-11
Q001476,GB,London,yoga class,1,0,0,2026-06-08
Q001477,GB,London,steak dinner,18,1,0,2026-06-02
Q001478,GB,London,hot air balloon ride,0,0,0,2026-06-06
Q001479,GB,London,shaark diving,0,0,0,2026-06-29
Q001480,GB,Birmingham,deep tissue massage,9,1,0,2026-06-18
Q001481,GB,London,crossfiit,1,0,0,2026-06-13
Q001482,GB,London,paintball,4,1,0,2026-06-25
Q001483,GB,London,paintballl,2,0,0,2026-06-02
Q001484,GB,London,paintball,22,1,0,2026-06-20
Q001485,GB,London,haircut,0,0,0,2026-06-23
Q001486,GB,Manchester,steak dinneer,1,0,0,2026-06-08
Q001487,GB,London,shark diving,0,0,0,2026-06-23
Q001488,GB,London,go karting,16,1,1,2026-06-02
Q001489,GB,Manchester,eyelash extensions,10,0,0,2026-06-02
Q001490,GB,London,yoga class,1,1,0,2026-06-20
Q001491,GB,London,thai  massage,29,0,0,2026-06-17
Q001492,GB,Birmingham,back massage,39,0,0,2026-06-04
Q001493,GB,Manchester,sports massage,0,0,0,2026-06-19
Q001494,GB,Manchester,bowling,1,1,0,2026-06-12
Q001495,GB,London,supeercar track day,0,0,0,2026-06-20
Q001496,GB,Birmingham,pizza deal,14,1,1,2026-06-12
Q001497,GB,Manchester,brunch,2,0,0,2026-06-15
Q001498,GB,Glasgow,shark diving,0,0,0,2026-06-07
Q001499,GB,Manchester,helicopter tour,0,0,0,2026-06-10
Q001500,GB,London,haircut,0,0,0,2026-06-13
Q001501,GB,Birmingham,yoga class,9,0,0,2026-06-08
Q001502,GB,Manchester,pilates,13,1,1,2026-06-12
Q001503,GB,Manchester,shark diving,0,0,0,2026-06-10
Q001504,GB,Manchester,hair colour,9,0,0,2026-06-08
Q001505,GB,Manchester,gym,0,0,0,2026-06-09
Q001506,GB,Manchester,steak dinner,26,0,0,2026-06-24
Q001507,GB,Manchester,personal trainer,17,1,0,2026-06-11
Q001508,GB,London,eyelash extensions,1,1,0,2026-06-19
Q001509,GB,Glasgow,sports massage,0,0,0,2026-06-07
Q001510,GB,London,go karting,0,0,0,2026-06-26
Q001511,GB,Glasgow,steak dinner,24,0,0,2026-06-21
Q001512,GB,London,supercar track day,0,0,0,2026-06-14
Q001513,GB,London,thai massage,10,0,0,2026-06-05
Q001514,GB,Manchester,indian restaurant,7,1,1,2026-06-07
Q001515,GB,Birmingham,gym,2,0,0,2026-06-09
Q001516,GB,Birmingham,deep tissue massage,21,1,0,2026-06-14
Q001517,GB,London,pizza deal,23,0,0,2026-06-11
Q001518,GB,London,manicure,1,0,0,2026-06-28
Q001519,GB,London,paintball,17,0,0,2026-06-08
Q001520,GB,London,city tour,9,0,0,2026-06-20
Q001521,GB,London,manicure,0,0,0,2026-06-17
Q001522,GB,London,back massage,37,1,0,2026-06-02
Q001523,GB,Glasgow,manicure,38,0,0,2026-06-13
Q001524,GB,Manchester,facial,13,0,0,2026-06-22
Q001525,GB,Birmingham,back massage,16,0,0,2026-06-14
Q001526,GB,London,eyelash extensions,15,0,0,2026-06-07
Q001527,GB,Birmingham,supercar track day,0,0,0,2026-06-02
Q001528,GB,London,back massage,17,0,0,2026-06-03
Q001529,GB,Manchester,pizza deal,13,0,0,2026-06-30
Q001530,GB,Manchester,supercar track day,0,0,0,2026-06-06
Q001531,GB,London,pizza deal,14,1,1,2026-06-06
Q001532,GB,Birmingham,bowling,1,0,0,2026-06-09
Q001533,GB,London,brunch,18,0,0,2026-06-20
Q001534,GB,Glasgow,bowling,1,0,0,2026-06-30
Q001535,GB,Birmingham,deep tissue massage,2,0,0,2026-06-22
Q001536,GB,London,indian restaurant,0,0,0,2026-06-25
Q001537,GB,Manchester,indian restaurant,2,0,0,2026-06-19
Q001538,GB,Manchester,gym,2,0,0,2026-06-24
Q001539,GB,London,supercar track day,0,0,0,2026-06-08
Q001540,GB,London,helicopter tour,0,0,0,2026-06-02
Q001541,GB,London,city toour,19,0,0,2026-06-10
Q001542,GB,London,helicopter tour,0,0,0,2026-06-27
Q001543,GB,Manchester,sushi,1,0,0,2026-06-02
Q001544,GB,London,eyelash extensions,6,0,0,2026-06-06
Q001545,GB,London,pizza deal,24,0,0,2026-06-30
Q001546,GB,Birmingham,couples massage,2,1,1,2026-06-23
Q001547,GB,London,go karting,10,1,0,2026-06-13
Q001548,GB,Birmingham,steak dinner,4,1,0,2026-06-16
Q001549,GB,London,facial,2,0,0,2026-06-24
Q001550,GB,London,bowling,2,1,0,2026-06-17
Q001551,GB,Manchester,pizza deal,10,1,1,2026-06-02
Q001552,GB,London,shark diving,0,0,0,2026-06-20
Q001553,GB,London,sports massage,36,0,0,2026-06-09
Q001554,GB,London,crossfit,1,0,0,2026-06-02
Q001555,GB,Birmingham,facial,17,1,0,2026-06-25
Q001556,GB,London,hot air balloon ride,0,0,0,2026-06-02
Q001557,GB,London,indian restaurant,0,0,0,2026-06-12
Q001558,GB,London,skydiving,0,0,0,2026-06-18
Q001559,GB,London,haircut,14,0,0,2026-06-06
Q001560,GB,Glasgow,gym,1,0,0,2026-06-20
Q001561,GB,Birmingham,eyelash extensions,26,0,0,2026-06-24
Q001562,GB,London,facial,2,1,1,2026-06-09
Q001563,GB,Glasgow,shark diving,0,0,0,2026-06-22
Q001564,GB,London,sushi,24,1,1,2026-06-05
Q001565,GB,London,eyelash extensions,9,1,0,2026-06-10
Q001566,GB,Birmingham,shark diving,0,0,0,2026-06-30
Q001567,GB,London,helicopter tour,0,0,0,2026-06-22
Q001568,GB,London,helicopter tour,0,0,0,2026-06-27
Q001569,GB,Manchester,thai massage,18,0,0,2026-06-26
Q001570,GB,London,steak dinner,22,0,0,2026-06-09
Q001571,GB,Manchester,paintball,0,0,0,2026-06-08
Q001572,GB,London,thai massage,13,1,0,2026-06-25
Q001573,GB,London,indian restaurant,2,0,0,2026-06-09
Q001574,GB,Birmingham,go karting,1,0,0,2026-06-10
Q001575,GB,Manchester,bowling,9,1,0,2026-06-30
Q001576,GB,Birmingham,brunch,9,1,1,2026-06-06
Q001577,GB,London,personal trainer,12,1,0,2026-06-30
Q001578,GB,Manchester,back massage,11,1,1,2026-06-02
Q001579,GB,Manchester,shark diving,0,0,0,2026-06-29
Q001580,GB,Manchester,pizza deal,2,0,0,2026-06-02
Q001581,GB,Manchester,hair colour,6,1,1,2026-06-06
Q001582,GB,London,shark diving,0,0,0,2026-06-21
Q001583,GB,London,manicure,2,0,0,2026-06-22
Q001584,GB,Birmingham,eyelash extensions,2,0,0,2026-06-20
Q001585,GB,Birmingham,indian restaurant,1,0,0,2026-06-08
Q001586,GB,London,escape rroom,21,0,0,2026-06-10
Q001587,GB,Manchester,pilates,2,1,0,2026-06-12
Q001588,GB,London,thai massage,11,0,0,2026-06-12
Q001589,GB,Birmingham,supercar track day,0,0,0,2026-06-27
Q001590,GB,London,go karting,0,0,0,2026-06-16
Q001591,GB,Manchester,haircut,7,1,1,2026-06-22
Q001592,GB,Birmingham,yoga class,18,0,0,2026-06-26
Q001593,GB,London,paintball,13,1,1,2026-06-06
Q001594,GB,Birmingham,deep tissue massage,1,0,0,2026-06-19
Q001595,GB,Birmingham,escape room,4,0,0,2026-06-19
Q001596,GB,Glasgow,bowling,12,0,0,2026-06-11
Q001597,GB,London,pizza deal,1,0,0,2026-06-06
Q001598,GB,Manchester,thai massage,14,0,0,2026-06-28
Q001599,GB,Birmingham,deep tissue massage,20,1,0,2026-06-18
Q001600,GB,London,supercar track day,0,0,0,2026-06-27
Q001601,GB,London,yoga closs,1,0,0,2026-06-10
Q001602,GB,London,crossfit,0,0,0,2026-06-29
Q001603,GB,London,hot air balloon ride,0,0,0,2026-06-15
Q001604,GB,Manchester,paintball,7,1,0,2026-06-25
Q001605,GB,London,deep tissue massage,21,0,0,2026-06-14
Q001606,GB,London,skydiving,0,0,0,2026-06-08
Q001607,GB,Birmingham,yoga class,2,0,0,2026-06-28
Q001608,GB,London,deep tissue massage,0,0,0,2026-06-06
Q001609,GB,London,bowling,1,0,0,2026-06-23
Q001610,GB,Glasgow,skydiving,0,0,0,2026-06-08
Q001611,GB,Manchester,helicopter tour,0,0,0,2026-06-08
Q001612,GB,London,deep tissue massage,5,1,0,2026-06-23
Q001613,GB,Birmingham,shark diving,0,0,0,2026-06-01
Q001614,GB,London,deep tissue massage,4,0,0,2026-06-22
Q001615,GB,London,personal trainer,2,0,0,2026-06-29
Q001616,GB,London,manicure,14,0,0,2026-06-28
Q001617,GB,Birmingham,couples massage,25,1,0,2026-06-23
Q001618,GB,London,personal trainer,0,0,0,2026-06-26
Q001619,GB,Manchester,go karting,8,1,1,2026-06-23
Q001620,GB,Birmingham,sports massage,29,1,0,2026-06-11
Q001621,GB,London,helicopter tour,0,0,0,2026-06-14
Q001622,GB,London,back massage,24,1,0,2026-06-18
Q001623,GB,Birmingham,city tour,18,0,0,2026-06-02
Q001624,GB,London,paintball,2,1,0,2026-06-07
Q001625,GB,London,hot air balloon ride,0,0,0,2026-06-25
Q001626,GB,London,supercar track day,0,0,0,2026-06-27
Q001627,GB,London,go karting,0,0,0,2026-06-28
Q001628,GB,London,sushi,5,0,0,2026-06-12
Q001629,GB,London,helicopter tour,0,0,0,2026-06-06
Q001630,GB,Manchester,pizza deal,0,0,0,2026-06-09
Q001631,GB,London,paintball,1,0,0,2026-06-02
Q001632,GB,London,bowling,2,0,0,2026-06-01
Q001633,GB,Birmingham,go karting,2,0,0,2026-06-01
Q001634,GB,Glasgow,steak dinner,2,0,0,2026-06-16
Q001635,GB,Glasgow,steak dinner,0,0,0,2026-06-09
Q001636,GB,Manchester,sports massage,2,0,0,2026-06-14
Q001637,GB,Glasgow,skydiving,0,0,0,2026-06-22
Q001638,GB,London,personal trainer,2,0,0,2026-06-26
Q001639,GB,London,manicure,34,0,0,2026-06-29
Q001640,GB,Manchester,crossfit,0,0,0,2026-06-26
Q001641,GB,Birmingham,haircut,8,1,1,2026-06-28
Q001642,GB,Birmingham,indian restaurant,21,0,0,2026-06-18
Q001643,GB,Manchester,supercar track day,0,0,0,2026-06-07
Q001644,GB,Glasgow,manicure,2,0,0,2026-06-10
Q001645,GB,London,sushi,9,1,1,2026-06-26
Q001646,GB,Glasgow,deep tissue massage,9,1,0,2026-06-08
Q001647,GB,London,sushi,0,0,0,2026-06-15
Q001648,GB,Manchester,skydiving,0,0,0,2026-06-05
Q001649,GB,Manchester,hot air balloon ride,0,0,0,2026-06-11
Q001650,GB,Manchester,pizza deal,0,0,0,2026-06-16
Q001651,GB,London,pizza deal,0,0,0,2026-06-05
Q001652,GB,Glasgow,sports massage,17,1,0,2026-06-07
Q001653,GB,London,escape room,2,0,0,2026-06-25
Q001654,GB,London,eyelash extensions,1,0,0,2026-06-27
Q001655,GB,Glasgow,sports massage,15,1,0,2026-06-04
Q001656,GB,Manchester,city tour,1,0,0,2026-06-25
Q001657,GB,London,skydiving,0,0,0,2026-06-01
Q001658,GB,Birmingham,go karting,12,1,1,2026-06-18
Q001659,GB,Glasgow,steak dinner,0,0,0,2026-06-17
Q001660,GB,London,back massage,9,0,0,2026-06-22
Q001661,GB,Glasgow,bowling,8,0,0,2026-06-18
Q001662,GB,London,haircut,11,0,0,2026-06-16
Q001663,GB,Birmingham,go karting,2,0,0,2026-06-09
Q001664,GB,London,indian restaurant,2,0,0,2026-06-22
Q001665,GB,Birmingham,paintball,13,1,0,2026-06-22
Q001666,GB,London,escape room,1,0,0,2026-06-27
Q001667,GB,Birmingham,couples massage,15,1,0,2026-06-07
Q001668,GB,London,pilates,10,0,0,2026-06-04
Q001669,GB,Manchester,eyelash extensions,2,0,0,2026-06-13
Q001670,GB,Birmingham,hair colour,10,0,0,2026-06-10
Q001671,GB,Manchester,indian restaurant,23,1,0,2026-06-25
Q001672,GB,London,deep tissue massage,20,1,0,2026-06-29
Q001673,GB,Manchester,back massage,0,0,0,2026-06-28
Q001674,GB,London,crossfit,8,1,0,2026-06-17
Q001675,GB,London,facial,9,1,0,2026-06-29
Q001676,GB,Manchester,pizza deal,0,0,0,2026-06-02
Q001677,GB,Birmingham,bowling,13,1,0,2026-06-04
Q001678,GB,Manchester,gym,35,0,0,2026-06-06
Q001679,GB,London,supercar track day,0,0,0,2026-06-01
Q001680,GB,Manchester,deep tissue massage,0,0,0,2026-06-17
Q001681,GB,London,skydiving,0,0,0,2026-06-08
Q001682,GB,London,supercar track day,0,0,0,2026-06-27
Q001683,GB,London,pizza deal,0,0,0,2026-06-20
Q001684,GB,Glasgow,hot air balloon ride,0,0,0,2026-06-04
Q001685,GB,Glasgow,sushi,25,0,0,2026-06-05
Q001686,GB,Manchester,shark diving,0,0,0,2026-06-20
Q001687,GB,Manchester,go karting,5,1,0,2026-06-04
Q001688,GB,London,couples massage,24,0,0,2026-06-15
Q001689,GB,Manchester,facial,22,1,1,2026-06-29
Q001690,GB,Birmingham,couples massage,0,0,0,2026-06-12
Q001691,GB,Birmingham,sushi,0,0,0,2026-06-03
Q001692,GB,London,go karting,1,0,0,2026-06-06
Q001693,GB,London,steak dinner,2,0,0,2026-06-23
Q001694,GB,London,crossfit,2,0,0,2026-06-14
Q001695,GB,London,thai massage,1,0,0,2026-06-13
Q001696,GB,London,hot air balloon ride,0,0,0,2026-06-18
Q001697,GB,London,sports massage,25,0,0,2026-06-26
Q001698,GB,Manchester,yoga class,18,1,1,2026-06-16
Q001699,GB,London,pizza del,2,0,0,2026-06-01
Q001700,GB,Birmingham,eyelash extensions,22,1,0,2026-06-22
Q001701,GB,Birmingham,skydiving,0,0,0,2026-06-22
Q001702,GB,Birmingham,skydivinng,0,0,0,2026-06-11
Q001703,GB,London,yoga class,17,0,0,2026-06-29
Q001704,GB,Birmingham,couples massage,18,0,0,2026-06-25
Q001705,GB,Birmingham,steakidinner,14,0,0,2026-06-22
Q001706,GB,Birmingham,skydiving,0,0,0,2026-06-08
Q001707,GB,Manchester,deep tissue massage,33,0,0,2026-06-13
Q001708,GB,London,yoga class,12,1,1,2026-06-17
Q001709,GB,London,bowling,12,1,0,2026-06-01
Q001710,GB,London,steak dinner,13,0,0,2026-06-01
Q001711,GB,London,steak dinner,31,0,0,2026-06-03
Q001712,GB,Glasgow,couples massage,0,0,0,2026-06-20
Q001713,GB,London,eyelash extensions,1,0,0,2026-06-10
Q001714,GB,Manchester,gym,1,0,0,2026-06-30
Q001715,GB,London,pizza deal,1,0,0,2026-06-28
Q001716,GB,Manchester,city tour,9,0,0,2026-06-08
Q001717,GB,London,haircut,15,1,0,2026-06-16
Q001718,GB,Birmingham,escape room,0,0,0,2026-06-29
Q001719,GB,London,sushi,19,1,0,2026-06-13
Q001720,GB,London,pilates,22,1,0,2026-06-04
Q001721,GB,London,indian restaurant,15,1,0,2026-06-03
Q001722,GB,Manchester,facial,25,1,0,2026-06-15
Q001723,GB,Manchester,shark diving,0,0,0,2026-06-28
Q001724,GB,London,go karting,0,0,0,2026-06-11
Q001725,GB,Manchester,skydiving,0,0,0,2026-06-09
Q001726,GB,London,eyelash extensions,15,1,1,2026-06-28
Q001727,GB,Birmingham,pilates,1,0,0,2026-06-16
Q001728,GB,London,escape room,25,1,0,2026-06-04
Q001729,GB,London,hot air balloon ride,0,0,0,2026-06-28
Q001730,GB,London,sushi,10,1,0,2026-06-06
Q001731,GB,Birmingham,go karting,38,0,0,2026-06-15
Q001732,GB,Manchester,facial,0,0,0,2026-06-22
Q001733,GB,Manchester,crossfit,22,1,1,2026-06-21
Q001734,GB,London,hair colour,31,0,0,2026-06-25
Q001735,GB,Manchester,eyelash extensions,7,1,1,2026-06-28
Q001736,GB,Birmingham,hot air balloon ride,0,0,0,2026-06-02
Q001737,GB,Manchester,indian restaurant,7,1,0,2026-06-26
Q001738,GB,Manchester,supercar track day,0,0,0,2026-06-26
Q001739,GB,London,crossfit,0,0,0,2026-06-05
Q001740,GB,London,steeak dinner,0,0,0,2026-06-12
Q001741,GB,London,paintball,1,0,0,2026-06-06
Q001742,GB,Manchester,hair colour,0,0,0,2026-06-18
Q001743,GB,Manchester,persona trainer,21,1,0,2026-06-03
Q001744,GB,Birmingham,paintball,21,1,1,2026-06-06
Q001745,GB,London,haircut,15,1,1,2026-06-14
Q001746,GB,London,pilaies,1,0,0,2026-06-04
Q001747,GB,Manchester,bowling,13,1,0,2026-06-18
Q001748,GB,Birmingham,pizza deal,33,0,0,2026-06-13
Q001749,GB,London,hairut,23,1,0,2026-06-27
Q001750,GB,Birmingham,hot air balloon ride,0,0,0,2026-06-11
Q001751,GB,London,manicure,5,1,0,2026-06-28
Q001752,GB,Birmingham,steak dinner,2,0,0,2026-06-01
Q001753,GB,London,thai massage,1,0,0,2026-06-15
Q001754,GB,Manchester,facial,11,0,0,2026-06-05
Q001755,GB,Glasgow,bowling,22,1,0,2026-06-21
Q001756,GB,Glasgow,dep tissue massage,22,1,0,2026-06-02
Q001757,GB,Manchester,bowling,20,1,0,2026-06-28
Q001758,GB,London,yoga class,0,0,0,2026-06-11
Q001759,GB,Manchester,indian restaurant,16,0,0,2026-06-02
Q001760,GB,Manchester,sports massage,21,1,0,2026-06-25
Q001761,GB,Glasgow,pilates,18,0,0,2026-06-21
Q001762,GB,Glasgow,steak dinner,1,0,0,2026-06-17
Q001763,GB,Birmingham,haircut,6,0,0,2026-06-09
Q001764,GB,London,go karting,1,0,0,2026-06-07
Q001765,GB,Glasgow,yog class,0,0,0,2026-06-10
Q001766,GB,Glasgow,manicure,11,0,0,2026-06-26
Q001767,GB,London,facial,1,1,0,2026-06-12
Q001768,GB,London,crossfit,15,1,0,2026-06-01
Q001769,GB,Manchester,eyelash extensions,2,0,0,2026-06-27
Q001770,GB,London,hot air balloon ride,0,0,0,2026-06-17
Q001771,GB,London,haircut,10,1,0,2026-06-10
Q001772,GB,Manchester,haircut,2,0,0,2026-06-04
Q001773,GB,London,crossfit,1,0,0,2026-06-19
Q001774,GB,Birmingham,haircut,5,0,0,2026-06-10
Q001775,GB,London,haircut,24,0,0,2026-06-20
Q001776,GB,Birmingham,hair colour,8,1,0,2026-06-28
Q001777,GB,London,deep tissue massage,31,0,0,2026-06-28
Q001778,GB,Birmingham,helicopter tour,0,0,0,2026-06-08
Q001779,GB,London,go karting,8,1,1,2026-06-14
Q001780,GB,London,hot air balloon ride,0,0,0,2026-06-28
Q001781,GB,London,pizza deal,1,1,0,2026-06-17
Q001782,GB,Birmingham,helicopter tour,0,0,0,2026-06-20
Q001783,GB,London,indian restaurant,12,0,0,2026-06-15
Q001784,GB,Birmingham,gym,39,0,0,2026-06-29
Q001785,GB,London,helicopter tour,0,0,0,2026-06-05
Q001786,GB,Birmingham,haircut,0,0,0,2026-06-12
Q001787,GB,London,sushi,0,0,0,2026-06-28
Q001788,GB,Manchester,back massage,1,0,0,2026-06-04
Q001789,GB,Manchester,paintball,16,1,0,2026-06-23
Q001790,GB,Glasgow,helicopter tour,0,0,0,2026-06-19
Q001791,GB,London,supercar track day,0,0,0,2026-06-16
Q001792,GB,London,go karting,17,1,1,2026-06-03
Q001793,GB,Birmingham,city tour,28,0,0,2026-06-20
Q001794,GB,Manchester,hair colour,24,0,0,2026-06-05
Q001795,GB,London,facial,2,1,0,2026-06-18
Q001796,GB,Manchester,deep tissue massage,24,0,0,2026-06-30
Q001797,GB,London,steak dinner,24,1,0,2026-06-27
Q001798,GB,Birmingham,pizza deal,19,1,0,2026-06-11
Q001799,GB,Glasgow,hot air balloon ride,0,0,0,2026-06-27
Q001800,GB,Birmingham,indian restaurant,20,0,0,2026-06-07
Q001801,GB,London,escape room,16,0,0,2026-06-10
Q001802,GB,London,personal trainer,12,1,0,2026-06-01
Q001803,GB,London,manicure,18,0,0,2026-06-16
Q001804,GB,London,indian restaurant,21,0,0,2026-06-13
Q001805,GB,Birmingham,helicopter tour,0,0,0,2026-06-28
Q001806,GB,London,escape room,13,0,0,2026-06-16
Q001807,GB,Glasgow,brunch,10,0,0,2026-06-22
Q001808,GB,Manchester,supercar track day,0,0,0,2026-06-26
Q001809,GB,Glasgow,skydiving,0,0,0,2026-06-03
Q001810,GB,Manchester,hair colour,23,1,0,2026-06-19
Q001811,GB,Manchester,escape room,15,1,0,2026-06-21
Q001812,GB,Manchester,personal trainer,0,0,0,2026-06-23
Q001813,GB,Manchester,gym,15,0,0,2026-06-08
Q001814,GB,Birmingham,hair colour,25,0,0,2026-06-19
Q001815,GB,London,pizza deal,18,0,0,2026-06-09
Q001816,GB,Birmingham,hot air balloon ride,0,0,0,2026-06-05
Q001817,GB,London,supercar track day,0,0,0,2026-06-23
Q001818,GB,Glasgow,manicure,15,1,0,2026-06-20
Q001819,GB,London,paintball,2,0,0,2026-06-21
Q001820,GB,Manchester,go karting,1,0,0,2026-06-25
Q001821,GB,London,escape room,1,0,0,2026-06-24
Q001822,GB,Manchester,helicopter tour,0,0,0,2026-06-19
Q001823,GB,Manchester,escape room,17,1,1,2026-06-20
Q001824,GB,Glasgow,facial,22,0,0,2026-06-17
Q001825,GB,London,gym,18,1,0,2026-06-10
Q001826,GB,London,personal trainer,0,0,0,2026-06-26
Q001827,GB,London,go karting,11,1,0,2026-06-27
Q001828,GB,London,go karting,16,1,0,2026-06-06
Q001829,GB,Manchester,sports massage,10,1,0,2026-06-09
Q001830,GB,Glasgow,hot air balloon ride,0,0,0,2026-06-06
Q001831,GB,London,manicure,1,1,0,2026-06-15
Q001832,GB,London,gym,21,0,0,2026-06-01
Q001833,GB,London,shark divinng,0,0,0,2026-06-21
Q001834,GB,London,sports massage,1,0,0,2026-06-26
Q001835,GB,Manchester,manicure,12,0,0,2026-06-04
Q001836,GB,London,go karting,0,0,0,2026-06-05
Q001837,GB,London,manicure,0,0,0,2026-06-15
Q001838,GB,London,thai massage,6,0,0,2026-06-21
Q001839,GB,Manchester,gym,25,1,1,2026-06-16
Q001840,GB,London,personal trainer,1,0,0,2026-06-19
Q001841,GB,Birmingham,paintball,19,1,1,2026-06-25
Q001842,GB,London,thai massage,19,1,0,2026-06-05
Q001843,GB,London,thai massage,23,0,0,2026-06-02
Q001844,GB,London,escape room,23,0,0,2026-06-18
Q001845,GB,London,haircut,0,0,0,2026-06-23
Q001846,GB,London,shark diving,0,0,0,2026-06-14
Q001847,GB,Birmingham,back massage,22,1,1,2026-06-14
Q001848,GB,Manchester,indian restaurant,1,0,0,2026-06-07
Q001849,GB,London,indian restaurant,16,1,1,2026-06-09
Q001850,GB,London,hair colour,23,0,0,2026-06-21
Q001851,GB,Manchester,escape room,9,1,1,2026-06-05
Q001852,GB,Manchester,back massage,17,0,0,2026-06-20
Q001853,GB,Manchester,facial,0,0,0,2026-06-10
Q001854,GB,Manchester,yoga class,2,0,0,2026-06-02
Q001855,GB,London,go karting,24,0,0,2026-06-21
Q001856,GB,London,eyelash extensions,2,0,0,2026-06-12
Q001857,GB,London,escape room,11,0,0,2026-06-21
Q001858,GB,Manchester,eyelash extensions,10,1,0,2026-06-01
Q001859,GB,London,indian restaurant,4,0,0,2026-06-03
Q001860,GB,London,escape room,2,0,0,2026-06-11
Q001861,GB,London,hair colour,24,1,0,2026-06-19
Q001862,GB,London,supercar track day,0,0,0,2026-06-12
Q001863,GB,Glasgow,shark diving,0,0,0,2026-06-16
Q001864,GB,Birmingham,indian restaurant,21,1,0,2026-06-16
Q001865,GB,London,personal trainer,5,0,0,2026-06-05
Q001866,GB,Glasgow,personal trainer,18,0,0,2026-06-16
Q001867,GB,Manchester,manicure,2,0,0,2026-06-21
Q001868,GB,Manchester,hot air balloon ride,0,0,0,2026-06-17
Q001869,GB,Manchester,helicopter tour,0,0,0,2026-06-28
Q001870,GB,Glasgow,supercar track day,0,0,0,2026-06-04
Q001871,GB,London,deep tissue massage,19,1,0,2026-06-09
Q001872,GB,Birmingham,gym,2,0,0,2026-06-03
Q001873,GB,Manchester,facial,11,0,0,2026-06-09
Q001874,GB,London,heliaopter tour,0,0,0,2026-06-25
Q001875,GB,Birmingham,steak dinner,19,0,0,2026-06-24
Q001876,GB,Birmingham,haircut,1,0,0,2026-06-05
Q001877,GB,Birmingham,crossfit,1,0,0,2026-06-05
Q001878,GB,London,thai massage,7,1,1,2026-06-20
Q001879,GB,London,eyelash extensions,2,0,0,2026-06-12
Q001880,GB,London,helicopter tour,0,0,0,2026-06-02
Q001881,GB,London,eyelash extensiens,2,0,0,2026-06-09
Q001882,GB,Glasgow,yoga class,18,0,0,2026-06-20
Q001883,GB,London,eyelash extensions,0,0,0,2026-06-03
Q001884,GB,Birmingham,shark diving,0,0,0,2026-06-27
Q001885,GB,London,hot air balloon ride,0,0,0,2026-06-01
Q001886,GB,Manchester,haircut,19,1,0,2026-06-28
Q001887,GB,London,supercar track dday,0,0,0,2026-06-22
Q001888,GB,London,brunch,5,1,0,2026-06-20
Q001889,GB,Manchester,steak dinner,2,0,0,2026-06-26
Q001890,GB,London,escape room,12,0,0,2026-06-30
Q001891,GB,London,manicure,2,0,0,2026-06-08
Q001892,GB,London,deep tissue mssage,1,0,0,2026-06-07
Q001893,GB,Manchester,indian restaurant,11,0,0,2026-06-20
Q001894,GB,London,facial,2,0,0,2026-06-08
Q001895,GB,London,gym,25,0,0,2026-06-06
Q001896,GB,Birmingham,escape room,5,1,1,2026-06-05
Q001897,GB,London,sushi,1,0,0,2026-06-06
Q001898,GB,London,hot air balloon rde,0,0,0,2026-06-10
Q001899,GB,Manchester,pizza deal,8,0,0,2026-06-04
Q001900,GB,London,sushi,1,0,0,2026-06-14
Q001901,GB,London,personal trainer,19,0,0,2026-06-30
Q001902,GB,London,couples massage,9,0,0,2026-06-04
Q001903,GB,London,steak dinner,5,1,0,2026-06-12
Q001904,GB,Manchester,gym,19,1,0,2026-06-27
Q001905,GB,London,supercartrack day,0,0,0,2026-06-21
Q001906,GB,London,yoga class,23,1,0,2026-06-01
Q001907,GB,London,personal trainer,0,0,0,2026-06-24
Q001908,GB,Birmingham,sports massage,13,0,0,2026-06-08
Q001909,GB,Manchester,escape room,0,0,0,2026-06-10
Q001910,GB,Birmingham,baek massage,20,0,0,2026-06-14
Q001911,GB,Birmingham,helicopter tour,0,0,0,2026-06-19
Q001912,GB,Manchester,supercar tracck day,0,0,0,2026-06-21
Q001913,GB,Glasgow,paintball,14,1,0,2026-06-15
Q001914,GB,London,supercar track day,0,0,0,2026-06-02
Q001915,GB,Birmingham,brunch,2,0,0,2026-06-18
Q001916,GB,Birmingham,pilates,13,0,0,2026-06-29
Q001917,GB,London,crossfit,15,0,0,2026-06-15
Q001918,GB,Glasgow,hot air balloon ride,0,0,0,2026-06-11
Q001919,GB,London,bowling,10,0,0,2026-06-28
Q001920,GB,Manchester,pilates,11,1,0,2026-06-14
Q001921,GB,Birmingham,pizza deal,2,0,0,2026-06-19
Q001922,GB,Birmingham,helicopter tour,0,0,0,2026-06-19
Q001923,GB,Birmingham,skydiving,0,0,0,2026-06-04
Q001924,GB,London,brunch,0,0,0,2026-06-10
Q001925,GB,Glasgow,indian restaurant,2,0,0,2026-06-27
Q001926,GB,Manchester,crossfit,20,1,1,2026-06-22
Q001927,GB,Glasgow,skydiving,0,0,0,2026-06-26
Q001928,GB,Manchester,steak dinner,8,1,0,2026-06-26
Q001929,GB,London,indian restaurant,23,0,0,2026-06-12
Q001930,GB,London,personal trainer,19,1,1,2026-06-30
Q001931,GB,London,sports massagge,10,1,1,2026-06-18
Q001932,GB,Birmingham,paintball,19,1,1,2026-06-28
Q001933,GB,Birmingham,crossfit,21,1,0,2026-06-04
Q001934,GB,London,skydiving,0,0,0,2026-06-10
Q001935,GB,Manchester,escape room,2,0,0,2026-06-20
Q001936,GB,Birmingham,supercar track day,0,0,0,2026-06-02
Q001937,GB,Manchester,manicure,16,1,0,2026-06-10
Q001938,GB,Glasgow,yoga class,2,0,0,2026-06-22
Q001939,GB,London,crossfit,7,1,0,2026-06-01
Q001940,GB,London,personal trainer,15,1,1,2026-06-12
Q001941,GB,London,couples massage,0,0,0,2026-06-29
Q001942,GB,Glasgow,yoga class,4,1,0,2026-06-05
Q001943,GB,London,brunch,5,0,0,2026-06-19
Q001944,GB,Birmingham,eyelash extensions,21,0,0,2026-06-08
Q001945,GB,London,steak dinner,5,1,0,2026-06-22
Q001946,GB,Manchester,escape room,16,1,0,2026-06-22
Q001947,GB,Birmingham,city tour,0,0,0,2026-06-24
Q001948,GB,London,skydiving,0,0,0,2026-06-04
Q001949,GB,Manchester,pilates,10,0,0,2026-06-21
Q001950,GB,Birmingham,hot air balloon ride,0,0,0,2026-06-18
Q001951,GB,Manchester,sports massage,2,0,0,2026-06-23
Q001952,GB,London,sushi,1,0,0,2026-06-11
Q001953,GB,London,back massage,18,0,0,2026-06-16
Q001954,GB,Birmingham,go karting,18,1,0,2026-06-04
Q001955,GB,London,helicopter tour,0,0,0,2026-06-14
Q001956,GB,London,shark diving,0,0,0,2026-06-27
Q001957,GB,Birmingham,city tour,13,0,0,2026-06-10
Q001958,GB,London,haircut,37,0,0,2026-06-03
Q001959,GB,Glasgow,escape room,1,0,0,2026-06-05
Q001960,GB,London,skydiving,0,0,0,2026-06-24
Q001961,GB,Birmingham,shark diving,0,0,0,2026-06-14
Q001962,GB,London,skydiving,0,0,0,2026-06-15
Q001963,GB,London,shark diving,0,0,0,2026-06-08
Q001964,GB,London,shark diving,0,0,0,2026-06-25
Q001965,GB,Manchester,back massage,2,0,0,2026-06-10
Q001966,GB,Manchester,pizzza deal,7,1,1,2026-06-29
Q001967,GB,Birmingham,escape rooom,17,1,0,2026-06-21
Q001968,GB,London,hot air balloon ride,0,0,0,2026-06-23
Q001969,GB,Birmingham,city tour,10,0,0,2026-06-24
Q001970,GB,Glasgow,deep tissue massage,0,0,0,2026-06-05
Q001971,GB,London,eyelash extensions,4,1,1,2026-06-05
Q001972,GB,London,sushi,25,0,0,2026-06-04
Q001973,GB,London,thai massage,4,0,0,2026-06-24
Q001974,GB,Manchester,facial,1,0,0,2026-06-09
Q001975,GB,Birmingham,yoga class,14,0,0,2026-06-04
Q001976,GB,London,personal trainer,22,0,0,2026-06-09
Q001977,GB,Birmingham,shark diving,0,0,0,2026-06-13
Q001978,GB,Manchester,indian restaurant,1,0,0,2026-06-17
Q001979,GB,London,facial,9,0,0,2026-06-02
Q001980,GB,London,helicopter tour,0,0,0,2026-06-03
Q001981,GB,Glasgow,city tour,5,1,1,2026-06-14
Q001982,GB,London,helicopter tour,0,0,0,2026-06-02
Q001983,GB,London,paintball,2,1,0,2026-06-01
Q001984,GB,Birmingham,couples massage,2,0,0,2026-06-29
Q001985,GB,Manchester,yoga class,23,1,0,2026-06-26
Q001986,GB,Manchester,indian restaurant,5,1,0,2026-06-09
Q001987,GB,Glasgow,facial,10,1,0,2026-06-21
Q001988,GB,London,pilates,8,0,0,2026-06-24
Q001989,GB,London,hair colour,7,0,0,2026-06-28
Q001990,GB,Birmingham,helicopter tour,0,0,0,2026-06-26
Q001991,GB,London,back massage,5,1,1,2026-06-12
Q001992,GB,Manchester,steak dinner,2,0,0,2026-06-23
Q001993,GB,Manchester,manicure,22,0,0,2026-06-27
Q001994,GB,Manchester,pizza deal,0,0,0,2026-06-11
Q001995,GB,Manchester,gym,8,0,0,2026-06-30
Q001996,GB,London,sports massage,4,1,1,2026-06-30
Q001997,GB,Manchester,helicopter tour,0,0,0,2026-06-28
Q001998,GB,London,eyelash extensions,5,0,0,2026-06-05
Q001999,GB,London,thai massage,10,1,0,2026-06-22
Q002000,GB,Birmingham,deep tissue massage,1,0,0,2026-06-11
Q002001,GB,London,pilates,10,1,0,2026-06-23
Q002002,GB,Manchester,paintball,2,1,0,2026-06-23
Q002003,GB,Glasgow,helicopter tour,0,0,0,2026-06-28
Q002004,GB,London,bowling,21,0,0,2026-06-28
Q002005,GB,Birmingham,personal trainer,18,0,0,2026-06-23
Q002006,GB,London,paintball,19,0,0,2026-06-13
Q002007,GB,London,back  massage,2,0,0,2026-06-16
Q002008,GB,London,facial,7,1,0,2026-06-05
Q002009,GB,London,facial,8,1,0,2026-06-27
Q002010,GB,London,susei,5,0,0,2026-06-13
Q002011,GB,Birmingham,skydiving,0,0,0,2026-06-07
Q002012,GB,Manchester,city tour,9,0,0,2026-06-19
Q002013,GB,London,sushi,30,0,0,2026-06-28
Q002014,GB,London,eyelash extensions,0,0,0,2026-06-25
Q002015,GB,London,pilates,22,1,0,2026-06-07
Q002016,GB,Birmingham,paintball,8,0,0,2026-06-05
Q002017,GB,London,haircut,23,1,0,2026-06-03
Q002018,GB,Glasgow,deep tissue massage,18,1,0,2026-06-19
Q002019,GB,London,go karting,12,1,0,2026-06-25
Q002020,GB,London,hot air balloon ride,0,0,0,2026-06-07
Q002021,GB,Manchester,deep tissue massage,4,1,1,2026-06-23
Q002022,GB,London,bowling,21,1,0,2026-06-30
Q002023,GB,London,supercarutrack day,0,0,0,2026-06-30
Q002024,GB,Birmingham,skydiving,0,0,0,2026-06-17
Q002025,GB,Birmingham,supercar track day,0,0,0,2026-06-22
Q002026,GB,Glasgow,superrcar track day,0,0,0,2026-06-04
Q002027,GB,London,pizza deal,24,1,0,2026-06-12
Q002028,GB,Manchester,couples massage,11,1,0,2026-06-13
Q002029,GB,Manchester,sushi,25,1,1,2026-06-28
Q002030,GB,London,indian restaurant,0,0,0,2026-06-15
Q002031,GB,London,gym,22,0,0,2026-06-28
Q002032,GB,Glasgow,brunch,17,0,0,2026-06-15
Q002033,GB,London,thai massage,22,1,1,2026-06-09
Q002034,GB,Manchester,sports massage,1,0,0,2026-06-04
Q002035,GB,Glasgow,helicopter tour,0,0,0,2026-06-01
Q002036,GB,Glasgow,bruuch,19,1,0,2026-06-09
Q002037,GB,Manchester,bacck massage,23,1,0,2026-06-26
Q002038,GB,London,skydiving,0,0,0,2026-06-30
Q002039,GB,Manchester,personal trainer,12,0,0,2026-06-02
Q002040,GB,London,escape room,13,1,1,2026-06-15
Q002041,GB,Glasgow,hot air balloon ride,0,0,0,2026-06-10
Q002042,GB,Birmingham,deep tissue massage,6,1,1,2026-06-15
Q002043,GB,Birmingham,supercar track day,0,0,0,2026-06-02
Q002044,GB,Manchester,brunch,0,0,0,2026-06-12
Q002045,GB,London,pilates,11,0,0,2026-06-19
Q002046,GB,London,paintball,22,1,0,2026-06-26
Q002047,GB,Birmingham,back masoage,15,1,1,2026-06-08
Q002048,GB,Manchester,haircut,18,1,0,2026-06-30
Q002049,GB,Manchester,escape room,6,1,0,2026-06-11
Q002050,GB,Birmingham,indian restaurant,22,0,0,2026-06-28
Q002051,GB,London,shark diving,0,0,0,2026-06-22
Q002052,GB,London,hot air balloon ride,0,0,0,2026-06-07
Q002053,GB,London,hair colour,16,1,0,2026-06-23
Q002054,GB,London,skydiving,0,0,0,2026-06-05
Q002055,GB,London,hot air balloon ride,0,0,0,2026-06-03
Q002056,GB,Manchester,brunch,0,0,0,2026-06-14
Q002057,GB,Birmingham,yoga class,0,0,0,2026-06-15
Q002058,GB,London,haircut,23,0,0,2026-06-23
Q002059,GB,London,city tour,7,1,1,2026-06-09
Q002060,GB,London,city tour,11,1,1,2026-06-07
Q002061,GB,London,eyelash extensions,9,1,1,2026-06-14
Q002062,GB,London,sushi,0,0,0,2026-06-25
Q002063,GB,Manchester,helicopter tour,0,0,0,2026-06-07
Q002064,GB,London,gym,37,0,0,2026-06-14
Q002065,GB,London,couples massage,17,1,0,2026-06-20
Q002066,GB,Manchester,helicopter tour,0,0,0,2026-06-13
Q002067,GB,London,pizza deal,0,0,0,2026-06-23
Q002068,GB,London,paintball,0,0,0,2026-06-05
Q002069,GB,Manchester,pizza deal,9,0,0,2026-06-23
Q002070,GB,London,shark diving,0,0,0,2026-06-25
Q002071,GB,Glasgow,skydiving,0,0,0,2026-06-16
Q002072,GB,London,pilates,12,0,0,2026-06-03
Q002073,GB,Birmingham,supercar track day,0,0,0,2026-06-18
Q002074,GB,Glasgow,city tor,12,1,0,2026-06-11
Q002075,GB,Birmingham,thai massage,2,1,0,2026-06-05
Q002076,GB,London,fcial,19,0,0,2026-06-21
Q002077,GB,London,city tour,14,1,1,2026-06-22
Q002078,GB,Glasgow,steak dinner,0,0,0,2026-06-18
Q002079,GB,London,helicopter tour,0,0,0,2026-06-04
Q002080,GB,London,susshi,2,0,0,2026-06-13
Q002081,GB,London,bowling,1,1,1,2026-06-11
Q002082,GB,Birmingham,facial,2,0,0,2026-06-25
Q002083,GB,Manchester,facial,10,1,0,2026-06-12
Q002084,GB,London,couples massage,20,1,0,2026-06-18
Q002085,GB,Manchester,gym,22,0,0,2026-06-24
Q002086,GB,London,brunch,35,0,0,2026-06-13
Q002087,GB,London,pizza deal,25,1,0,2026-06-07
Q002088,GB,Manchester,haircut,21,0,0,2026-06-17
Q002089,GB,Manchester,personal trainer,11,0,0,2026-06-14
Q002090,GB,Birmingham,thai massage,2,0,0,2026-06-21
Q002091,GB,London,yoga class,2,0,0,2026-06-30
Q002092,GB,London,deep tissue massage,1,0,0,2026-06-19
Q002093,GB,London,crossfit,23,1,0,2026-06-28
Q002094,GB,Birmingham,steak inner,14,1,0,2026-06-11
Q002095,GB,London,crossfit,4,1,1,2026-06-07
Q002096,GB,Birmingham,steak dinner,40,0,0,2026-06-17
Q002097,GB,London,crossfit,25,0,0,2026-06-27
Q002098,GB,London,gym,0,0,0,2026-06-01
Q002099,GB,Manchester,steak dinner,13,0,0,2026-06-02
Q002100,GB,London,city tour,2,0,0,2026-06-23
Q002101,GB,London,eyelash extensions,12,1,0,2026-06-27
Q002102,GB,London,deep tissue massage,1,0,0,2026-06-26
Q002103,GB,Manchester,hair colour,0,0,0,2026-06-01
Q002104,GB,London,sushi,1,0,0,2026-06-12
Q002105,GB,London,skydiving,0,0,0,2026-06-25
Q002106,GB,Glasgow,hot air balloon ride,0,0,0,2026-06-26
Q002107,GB,London,supercar track day,0,0,0,2026-06-27
Q002108,GB,Birmingham,thai massage,20,1,0,2026-06-20
Q002109,GB,London,escape room,23,1,0,2026-06-25
Q002110,GB,London,facial,1,0,0,2026-06-24
Q002111,GB,London,sports massage,0,0,0,2026-06-12
Q002112,GB,Glasgow,paintball,22,1,0,2026-06-25
Q002113,GB,London,supercar track day,0,0,0,2026-06-17
Q002114,GB,Birmingham,hair couour,21,0,0,2026-06-08
Q002115,GB,London,haircut,1,0,0,2026-06-04
Q002116,GB,Birmingham,crossfit,2,0,0,2026-06-12
Q002117,GB,Birmingham,back massage,20,0,0,2026-06-30
Q002118,GB,Glasgow,eyelash extensions,2,0,0,2026-06-29
Q002119,GB,Manchester,couples massage,13,0,0,2026-06-14
Q002120,GB,Manchester,eyelash extesions,11,0,0,2026-06-22
Q002121,GB,London,thai massage,1,0,0,2026-06-18
Q002122,GB,Manchester,facial,16,0,0,2026-06-12
Q002123,GB,London,pilates,12,1,1,2026-06-15
Q002124,GB,London,thai massage,6,1,0,2026-06-13
Q002125,GB,Birmingham,thai massage,19,1,1,2026-06-05
Q002126,GB,London,hair colour,21,1,0,2026-06-12
Q002127,GB,London,indian restaurant,24,0,0,2026-06-23
Q002128,GB,Manchester,yoga claos,39,0,0,2026-06-28
Q002129,GB,London,hair colour,0,0,0,2026-06-13
Q002130,GB,London,hair colour,0,0,0,2026-06-05
Q002131,GB,Manchester,go karting,11,0,0,2026-06-09
Q002132,GB,London,sports massage,15,1,1,2026-06-16
Q002133,GB,London,shark diving,0,0,0,2026-06-25
Q002134,GB,Manchester,couples massage,1,0,0,2026-06-30
Q002135,GB,London,crossfit,9,1,0,2026-06-23
Q002136,GB,Glasgow,indian restaurant,20,1,1,2026-06-08
Q002137,GB,London,indian restaurant,16,1,0,2026-06-08
Q002138,GB,London,steak dinner,11,0,0,2026-06-19
Q002139,GB,London,hair colour,2,0,0,2026-06-01
Q002140,GB,London,manicure,7,1,1,2026-06-23
Q002141,GB,London,personal trainer,9,0,0,2026-06-06
Q002142,GB,London,sports massage,34,0,0,2026-06-22
Q002143,GB,Birmingham,gym,2,0,0,2026-06-10
Q002144,GB,Birmingham,gym,2,0,0,2026-06-13
Q002145,GB,Glasgow,gym,2,0,0,2026-06-13
Q002146,GB,Birmingham,personal trainer,22,0,0,2026-06-26
Q002147,GB,London,deep tissue massage,37,1,0,2026-06-04
Q002148,GB,Birmingham,sushi,2,0,0,2026-06-04
Q002149,GB,London,sushi,29,0,0,2026-06-25
Q002150,GB,Manchester,indian restaurant,21,0,0,2026-06-14
Q002151,GB,Glasgow,crossfit,15,1,1,2026-06-22
Q002152,GB,London,skydiving,0,0,0,2026-06-25
Q002153,GB,London,hair colour,22,1,0,2026-06-18
Q002154,GB,London,back massage,18,1,0,2026-06-25
Q002155,GB,Glasgow,manicure,1,0,0,2026-06-30
Q002156,GB,London,yoga class,15,1,0,2026-06-05
Q002157,GB,Glasgow,skydiving,0,0,0,2026-06-22
Q002158,GB,Birmingham,gym,1,0,0,2026-06-06
Q002159,GB,Manchester,city tour,13,1,0,2026-06-30
Q002160,GB,London,helicopter tour,0,0,0,2026-06-12
Q002161,GB,London,crossfit,17,0,0,2026-06-05
Q002162,GB,London,pilates,10,0,0,2026-06-03
Q002163,GB,London,manicure,22,1,1,2026-06-20
Q002164,GB,London,hair colour,14,1,1,2026-06-09
Q002165,GB,Birmingham,yoga class,25,1,0,2026-06-26
Q002166,GB,Manchester,pilates,21,0,0,2026-06-08
Q002167,GB,Glasgow,back massage,4,1,0,2026-06-26
Q002168,GB,London,shark diving,0,0,0,2026-06-08
Q002169,GB,Glasgow,skydiving,0,0,0,2026-06-05
Q002170,GB,Manchester,gym,26,0,0,2026-06-17
Q002171,GB,Manchester,brunch,0,0,0,2026-06-12
Q002172,GB,London,crossfit,1,1,0,2026-06-30
Q002173,GB,London,brunch,14,0,0,2026-06-22
Q002174,GB,Manchester,paintball,13,1,0,2026-06-09
Q002175,GB,London,yoga class,1,0,0,2026-06-19
Q002176,GB,London,hair colour,0,0,0,2026-06-26
Q002177,GB,London,pizza deal,1,0,0,2026-06-20
Q002178,GB,Manchester,sports massage,0,0,0,2026-06-04
Q002179,GB,Birmingham,crossfit,16,0,0,2026-06-05
Q002180,GB,London,eyelash extensions,2,0,0,2026-06-21
Q002181,GB,Manchester,pilates,15,0,0,2026-06-30
Q002182,GB,London,thai massage,0,0,0,2026-06-25
Q002183,GB,London,paintball,20,0,0,2026-06-06
Q002184,GB,London,escape room,19,1,0,2026-06-14
Q002185,GB,London,hot air balloon ride,0,0,0,2026-06-13
Q002186,GB,Manchester,pizza deal,21,0,0,2026-06-10
Q002187,GB,Birmingham,crossfit,24,0,0,2026-06-15
Q002188,GB,Glasgow,indian restaurant,0,0,0,2026-06-12
Q002189,GB,Glasgow,personal trainer,0,0,0,2026-06-05
Q002190,GB,Manchester,bowling,1,0,0,2026-06-07
Q002191,GB,Birmingham,eyelash extensions,14,1,1,2026-06-04
Q002192,GB,Glasgow,paintball,2,0,0,2026-06-24
Q002193,GB,London,go karting,14,0,0,2026-06-13
Q002194,GB,Manchester,manicure,0,0,0,2026-06-08
Q002195,GB,Birmingham,brunch,4,0,0,2026-06-03
Q002196,GB,Manchester,hot air balloon ride,0,0,0,2026-06-05
Q002197,GB,London,crossfit,21,1,0,2026-06-03
Q002198,GB,Birmingham,indian restaurant,2,1,0,2026-06-04
Q002199,GB,London,indian restaurant,2,0,0,2026-06-13
Q002200,GB,London,haircut,22,1,0,2026-06-10
Q002201,GB,London,eyelash extensions,39,0,0,2026-06-15
Q002202,GB,London,skydiving,0,0,0,2026-06-05
Q002203,GB,Glasgow,shark diving,0,0,0,2026-06-09
Q002204,GB,Glasgow,facial,35,0,0,2026-06-05
Q002205,GB,Manchester,steak dinner,21,1,0,2026-06-23
Q002206,GB,Birmingham,sushi,13,1,1,2026-06-02
Q002207,GB,London,eyelash extensions,14,1,0,2026-06-01
Q002208,GB,Manchester,hot air balloon ride,0,0,0,2026-06-24
Q002209,GB,London,paiatball,0,0,0,2026-06-22
Q002210,GB,London,paintball,12,0,0,2026-06-04
Q002211,GB,London,hot air balloon ride,0,0,0,2026-06-01
Q002212,GB,Glasgow,crossfit,19,1,0,2026-06-19
Q002213,GB,Birmingham,piilates,9,0,0,2026-06-20
Q002214,GB,London,shark diving,0,0,0,2026-06-27
Q002215,GB,Birmingham,crossfit,6,0,0,2026-06-16
Q002216,GB,London,eyelash extensions,16,1,0,2026-06-07
Q002217,GB,London,eyelash extensions,0,0,0,2026-06-27
Q002218,GB,Birmingham,steak dinner,12,1,0,2026-06-03
Q002219,GB,Birmingham,escape room,1,0,0,2026-06-01
Q002220,GB,Glasgow,hircut,15,1,0,2026-06-23
Q002221,GB,Manchester,city tour,17,1,0,2026-06-11
Q002222,GB,Birmingham,personal trainer,16,0,0,2026-06-29
Q002223,GB,London,helicopter tour,0,0,0,2026-06-15
Q002224,GB,London,city tour,1,0,0,2026-06-11
Q002225,GB,Birmingham,manicure,2,0,0,2026-06-06
Q002226,GB,Manchester,indian restaurant,19,1,0,2026-06-20
Q002227,GB,Birmingham,facial,2,0,0,2026-06-22
Q002228,GB,London,helicopter tour,0,0,0,2026-06-06
Q002229,GB,Glasgow,gym,19,1,0,2026-06-30
Q002230,GB,Manchester,thai massage,17,0,0,2026-06-07
Q002231,GB,Glasgow,sushi,1,0,0,2026-06-15
Q002232,GB,London,steik dinner,1,0,0,2026-06-20
Q002233,GB,Birmingham,hair colour,2,0,0,2026-06-09
Q002234,GB,London,skydiving,0,0,0,2026-06-25
Q002235,GB,London,sushi,1,1,0,2026-06-07
Q002236,GB,Manchester,gym,1,0,0,2026-06-14
Q002237,GB,London,bowling,14,1,0,2026-06-28
Q002238,GB,London,facial,12,1,0,2026-06-26
Q002239,GB,Birmingham,personal trainer,0,0,0,2026-06-04
Q002240,GB,Birmingham,sports massage,11,1,0,2026-06-24
Q002241,GB,Manchester,sushi,19,0,0,2026-06-20
Q002242,GB,London,pizza deal,21,1,0,2026-06-30
Q002243,GB,Manchester,pilates,2,0,0,2026-06-10
Q002244,GB,Birmingham,sports massage,7,1,0,2026-06-11
Q002245,GB,Birmingham,steak dinner,1,0,0,2026-06-22
Q002246,GB,London,personal trainer,28,1,0,2026-06-06
Q002247,GB,London,crossfit,0,0,0,2026-06-06
Q002248,GB,London,deep tissue massage,4,0,0,2026-06-04
Q002249,GB,London,helicopter tour,0,0,0,2026-06-16
Q002250,GB,London,go karting,1,0,0,2026-06-22
Q002251,GB,Manchester,yoga class,23,0,0,2026-06-29
Q002252,GB,Manchester,haircut,2,0,0,2026-06-25
Q002253,GB,Birmingham,go karting,1,0,0,2026-06-17
Q002254,GB,Birmingham,hot air balloon ride,0,0,0,2026-06-06
Q002255,GB,London,crossfit,24,1,0,2026-06-19
Q002256,GB,London,city tour,2,0,0,2026-06-02
Q002257,GB,Birmingham,hair colour,14,1,0,2026-06-24
Q002258,GB,Birmingham,crossfit,0,0,0,2026-06-18
Q002259,GB,London,bowling,1,0,0,2026-06-26
Q002260,GB,London,helicopter tour,0,0,0,2026-06-30
Q002261,GB,Manchester,supercar track dy,0,0,0,2026-06-08
Q002262,GB,London,deep tissue massage,22,1,0,2026-06-24
Q002263,GB,Manchester,supercar track day,0,0,0,2026-06-16
Q002264,GB,Manchester,pilates,2,0,0,2026-06-04
Q002265,GB,Manchester,crossfit,13,1,0,2026-06-29
Q002266,GB,Manchester,gym,11,1,0,2026-06-04
Q002267,GB,Birmingham,facial,13,0,0,2026-06-22
Q002268,GB,London,indian restaurant,2,0,0,2026-06-16
Q002269,GB,London,skydiving,0,0,0,2026-06-19
Q002270,GB,London,escape room,0,0,0,2026-06-10
Q002271,GB,Manchester,go karting,1,0,0,2026-06-08
Q002272,GB,London,sushi,5,1,0,2026-06-24
Q002273,GB,London,helicopter tour,0,0,0,2026-06-20
Q002274,GB,Manchester,back massage,0,0,0,2026-06-17
Q002275,GB,Manchester,escape room,0,0,0,2026-06-08
Q002276,GB,Manchester,personal trainer,8,0,0,2026-06-25
Q002277,GB,Birmingham,crossfit,20,0,0,2026-06-27
Q002278,GB,London,bowling,18,0,0,2026-06-30
Q002279,GB,London,facial,18,1,1,2026-06-08
Q002280,GB,Birmingham,bowling,25,1,1,2026-06-18
Q002281,GB,London,paintball,16,1,0,2026-06-16
Q002282,GB,Birmingham,helicopter tour,0,0,0,2026-06-01
Q002283,GB,Birmingham,bowling,11,1,0,2026-06-16
Q002284,GB,Glasgow,pilates,1,0,0,2026-06-08
Q002285,GB,Glasgow,hot air balloon ride,0,0,0,2026-06-22
Q002286,GB,London,skydiving,0,0,0,2026-06-23
Q002287,GB,London,bowling,25,1,0,2026-06-07
Q002288,GB,Birmingham,pizza deal,2,0,0,2026-06-29
Q002289,GB,Manchester,facial,2,0,0,2026-06-08
Q002290,GB,Manchester,skydiving,0,0,0,2026-06-26
Q002291,GB,Glasgow,haircut,25,1,1,2026-06-08
Q002292,GB,London,yoga class,5,0,0,2026-06-11
Q002293,GB,London,back massage,35,0,0,2026-06-01
Q002294,GB,Manchester,thai massage,1,0,0,2026-06-27
Q002295,GB,Birmingham,skydiving,0,0,0,2026-06-12
Q002296,GB,Glasgow,pilates,9,0,0,2026-06-10
Q002297,GB,Birmingham,city tour,18,0,0,2026-06-17
Q002298,GB,Birmingham,shark diving,0,0,0,2026-06-03
Q002299,GB,London,supercar track day,0,0,0,2026-06-24
Q002300,GB,Birmingham,shark diving,0,0,0,2026-06-11
Q002301,GB,Glasgow,facial,12,1,1,2026-06-14
Q002302,GB,Manchester,gym,19,0,0,2026-06-20
Q002303,GB,London,pizza deal,8,1,0,2026-06-05
Q002304,GB,London,paintball,8,0,0,2026-06-13
Q002305,GB,Birmingham,crossfit,27,1,0,2026-06-10
Q002306,GB,Manchester,hot air balloon ride,0,0,0,2026-06-20
Q002307,GB,Birmingham,crossfit,7,0,0,2026-06-07
Q002308,GB,London,back massage,4,1,0,2026-06-12
Q002309,GB,London,pilates,10,1,0,2026-06-01
Q002310,GB,Birmingham,brunch,0,0,0,2026-06-30
Q002311,GB,Birmingham,couples massage,2,0,0,2026-06-12
Q002312,GB,London,deep tissue massage,4,1,1,2026-06-23
Q002313,GB,London,yoga class,8,1,0,2026-06-04
Q002314,GB,London,city tour,27,1,0,2026-06-27
Q002315,GB,London,deep tissue massage,0,0,0,2026-06-16
Q002316,GB,London,thai massage,24,0,0,2026-06-13
Q002317,GB,London,bowling,2,0,0,2026-06-04
Q002318,GB,Manchester,couples massage,6,0,0,2026-06-14
Q002319,GB,London,pilates,0,0,0,2026-06-21
Q002320,GB,London,pilates,9,1,0,2026-06-12
Q002321,GB,Manchester,indian restaurrant,8,0,0,2026-06-30
Q002322,GB,Birmingham,facial,0,0,0,2026-06-27
Q002323,GB,London,skydiving,0,0,0,2026-06-29
Q002324,GB,Manchester,city tour,18,0,0,2026-06-04
Q002325,GB,London,escape room,1,0,0,2026-06-09
Q002326,GB,Manchester,mancure,20,0,0,2026-06-28
Q002327,GB,Manchester,pizza deal,2,0,0,2026-06-12
Q002328,GB,Birmingham,sports massage,8,1,1,2026-06-22
Q002329,GB,Birmingham,facial,1,0,0,2026-06-12
Q002330,GB,Glasgow,crossfit,40,1,0,2026-06-10
Q002331,GB,London,sportts massage,1,0,0,2026-06-02
Q002332,GB,London,sushi,5,0,0,2026-06-07
Q002333,GB,London,eyelash extensions,5,1,0,2026-06-01
Q002334,GB,London,go karting,2,0,0,2026-06-25
Q002335,GB,London,pilates,30,1,0,2026-06-20
Q002336,GB,London,back massage,2,0,0,2026-06-04
Q002337,GB,London,sushi,21,1,1,2026-06-24
Q002338,GB,Glasgow,pizza deal,21,1,1,2026-06-24
Q002339,GB,London,steak dinner,6,0,0,2026-06-17
Q002340,GB,Manchester,gym,5,1,1,2026-06-13
Q002341,GB,Birmingham,sushi,9,1,0,2026-06-26
Q002342,GB,London,haircut,15,1,1,2026-06-20
Q002343,GB,Birmingham,crossfit,15,1,0,2026-06-23
Q002344,GB,Manchester,pilates,1,1,0,2026-06-28
Q002345,GB,London,personal trainer,2,0,0,2026-06-21
Q002346,GB,London,pizza deal,1,0,0,2026-06-02
Q002347,GB,London,brunch,2,0,0,2026-06-22
Q002348,GB,Manchester,yoga class,28,0,0,2026-06-01
Q002349,GB,London,indian restaurant,16,1,0,2026-06-13
Q002350,GB,Birmingham,gym,10,0,0,2026-06-04
Q002351,GB,London,back massage,29,0,0,2026-06-30
Q002352,GB,Manchester,crossfit,1,0,0,2026-06-22
Q002353,GB,London,go karting,12,1,0,2026-06-11
Q002354,GB,London,eyelash extensions,24,1,1,2026-06-08
Q002355,GB,London,deep tissue massage,20,0,0,2026-06-28
Q002356,GB,London,gym,1,0,0,2026-06-11
Q002357,GB,London,brunch,27,0,0,2026-06-08
Q002358,GB,Glasgow,gym,0,0,0,2026-06-20
Q002359,GB,Birmingham,haircut,0,0,0,2026-06-18
Q002360,GB,Glasgow,thai massage,26,0,0,2026-06-13
Q002361,GB,Birmingham,hair colour,9,0,0,2026-06-10
Q002362,GB,London,paintball,25,1,0,2026-06-22
Q002363,GB,Glasgow,personal trainer,10,0,0,2026-06-21
Q002364,GB,Glasgow,thai massage,2,0,0,2026-06-20
Q002365,GB,London,bowling,8,0,0,2026-06-03
Q002366,GB,Birmingham,city tuur,25,1,0,2026-06-02
Q002367,GB,Manchester,supercar track day,0,0,0,2026-06-02
Q002368,GB,Birmingham,haircut,2,1,0,2026-06-21
Q002369,GB,Birmingham,gym,36,0,0,2026-06-09
Q002370,GB,Glasgow,bowling,14,1,0,2026-06-08
Q002371,GB,London,indian restaurant,1,0,0,2026-06-26
Q002372,GB,Birmingham,brunch,1,0,0,2026-06-10
Q002373,GB,Glasgow,indian restaurant,5,1,0,2026-06-19
Q002374,GB,Birmingham,escape room,9,0,0,2026-06-17
Q002375,GB,Glasgow,hair colour,8,1,0,2026-06-19
Q002376,GB,Manchester,supercar track day,0,0,0,2026-06-23
Q002377,GB,London,hair colour,19,1,0,2026-06-05
Q002378,GB,London,gym,4,1,0,2026-06-22
Q002379,GB,London,hot air balloon ride,0,0,0,2026-06-26
Q002380,GB,London,thai massage,8,1,0,2026-06-12
Q002381,GB,Manchester,shark diving,0,0,0,2026-06-02
Q002382,GB,London,couples massage,38,1,0,2026-06-05
Q002383,GB,Glasgow,hair colour,0,0,0,2026-06-24
Q002384,GB,London,pizza deal,0,0,0,2026-06-16
Q002385,GB,Birmingham,helicopter tour,0,0,0,2026-06-22
Q002386,GB,Manchester,helicopter tour,0,0,0,2026-06-13
Q002387,GB,Manchester,manicure,2,0,0,2026-06-13
Q002388,GB,London,back massage,13,1,0,2026-06-27
Q002389,GB,Manchester,gym,7,0,0,2026-06-21
Q002390,GB,Birmingham,go karting,23,1,0,2026-06-13
Q002391,GB,London,yoga class,11,0,0,2026-06-12
Q002392,GB,London,personal trainer,2,0,0,2026-06-22
Q002393,GB,London,supercar track day,0,0,0,2026-06-14
Q002394,GB,London,indian restaurant,5,1,0,2026-06-01
Q002395,GB,Birmingham,brunch,6,0,0,2026-06-02
Q002396,GB,Manchester,pilates,1,0,0,2026-06-03
Q002397,GB,Birmingham,supercar track day,0,0,0,2026-06-08
Q002398,GB,London,helicopter tour,0,0,0,2026-06-14
Q002399,GB,Birmingham,crossfit,17,1,1,2026-06-17
Q002400,GB,Glasgow,eyelash extensions,17,0,0,2026-06-30
Q002401,GB,Manchester,pilates,13,1,0,2026-06-05
Q002402,GB,Glasgow,skydiving,0,0,0,2026-06-06
Q002403,GB,London,city tour,2,0,0,2026-06-01
Q002404,GB,London,escpe room,6,1,1,2026-06-21
Q002405,GB,Birmingham,hair colour,18,1,1,2026-06-18
Q002406,GB,London,deep tissue massage,1,1,0,2026-06-04
Q002407,GB,London,steak dinner,21,0,0,2026-06-30
Q002408,GB,Manchester,eyelash extensions,2,0,0,2026-06-11
Q002409,GB,London,manicure,12,0,0,2026-06-12
Q002410,GB,Birmingham,facial,9,1,1,2026-06-04
Q002411,GB,London,shark diving,0,0,0,2026-06-06
Q002412,GB,London,brunch,4,1,0,2026-06-04
Q002413,GB,Birmingham,steak dinner,2,0,0,2026-06-01
Q002414,GB,London,couples massage,0,0,0,2026-06-11
Q002415,GB,London,hot air balloon ride,0,0,0,2026-06-18
Q002416,GB,London,hair colour,2,0,0,2026-06-21
Q002417,GB,London,sushi,15,1,0,2026-06-29
Q002418,GB,Birmingham,city tour,28,0,0,2026-06-08
Q002419,GB,London,go karting,11,0,0,2026-06-23
Q002420,GB,London,brunch,25,0,0,2026-06-10
Q002421,GB,Birmingham,hot air balloon ride,0,0,0,2026-06-18
Q002422,GB,London,haircut,1,0,0,2026-06-09
Q002423,GB,Glasgow,eelash extensions,7,1,0,2026-06-17
Q002424,GB,Manchester,pilates,18,1,0,2026-06-29
Q002425,GB,London,eyelash extensions,0,0,0,2026-06-24
Q002426,GB,Glasgow,skydiving,0,0,0,2026-06-21
Q002427,GB,Glasgow,helicopter tour,0,0,0,2026-06-13
Q002428,GB,London,yoea class,2,0,0,2026-06-27
Q002429,GB,London,escape room,11,1,0,2026-06-17
Q002430,GB,Glasgow,sushi,1,0,0,2026-06-15
Q002431,GB,London,deep tissue massage,9,1,0,2026-06-07
Q002432,GB,Glasgow,crossfit,29,0,0,2026-06-05
Q002433,GB,London,escape room,25,1,0,2026-06-05
Q002434,GB,London,thii massage,25,0,0,2026-06-26
Q002435,GB,Birmingham,bowling,33,0,0,2026-06-04
Q002436,GB,Birmingham,back massage,1,0,0,2026-06-25
Q002437,GB,London,paintball,2,0,0,2026-06-29
Q002438,GB,London,personal trainer,32,0,0,2026-06-18
Q002439,GB,Manchester,escape room,23,0,0,2026-06-10
Q002440,GB,Glasgow,paintball,0,0,0,2026-06-21
Q002441,GB,Birmingham,couples massage,2,0,0,2026-06-05
Q002442,GB,Manchester,gym,2,0,0,2026-06-20
Q002443,GB,London,skydiving,0,0,0,2026-06-14
Q002444,GB,Birmingham,sushi,8,1,0,2026-06-06
Q002445,GB,London,skydiving,0,0,0,2026-06-07
Q002446,GB,Manchester,bowling,0,0,0,2026-06-29
Q002447,GB,Manchester,supercar track day,0,0,0,2026-06-29
Q002448,GB,Birmingham,escape room,24,0,0,2026-06-20
Q002449,GB,London,supercar track day,0,0,0,2026-06-16
Q002450,GB,London,deep tissue massage,25,0,0,2026-06-02
Q002451,GB,Manchester,hot air balloon ride,0,0,0,2026-06-27
Q002452,GB,London,yoga class,12,0,0,2026-06-22
Q002453,GB,Birmingham,bowing,14,0,0,2026-06-17
Q002454,GB,Manchester,thai massage,20,1,1,2026-06-07
Q002455,GB,Glasgow,pilates,22,1,1,2026-06-17
Q002456,GB,Birmingham,pizza deel,5,0,0,2026-06-07
Q002457,GB,Glasgow,skydiving,0,0,0,2026-06-25
Q002458,GB,London,bowling,1,1,0,2026-06-09
Q002459,GB,Manchester,pizza deal,17,1,1,2026-06-02
Q002460,GB,Manchester,yoga class,1,0,0,2026-06-14
Q002461,GB,London,brunch,20,0,0,2026-06-22
Q002462,GB,Birmingham,city tour,28,1,0,2026-06-06
Q002463,GB,Manchester,steak dinner,2,0,0,2026-06-05
Q002464,GB,Glasgow,paintball,13,0,0,2026-06-03
Q002465,GB,Glasgow,supercar track day,0,0,0,2026-06-13
Q002466,GB,Manchester,go karting,12,0,0,2026-06-07
Q002467,GB,Birmingham,bowling,15,0,0,2026-06-20
Q002468,GB,Birmingham,pilaees,21,0,0,2026-06-12
Q002469,GB,Manchester,deep tissue massage,14,0,0,2026-06-01
Q002470,GB,Manchester,skydiving,0,0,0,2026-06-08
Q002471,GB,London,city tour,15,1,0,2026-06-21
Q002472,GB,London,helicopter tour,0,0,0,2026-06-15
Q002473,GB,Birmingham,sushi,10,0,0,2026-06-18
Q002474,GB,London,hair colour,10,1,0,2026-06-15
Q002475,GB,London,eyelash extensions,0,0,0,2026-06-30
Q002476,GB,London,cityitour,14,1,1,2026-06-28
Q002477,GB,London,haircut,11,1,1,2026-06-09
Q002478,GB,Glasgow,haircut,7,1,0,2026-06-17
Q002479,GB,London,couples massage,12,0,0,2026-06-14
Q002480,GB,London,yoga class,0,0,0,2026-06-01
Q002481,GB,London,pilates,14,1,0,2026-06-25
Q002482,GB,London,steak dinner,24,1,0,2026-06-24
Q002483,GB,London,eyelash extensions,0,0,0,2026-06-18
Q002484,GB,London,helicopter tour,0,0,0,2026-06-22
Q002485,GB,London,indian restaurant,10,1,0,2026-06-12
Q002486,GB,London,deep tissue massage,0,0,0,2026-06-22
Q002487,GB,London,sushi,24,1,0,2026-06-25
Q002488,GB,Birmingham,crossfit,18,1,0,2026-06-06
Q002489,GB,London,sushi,37,0,0,2026-06-21
Q002490,GB,London,supercar track day,0,0,0,2026-06-07
Q002491,GB,London,pilates,23,0,0,2026-06-08
Q002492,GB,Glasgow,sports massage,0,0,0,2026-06-06
Q002493,GB,Glasgow,hot air bballoon ride,0,0,0,2026-06-17
Q002494,GB,London,pizza deal,23,1,0,2026-06-17
Q002495,GB,London,eyelash extensions,19,1,1,2026-06-16
Q002496,GB,London,manicure,1,0,0,2026-06-25
Q002497,GB,Glasgow,crossfit,1,0,0,2026-06-19
Q002498,GB,Birmingham,crossfit,0,0,0,2026-06-09
Q002499,GB,London,indian restaurant,40,1,1,2026-06-20
Q002500,GB,London,helicopter tour,0,0,0,2026-06-09
Q002501,GB,London,crossfit,14,1,0,2026-06-17
Q002502,GB,London,go karting,19,1,0,2026-06-03
Q002503,GB,London,back massage,1,0,0,2026-06-29
Q002504,GB,London,deep tissue massage,18,0,0,2026-06-19
Q002505,GB,Manchester,crossfit,7,0,0,2026-06-29
Q002506,GB,London,go karting,1,0,0,2026-06-21
Q002507,GB,Manchester,go karoing,24,1,1,2026-06-28
Q002508,GB,London,yoga class,0,0,0,2026-06-25
Q002509,GB,London,yoga class,11,0,0,2026-06-13
Q002510,GB,Glasgow,haircut,8,1,0,2026-06-19
Q002511,GB,London,gym,9,0,0,2026-06-03
Q002512,GB,Glasgow,supercar track day,0,0,0,2026-06-26
Q002513,GB,Birmingham,paintball,6,0,0,2026-06-22
Q002514,GB,London,hair colour,20,1,0,2026-06-27
Q002515,GB,Manchester,shark diving,0,0,0,2026-06-05
Q002516,GB,Birmingham,city tour,19,1,0,2026-06-03
Q002517,GB,Birmingham,haircut,11,0,0,2026-06-18
Q002518,GB,Manchester,hot air balloon ride,0,0,0,2026-06-17
Q002519,GB,London,hair colour,1,0,0,2026-06-04
Q002520,GB,Glasgow,gym,16,0,0,2026-06-02
Q002521,GB,Glasgow,shark diving,0,0,0,2026-06-07
Q002522,GB,London,gym,2,0,0,2026-06-13
Q002523,GB,London,eyelash extensions,0,0,0,2026-06-16
Q002524,GB,London,helicopter tour,0,0,0,2026-06-03
Q002525,GB,Birmingham,couples massage,25,0,0,2026-06-25
Q002526,GB,London,deep tissue massage,40,0,0,2026-06-16
Q002527,GB,Manchester,back massage,12,0,0,2026-06-07
Q002528,GB,London,indian restaurant,8,1,0,2026-06-06
Q002529,GB,London,supercar track  day,0,0,0,2026-06-24
Q002530,GB,London,crossfit,2,0,0,2026-06-27
Q002531,GB,Birmingham,hot air balloon ride,0,0,0,2026-06-22
Q002532,GB,Manchester,hair colour,19,0,0,2026-06-09
Q002533,GB,Manchester,indian restaurant,0,0,0,2026-06-13
Q002534,GB,London,manicure,0,0,0,2026-06-22
Q002535,GB,Glasgow,supercar track day,0,0,0,2026-06-03
Q002536,GB,Manchester,brunch,1,0,0,2026-06-11
Q002537,GB,Glasgow,deep tissue massage,2,0,0,2026-06-21
Q002538,GB,Birmingham,haircut,2,0,0,2026-06-29
Q002539,GB,Manchester,helicopter tour,0,0,0,2026-06-11
Q002540,GB,Manchester,back massage,1,1,0,2026-06-04
Q002541,GB,Birmingham,skydiving,0,0,0,2026-06-03
Q002542,GB,London,sports massage,2,0,0,2026-06-11
Q002543,GB,Birmingham,helicopter tour,0,0,0,2026-06-02
Q002544,GB,Manchester,eyelash extensions,10,1,0,2026-06-06
Q002545,GB,Birmingham,haircut,0,0,0,2026-06-09
Q002546,GB,London,skydiving,0,0,0,2026-06-18
Q002547,GB,London,indian restaurant,13,1,1,2026-06-03
Q002548,GB,London,manicure,10,0,0,2026-06-24
Q002549,GB,London,go karting,20,0,0,2026-06-23
Q002550,GB,Manchester,personal trainer,1,0,0,2026-06-14
Q002551,GB,London,helicopter tour,0,0,0,2026-06-23
Q002552,GB,Birmingham,helicopter tour,0,0,0,2026-06-04
Q002553,GB,Glasgow,escape room,35,0,0,2026-06-29
Q002554,GB,London,eyelash extensions,2,0,0,2026-06-25
Q002555,GB,London,facial,11,0,0,2026-06-16
Q002556,GB,Glasgow,escape room,11,1,0,2026-06-01
Q002557,GB,Birmingham,couples massage,16,1,0,2026-06-25
Q002558,GB,Manchester,deep tissue massage,0,0,0,2026-06-14
Q002559,GB,Manchester,pizza deal,0,0,0,2026-06-26
Q002560,GB,Manchester,indian restaurant,19,0,0,2026-06-07
Q002561,GB,London,skydiving,0,0,0,2026-06-15
Q002562,GB,Glasgow,pilates,1,0,0,2026-06-02
Q002563,GB,London,brunch,18,1,0,2026-06-13
Q002564,GB,Birmingham,thaiomassage,4,0,0,2026-06-06
Q002565,GB,London,hair colour,6,0,0,2026-06-03
Q002566,GB,Birmingham,supercar track day,0,0,0,2026-06-19
Q002567,GB,Birmingham,steak dinner,37,1,0,2026-06-09
Q002568,GB,Glasgow,shark diving,0,0,0,2026-06-22
Q002569,GB,London,steak dinner,1,0,0,2026-06-21
Q002570,GB,Birmingham,hot air balloon ride,0,0,0,2026-06-09
Q002571,GB,London,sports massage,20,0,0,2026-06-07
Q002572,GB,Manchester,steak dinner,10,0,0,2026-06-08
Q002573,GB,London,eyelash extensions,2,0,0,2026-06-04
Q002574,GB,Manchester,gym,21,0,0,2026-06-30
Q002575,GB,London,city tour,0,0,0,2026-06-30
Q002576,GB,London,hot air balloon ride,0,0,0,2026-06-30
Q002577,GB,Manchester,hair colour,1,0,0,2026-06-18
Q002578,GB,Manchester,city tour,13,0,0,2026-06-09
Q002579,GB,London,sports massage,10,1,0,2026-06-14
Q002580,GB,London,deep tissue massage,5,1,0,2026-06-24
Q002581,GB,London,gym,2,1,0,2026-06-11
Q002582,GB,Birmingham,sports massage,24,0,0,2026-06-21
Q002583,GB,Manchester,paintball,23,1,0,2026-06-09
Q002584,GB,Birmingham,pizza deal,0,0,0,2026-06-10
Q002585,GB,London,eyelash extensions,7,0,0,2026-06-17
Q002586,GB,London,haircut,25,1,1,2026-06-19
Q002587,GB,London,supercar track day,0,0,0,2026-06-25
Q002588,DE,Berlin,fallschirmspringen,0,0,0,2026-06-27
Q002589,DE,Berlin,friseur,22,0,0,2026-06-26
Q002590,DE,Köln,wildwasser rafting,0,0,0,2026-06-28
Q002591,DE,Hamburg,brunch,19,0,0,2026-06-17
Q002592,DE,Berlin,haare färben,23,0,0,2026-06-22
Q002593,DE,München,sportmassage,0,0,0,2026-06-30
Q002594,DE,München,fallschirmspringen,0,0,0,2026-06-21
Q002595,DE,München,wildwasser rafting,0,0,0,2026-06-07
Q002596,DE,Berlin,kart fahren,9,0,0,2026-06-08
Q002597,DE,Hamburg,haare färben,14,0,0,2026-06-16
Q002598,DE,Berlin,escape room,8,1,1,2026-06-03
Q002599,DE,Köln,bowling,25,0,0,2026-06-29
Q002600,DE,München,escape room,2,0,0,2026-06-18
Q002601,DE,München,burger,24,1,0,2026-06-01
Q002602,DE,Berlin,nackenmassage,0,0,0,2026-06-09
Q002603,DE,Berlin,kart fahren,18,1,1,2026-06-06
Q002604,DE,Berlin,heißluftballon fahrt,0,0,0,2026-06-06
Q002605,DE,Hamburg,nackenmassage,19,1,0,2026-06-25
Q002606,DE,München,karrt fahren,20,0,0,2026-06-24
Q002607,DE,Berlin,crossfit,19,1,0,2026-06-29
Q002608,DE,Berlin,rückenmassage,20,0,0,2026-06-15
Q002609,DE,Berlin,nackenmassage,6,1,0,2026-06-04
Q002610,DE,Köln,burger,15,0,0,2026-06-02
Q002611,DE,Hamburg,bowling,17,0,0,2026-06-26
Q002612,DE,Köln,rückenmassage,1,1,1,2026-06-02
Q002613,DE,München,stadtrundfahrt,22,1,1,2026-06-05
Q002614,DE,Köln,wildwasser rafting,0,0,0,2026-06-29
Q002615,DE,München,wildwasser rafting,0,0,0,2026-06-17
Q002616,DE,München,thai massage,21,0,0,2026-06-12
Q002617,DE,Köln,italiener,21,1,1,2026-06-07
Q002618,DE,Berlin,burger,4,1,0,2026-06-28
Q002619,DE,München,hubschrauber rundflug,0,0,0,2026-06-02
Q002620,DE,Hamburg,fitnessstudio,0,0,0,2026-06-18
Q002621,DE,München,heißluftballon faahrt,0,0,0,2026-06-07
Q002622,DE,München,friseur,7,0,0,2026-06-30
Q002623,DE,Hamburg,wimpernverlängerung,2,0,0,2026-06-17
Q002624,DE,Köln,paintball,15,1,0,2026-06-01
Q002625,DE,Berlin,fitnessstudio,35,0,0,2026-06-12
Q002626,DE,München,wimpernverlängerung,17,0,0,2026-06-02
Q002627,DE,Köln,sportmassage,23,0,0,2026-06-28
Q002628,DE,Berlin,indian restaurant,2,1,0,2026-06-07
Q002629,DE,Berlin,brunch,6,0,0,2026-06-15
Q002630,DE,Berlin,brunch,2,0,0,2026-06-20
Q002631,DE,München,yoga kurs,0,0,0,2026-06-04
Q002632,DE,Berlin,burger,4,1,0,2026-06-04
Q002633,DE,Berlin,escape room,0,0,0,2026-06-04
Q002634,DE,Berlin,friseur,1,0,0,2026-06-04
Q002635,DE,Berlin,deep tissue massage,1,0,0,2026-06-02
Q002636,DE,Hamburg,wildwasser rafting,0,0,0,2026-06-24
Q002637,DE,Köln,italiener,1,0,0,2026-06-10
Q002638,DE,München,haare färben,17,0,0,2026-06-14
Q002639,DE,Berlin,kart fahren,11,0,0,2026-06-18
Q002640,DE,Berlin,nackenmassage,23,0,0,2026-06-23
Q002641,DE,Hamburg,hubschrauber rundflug,0,0,0,2026-06-16
Q002642,DE,Berlin,wildwasser rafting,0,0,0,2026-06-21
Q002643,DE,Berlin,escape room,12,1,0,2026-06-07
Q002644,DE,Hamburg,heißluftballon fahrt,0,0,0,2026-06-10
Q002645,DE,Köln,burger,1,0,0,2026-06-27
Q002646,DE,München,crossfit,0,0,0,2026-06-17
Q002647,DE,Berlin,paintball,21,0,0,2026-06-15
Q002648,DE,Köln,bowling,10,1,1,2026-06-09
Q002649,DE,Berlin,fitnessstudio,22,1,0,2026-06-09
Q002650,DE,Berlin,burger,1,0,0,2026-06-01
Q002651,DE,Berlin,wildwasser rafting,0,0,0,2026-06-12
Q002652,DE,Berlin,rückenmassage,6,1,0,2026-06-19
Q002653,DE,Berlin,paintball,7,1,1,2026-06-18
Q002654,DE,Berlin,gesichtsbehandlung,1,0,0,2026-06-20
Q002655,DE,Berlin,italiener,2,0,0,2026-06-05
Q002656,DE,Köln,heißluftballon fahrt,0,0,0,2026-06-13
Q002657,DE,Berlin,sushi,28,0,0,2026-06-02
Q002658,DE,Berlin,escape room,22,1,1,2026-06-29
Q002659,DE,Berlin,bowling,6,1,0,2026-06-12
Q002660,DE,Berlin,maniküre,23,0,0,2026-06-10
Q002661,DE,Berlin,eyelash extensions,2,1,0,2026-06-07
Q002662,DE,Berlin,italiener,10,1,1,2026-06-18
Q002663,DE,Berlin,fitnessstudio,22,0,0,2026-06-04
Q002664,DE,Hamburg,bowling,17,0,0,2026-06-03
Q002665,DE,Berlin,pilates,1,0,0,2026-06-27
Q002666,DE,München,stadtrundffahrt,19,0,0,2026-06-23
Q002667,DE,Berlin,steakhaus,16,1,0,2026-06-26
Q002668,DE,Berlin,kart fahren,14,1,0,2026-06-07
Q002669,DE,Berlin,burger,13,0,0,2026-06-11
Q002670,DE,Köln,wimpernverlängerung,2,0,0,2026-06-12
Q002671,DE,Hamburg,pilates,1,0,0,2026-06-06
Q002672,DE,Berlin,friseur,7,1,1,2026-06-01
Q002673,DE,Berlin,crossfit,12,0,0,2026-06-02
Q002674,DE,Berlin,crossfit,2,0,0,2026-06-21
Q002675,DE,Berlin,wildwasser rafting,0,0,0,2026-06-22
Q002676,DE,Berlin,gesichtsbehandlung,2,0,0,2026-06-13
Q002677,DE,Hamburg,steakhaus,1,0,0,2026-06-23
Q002678,DE,Berlin,pilates,2,0,0,2026-06-16
Q002679,DE,Berlin,maniküre,2,0,0,2026-06-15
Q002680,DE,Hamburg,paintball,4,1,0,2026-06-21
Q002681,DE,Berlin,fitnessstudio,0,0,0,2026-06-13
Q002682,DE,Berlin,burger,29,1,0,2026-06-30
Q002683,DE,Berlin,escape room,0,0,0,2026-06-14
Q002684,DE,Berlin,sportmassage,2,1,0,2026-06-30
Q002685,DE,Berlin,widwasser rafting,0,0,0,2026-06-20
Q002686,DE,Berlin,friseur,9,1,1,2026-06-30
Q002687,DE,Berlin,friseur,34,0,0,2026-06-08
Q002688,DE,Berlin,yoga kurs,19,1,0,2026-06-05
Q002689,DE,Berlin,wildwasser rafting,0,0,0,2026-06-01
Q002690,DE,Berlin,burger,10,0,0,2026-06-03
Q002691,DE,Hamburg,brunch,0,0,0,2026-06-18
Q002692,DE,München,personal trainer,1,0,0,2026-06-21
Q002693,DE,München,friseur,2,0,0,2026-06-17
Q002694,DE,Berlin,steeakhaus,5,1,0,2026-06-12
Q002695,DE,München,rückenmassage,2,0,0,2026-06-21
Q002696,DE,Hamburg,brunch,10,1,1,2026-06-12
Q002697,DE,Köln,wildwasser rafting,0,0,0,2026-06-02
Q002698,DE,Hamburg,personal trainer,1,0,0,2026-06-01
Q002699,DE,Köln,brunch,0,0,0,2026-06-14
Q002700,DE,Berlin,go karting,2,0,0,2026-06-03
Q002701,DE,Berlin,rückenmassage,0,0,0,2026-06-12
Q002702,DE,Berlin,haare färben,30,0,0,2026-06-12
Q002703,DE,Hamburg,personal trainer,12,0,0,2026-06-08
Q002704,DE,Berlin,sushi,17,1,0,2026-06-27
Q002705,DE,Berlin,bowling,1,0,0,2026-06-09
Q002706,DE,Berlin,yoga kurs,24,1,1,2026-06-19
Q002707,DE,Berlin,paarmassage,8,0,0,2026-06-16
Q002708,DE,Berlin,fitnessstudio,2,0,0,2026-06-29
Q002709,DE,Berlin,thai massage,1,0,0,2026-06-20
Q002710,DE,München,pilates,20,0,0,2026-06-26
Q002711,DE,Köln,crossfit,2,0,0,2026-06-29
Q002712,DE,Berlin,paarmassage,23,0,0,2026-06-20
Q002713,DE,Hamburg,escape room,1,1,0,2026-06-04
Q002714,DE,München,haircut,1,0,0,2026-06-02
Q002715,DE,Berlin,escape room,30,0,0,2026-06-26
Q002716,DE,Hamburg,paintball,6,1,0,2026-06-13
Q002717,DE,Hamburg,wildwasser rafting,0,0,0,2026-06-07
Q002718,DE,München,kart fahren,7,1,1,2026-06-07
Q002719,DE,Köln,haare färben,14,0,0,2026-06-24
Q002720,DE,Hamburg,heißluftballon fahrt,0,0,0,2026-06-21
Q002721,DE,Berlin,wimpernverlängerung,1,0,0,2026-06-16
Q002722,DE,Berlin,fitnessstudio,23,1,0,2026-06-22
Q002723,DE,München,wimpernverlängerung,0,0,0,2026-06-11
Q002724,DE,München,nackenmassage,2,1,0,2026-06-23
Q002725,DE,Köln,sportmassage,23,0,0,2026-06-20
Q002726,DE,München,stadtrundfahrt,1,0,0,2026-06-01
Q002727,DE,München,wildwasser rafting,0,0,0,2026-06-16
Q002728,DE,München,pilats,2,0,0,2026-06-01
Q002729,DE,Berlin,italiener,28,1,0,2026-06-27
Q002730,DE,Hamburg,hubschrauber rundflug,0,0,0,2026-06-22
Q002731,DE,Berlin,bowling,0,0,0,2026-06-05
Q002732,DE,Berlin,steakhaus,23,0,0,2026-06-05
Q002733,DE,Berlin,paarmassage,25,1,0,2026-06-25
Q002734,DE,Berlin,sports massage,2,0,0,2026-06-22
Q002735,DE,Berlin,gesichtsbehandlung,2,0,0,2026-06-13
Q002736,DE,Hamburg,paarmassage,34,0,0,2026-06-25
Q002737,DE,Berlin,yoga kurs,35,0,0,2026-06-23
Q002738,DE,München,thai massage,2,1,0,2026-06-12
Q002739,DE,Köln,hubschrauber rundflug,0,0,0,2026-06-04
Q002740,DE,Hamburg,italiener,16,0,0,2026-06-29
Q002741,DE,München,heißluftballon fahrt,0,0,0,2026-06-07
Q002742,DE,Berlin,gesichtsbehandlung,19,1,0,2026-06-12
Q002743,DE,Hamburg,kart fahren,19,0,0,2026-06-19
Q002744,DE,Köln,heißlufftballon fahrt,0,0,0,2026-06-22
Q002745,DE,Berlin,brunch,2,0,0,2026-06-27
Q002746,DE,München,personal trainer,12,1,0,2026-06-19
Q002747,DE,Hamburg,mniküre,0,0,0,2026-06-03
Q002748,DE,Berlin,finessstudio,1,0,0,2026-06-21
Q002749,DE,Berlin,rückenmassage,19,1,0,2026-06-08
Q002750,DE,Hamburg,crossfit,0,0,0,2026-06-18
Q002751,DE,Berlin,maniküre,14,0,0,2026-06-19
Q002752,DE,Berlin,brunch,2,0,0,2026-06-03
Q002753,DE,Berlin,crossfit,1,0,0,2026-06-20
Q002754,DE,München,heißluftballon fahrt,0,0,0,2026-06-07
Q002755,DE,Berlin,fallschirmspringen,0,0,0,2026-06-15
Q002756,DE,Berlin,sportmassage,10,1,0,2026-06-19
Q002757,DE,Berlin,personal trainer,20,0,0,2026-06-24
Q002758,DE,Berlin,escape room,22,0,0,2026-06-26
Q002759,DE,Berlin,nackenmassage,23,1,1,2026-06-23
Q002760,DE,Berlin,fitnessstudio,11,1,0,2026-06-08
Q002761,DE,Köln,haare färben,0,0,0,2026-06-12
Q002762,DE,Hamburg,wimpernverlängerung,21,0,0,2026-06-26
Q002763,DE,München,crossfit,0,0,0,2026-06-14
Q002764,DE,Berlin,burger,0,0,0,2026-06-18
Q002765,DE,Berlin,crossfit,14,0,0,2026-06-19
Q002766,DE,Berlin,thai massage,2,0,0,2026-06-05
Q002767,DE,München,nackenmassage,14,0,0,2026-06-28
Q002768,DE,Hamburg,yoga kurs,0,0,0,2026-06-26
Q002769,DE,Berlin,nackenmassage,0,0,0,2026-06-08
Q002770,DE,Berlin,facial,1,0,0,2026-06-11
Q002771,DE,Hamburg,friseur,8,0,0,2026-06-03
Q002772,DE,München,crossfit,0,0,0,2026-06-02
Q002773,DE,München,personal trainer,2,0,0,2026-06-24
Q002774,DE,München,fitnessstudio,2,0,0,2026-06-13
Q002775,DE,Köln,gesichtsbehandlung,1,0,0,2026-06-23
Q002776,DE,Berlin,brunch,1,0,0,2026-06-24
Q002777,DE,Hamburg,wildwasser rafting,0,0,0,2026-06-21
Q002778,DE,München,wimpernverlängeerung,22,1,0,2026-06-14
Q002779,DE,München,paintball,2,0,0,2026-06-25
Q002780,DE,Hamburg,paarmassage,0,0,0,2026-06-11
Q002781,DE,München,pilates,7,0,0,2026-06-26
Q002782,DE,Berlin,friseur,4,1,0,2026-06-16
Q002783,DE,Berlin,hubschrauber rundflug,0,0,0,2026-06-25
Q002784,DE,München,back massage,2,0,0,2026-06-10
Q002785,DE,Berlin,nackenmassage,20,0,0,2026-06-11
Q002786,DE,Hamburg,friseur,5,0,0,2026-06-02
Q002787,DE,Berlin,kart fahren,2,0,0,2026-06-27
Q002788,DE,München,sportmassage,1,0,0,2026-06-27
Q002789,DE,Hamburg,wimpernverlngerung,9,0,0,2026-06-25
Q002790,DE,München,hubschrauber rundflug,0,0,0,2026-06-11
Q002791,DE,Köln,burger,25,1,0,2026-06-06
Q002792,DE,München,fallschirmspringen,0,0,0,2026-06-15
Q002793,DE,Hamburg,personal trainer,15,1,0,2026-06-19
Q002794,DE,Berlin,sportmassage,25,0,0,2026-06-22
Q002795,DE,Berlin,yoga class,2,0,0,2026-06-15
Q002796,DE,Berlin,nackenmassage,0,0,0,2026-06-28
Q002797,DE,München,maniküre,19,1,0,2026-06-25
Q002798,DE,München,fallschirmspringen,0,0,0,2026-06-14
Q002799,DE,Berlin,hubschrauber rundflug,0,0,0,2026-06-23
Q002800,DE,Berlin,paarmessage,37,0,0,2026-06-04
Q002801,DE,Berlin,hubschrauber rendflug,0,0,0,2026-06-28
Q002802,DE,Köln,paintball,4,0,0,2026-06-18
Q002803,DE,Hamburg,haare färben,2,0,0,2026-06-28
Q002804,DE,München,yoga kurs,12,0,0,2026-06-15
Q002805,DE,München,indian restaurant,2,0,0,2026-06-25
Q002806,DE,München,friseur,12,0,0,2026-06-24
Q002807,DE,Hamburg,maniküre,1,0,0,2026-06-07
Q002808,DE,München,kart fahren,16,1,0,2026-06-05
Q002809,DE,Berlin,gesichtsbehandlung,8,1,0,2026-06-18
Q002810,DE,Berlin,gesichtsbehandlung,21,1,1,2026-06-30
Q002811,DE,Berlin,hubschrauber rundflug,0,0,0,2026-06-07
Q002812,DE,München,crossfit,8,0,0,2026-06-27
Q002813,DE,Köln,yoga kurs,0,0,0,2026-06-05
Q002814,DE,Hamburg,wildwasser rafting,0,0,0,2026-06-23
Q002815,DE,München,crossfit,0,0,0,2026-06-27
Q002816,DE,München,personal trainer,2,0,0,2026-06-01
Q002817,DE,Berlin,thai massage,2,0,0,2026-06-22
Q002818,DE,Köln,maniküre,16,1,0,2026-06-28
Q002819,DE,Berlin,burger,25,1,0,2026-06-16
Q002820,DE,Hamburg,steakhaus,12,0,0,2026-06-23
Q002821,DE,Berlin,personal trainer,14,0,0,2026-06-23
Q002822,DE,Hamburg,nackenmassage,13,0,0,2026-06-20
Q002823,DE,München,paarmassage,25,0,0,2026-06-28
Q002824,DE,München,friseur,15,1,0,2026-06-07
Q002825,DE,Berlin,sushi,4,1,0,2026-06-01
Q002826,DE,Hamburg,kart fohren,7,1,0,2026-06-19
Q002827,DE,Köln,heißluetballon fahrt,0,0,0,2026-06-10
Q002828,DE,München,friseur,1,0,0,2026-06-11
Q002829,DE,Berlin,deep tissue massage,8,0,0,2026-06-30
Q002830,DE,Berlin,friseur,4,0,0,2026-06-15
Q002831,DE,Berlin,friseur,2,0,0,2026-06-12
Q002832,DE,Hamburg,sportmassage,11,1,0,2026-06-23
Q002833,DE,Berlin,heißluftballon fahrt,0,0,0,2026-06-10
Q002834,DE,Hamburg,italiener,8,1,0,2026-06-30
Q002835,DE,München,gesichtsbehandlung,17,0,0,2026-06-25
Q002836,DE,München,crossfit,2,0,0,2026-06-08
Q002837,DE,Berlin,haare färben,13,1,0,2026-06-05
Q002838,DE,Berlin,crossfit,2,0,0,2026-06-13
Q002839,DE,Berlin,kart fahren,24,0,0,2026-06-11
Q002840,DE,Berlin,personal trainer,1,0,0,2026-06-25
Q002841,DE,München,wimpernverlängerung,30,0,0,2026-06-18
Q002842,DE,Hamburg,friser,2,0,0,2026-06-17
Q002843,DE,Berlin,stadtruundfahrt,0,0,0,2026-06-24
Q002844,DE,Hamburg,gym,29,0,0,2026-06-23
Q002845,DE,Berlin,kart fahren,30,0,0,2026-06-20
Q002846,DE,Hamburg,pilates,19,0,0,2026-06-07
Q002847,DE,Berlin,fallschirmspringen,0,0,0,2026-06-07
Q002848,DE,Berlin,bowling,21,0,0,2026-06-19
Q002849,DE,Berlin,steakhaus,15,1,0,2026-06-04
Q002850,DE,Berlin,wimpernverlängerung,22,0,0,2026-06-05
Q002851,DE,Berlin,steakhaus,1,0,0,2026-06-02
Q002852,DE,Hamburg,maniküre,5,0,0,2026-06-14
Q002853,DE,München,spirtmassage,39,0,0,2026-06-14
Q002854,DE,München,sushi,1,0,0,2026-06-30
Q002855,DE,Köln,sportmassage,23,1,0,2026-06-26
Q002856,DE,Hamburg,personal trainer,24,1,0,2026-06-28
Q002857,DE,München,pilates,8,0,0,2026-06-17
Q002858,DE,München,pilates,2,0,0,2026-06-04
Q002859,DE,Berlin,escape room,0,0,0,2026-06-11
Q002860,DE,Köln,crossfit,0,0,0,2026-06-28
Q002861,DE,Hamburg,haare färben,0,0,0,2026-06-17
Q002862,DE,Berlin,bowling,19,0,0,2026-06-24
Q002863,DE,Berlin,haare färben,10,0,0,2026-06-21
Q002864,DE,Berlin,maniküre,17,1,0,2026-06-18
Q002865,DE,Hamburg,wildwasser rafting,0,0,0,2026-06-10
Q002866,DE,München,hubschrauber rundflug,0,0,0,2026-06-17
Q002867,DE,München,pilates,2,0,0,2026-06-14
Q002868,DE,Hamburg,pilates,1,0,0,2026-06-05
Q002869,DE,Berlin,fallschirmspringen,0,0,0,2026-06-16
Q002870,DE,Berlin,wildwasser rafting,0,0,0,2026-06-29
Q002871,DE,Berlin,paarmassage,9,1,0,2026-06-25
Q002872,DE,München,rückenmassage,1,0,0,2026-06-18
Q002873,DE,Berlin,sushi,11,1,0,2026-06-05
Q002874,DE,Berlin,yoga kurs,25,1,0,2026-06-15
Q002875,DE,Hamburg,friseur,1,0,0,2026-06-18
Q002876,DE,Berlin,paintball,16,0,0,2026-06-18
Q002877,DE,Köln,hubschrauber rundflug,0,0,0,2026-06-09
Q002878,DE,Berlin,paiintball,12,0,0,2026-06-11
Q002879,DE,Berlin,crossfit,24,1,0,2026-06-24
Q002880,DE,Berlin,thai massage,1,0,0,2026-06-15
Q002881,DE,Hamburg,rückenmassage,25,0,0,2026-06-07
Q002882,DE,Berlin,maniküre,12,0,0,2026-06-16
Q002883,DE,Hamburg,escape room,40,0,0,2026-06-06
Q002884,DE,München,italiener,18,1,0,2026-06-29
Q002885,DE,Berlin,thai massage,0,0,0,2026-06-26
Q002886,DE,Berlin,paarmassage,1,0,0,2026-06-09
Q002887,DE,Berlin,maniküre,39,0,0,2026-06-08
Q002888,DE,Hamburg,friseur,13,1,1,2026-06-05
Q002889,DE,Hamburg,burger,16,1,0,2026-06-06
Q002890,DE,Berlin,bowling,2,0,0,2026-06-03
Q002891,DE,Hamburg,pilates,0,0,0,2026-06-22
Q002892,DE,Berlin,gym,1,0,0,2026-06-11
Q002893,DE,Berlin,gesichtsbehandlung,1,0,0,2026-06-20
Q002894,DE,Berlin,heißluftballon fahrt,0,0,0,2026-06-04
Q002895,DE,Berlin,yoga kurs,2,0,0,2026-06-30
Q002896,DE,München,fallschirmspringen,0,0,0,2026-06-29
Q002897,DE,Hamburg,yoga kurs,8,1,0,2026-06-28
Q002898,DE,Köln,sportmassage,19,0,0,2026-06-02
Q002899,DE,Berlin,heißluftballon fahrt,0,0,0,2026-06-01
Q002900,DE,Hamburg,hubschrauber rundflug,0,0,0,2026-06-12
Q002901,DE,Köln,bowling,13,1,0,2026-06-04
Q002902,DE,Hamburg,paintballl,2,0,0,2026-06-02
Q002903,DE,Berlin,kart fahren,5,1,0,2026-06-28
Q002904,DE,Berlin,italiener,1,0,0,2026-06-24
Q002905,DE,Berlin,burger,2,0,0,2026-06-08
Q002906,DE,Berlin,kart fahren,25,1,0,2026-06-09
Q002907,DE,München,thai massage,2,0,0,2026-06-20
Q002908,DE,Berlin,crossfit,19,0,0,2026-06-04
Q002909,DE,München,burger,9,0,0,2026-06-22
Q002910,DE,Köln,thai massage,0,0,0,2026-06-06
Q002911,DE,Berlin,haare färben,0,0,0,2026-06-22
Q002912,DE,Berlin,bowling,2,0,0,2026-06-02
Q002913,DE,Berlin,burger,25,1,0,2026-06-21
Q002914,DE,München,hubschrauber rundflug,0,0,0,2026-06-06
Q002915,DE,Hamburg,rückenmassuge,1,0,0,2026-06-30
Q002916,DE,Hamburg,italiener,1,0,0,2026-06-20
Q002917,DE,Hamburg,fallschirmspringen,0,0,0,2026-06-14
Q002918,DE,Berlin,kart fahren,2,0,0,2026-06-05
Q002919,DE,München,escape room,27,0,0,2026-06-04
Q002920,DE,Hamburg,yoga kurs,26,1,1,2026-06-23
Q002921,DE,Köln,heißluftballon fahrt,0,0,0,2026-06-22
Q002922,DE,Hamburg,escape room,11,0,0,2026-06-13
Q002923,DE,München,personal trainer,15,1,1,2026-06-07
Q002924,DE,Hamburg,pilates,23,0,0,2026-06-07
Q002925,DE,Köln,fallschirmspringen,0,0,0,2026-06-12
Q002926,DE,München,burger,14,1,1,2026-06-17
Q002927,DE,Berlin,heißluftballon fahrt,0,0,0,2026-06-10
Q002928,DE,Berlin,wimpernverlängerung,6,0,0,2026-06-25
Q002929,DE,Hamburg,burger,5,1,0,2026-06-11
Q002930,DE,Berlin,heißluftballon fahrt,0,0,0,2026-06-26
Q002931,DE,Berlin,brunch,1,0,0,2026-06-22
Q002932,DE,Hamburg,nackenmassage,1,0,0,2026-06-15
Q002933,DE,Berlin,italiener,1,0,0,2026-06-09
Q002934,DE,Berlin,italiener,18,1,1,2026-06-28
Q002935,DE,München,wimpernverlängerung,0,0,0,2026-06-10
Q002936,DE,München,brunch,1,0,0,2026-06-28
Q002937,DE,Hamburg,kart fahren,1,0,0,2026-06-29
Q002938,DE,München,maniküre,5,1,0,2026-06-19
Q002939,DE,Berlin,bowlng,0,0,0,2026-06-22
Q002940,DE,Köln,crossfit,17,1,0,2026-06-02
Q002941,DE,Berlin,nackenmassage,15,0,0,2026-06-10
Q002942,DE,München,steakhaus,2,0,0,2026-06-03
Q002943,DE,Berlin,paarmassage,25,1,1,2026-06-12
Q002944,DE,München,sportmaassage,5,0,0,2026-06-09
Q002945,DE,Berlin,thai massage,1,0,0,2026-06-19
Q002946,DE,Berlin,stadtrundfahrt,11,1,0,2026-06-19
Q002947,DE,Berlin,personal trainer,14,0,0,2026-06-19
Q002948,DE,Berlin,steakhaus,11,1,0,2026-06-24
Q002949,DE,Berlin,pilates,11,1,0,2026-06-15
Q002950,DE,Hamburg,hubschrauber rundflug,0,0,0,2026-06-30
Q002951,DE,Berlin,burger,14,1,0,2026-06-23
Q002952,DE,Köln,pilates,11,0,0,2026-06-03
Q002953,DE,Berlin,fitnessstudio,18,1,1,2026-06-06
Q002954,DE,München,fitnessstudio,2,0,0,2026-06-24
Q002955,DE,Berlin,personal trainer,11,1,0,2026-06-16
Q002956,DE,Berlin,hubsschrauber rundflug,0,0,0,2026-06-19
Q002957,DE,Berlin,sportmassage,1,0,0,2026-06-16
Q002958,DE,Berlin,kart fahren,0,0,0,2026-06-29
Q002959,DE,Hamburg,paarmassage,18,0,0,2026-06-02
Q002960,DE,München,crossfit,17,0,0,2026-06-21
Q002961,DE,Berlin,wimpernverlängerung,2,0,0,2026-06-01
Q002962,DE,Berlin,yoga kurs,1,1,0,2026-06-26
Q002963,DE,München,steakhaus,2,1,0,2026-06-02
Q002964,DE,Berlin,deep tissue massage,2,0,0,2026-06-15
Q002965,DE,München,sportmassage,14,0,0,2026-06-06
Q002966,DE,Hamburg,heißluftballon fahrt,0,0,0,2026-06-16
Q002967,DE,Berlin,brunch,0,0,0,2026-06-04
Q002968,DE,Berlin,gesichtsbehandlung,1,0,0,2026-06-16
Q002969,DE,München,wildwasser rafting,0,0,0,2026-06-21
Q002970,DE,Hamburg,bowlong,1,0,0,2026-06-28
Q002971,DE,Hamburg,sportmassage,28,1,0,2026-06-10
Q002972,DE,Berlin,manicure,2,0,0,2026-06-23
Q002973,DE,Hamburg,haare färben,0,0,0,2026-06-26
Q002974,DE,München,steakhaus,1,0,0,2026-06-12
Q002975,DE,München,gesichtsbehandlung,15,0,0,2026-06-29
Q002976,DE,München,heißluftballon fahit,0,0,0,2026-06-26
Q002977,DE,Berlin,rückenmassage,0,0,0,2026-06-25
Q002978,DE,Berlin,stadtrundfahrt,25,1,1,2026-06-19
Q002979,DE,Berlin,paintball,13,1,0,2026-06-20
Q002980,DE,Berlin,paarmassage,1,1,0,2026-06-14
Q002981,DE,Köln,fallschirmspringen,0,0,0,2026-06-22
Q002982,DE,München,gesichtsbehandlung,17,0,0,2026-06-10
Q002983,DE,Berlin,wildwasser rafting,0,0,0,2026-06-07
Q002984,DE,Berlin,fitnessstudio,12,1,0,2026-06-05
Q002985,DE,München,fallschirmspringen,0,0,0,2026-06-18
Q002986,DE,Hamburg,brunch,0,0,0,2026-06-24
Q002987,DE,Berlin,personal trainer,2,0,0,2026-06-18
Q002988,DE,München,nackenmassage,18,1,0,2026-06-29
Q002989,DE,Berlin,fitnessstudio,20,0,0,2026-06-15
Q002990,DE,München,hubschrauber rundflug,0,0,0,2026-06-18
Q002991,DE,Berlin,crossfit,0,0,0,2026-06-06
Q002992,DE,Hamburg,rückenmassage,1,0,0,2026-06-02
Q002993,DE,Berlin,thai massage,0,0,0,2026-06-09
Q002994,DE,Berlin,kart fahren,7,1,1,2026-06-13
Q002995,DE,München,hubschrauber undflug,0,0,0,2026-06-14
Q002996,DE,München,wimpernverlängerung,18,0,0,2026-06-04
Q002997,DE,München,wimpernverlängerung,25,1,0,2026-06-07
Q002998,DE,München,paintball,11,1,1,2026-06-01
Q002999,DE,Berlin,crossfit,2,0,0,2026-06-08
Q003000,DE,Köln,yoga kurs,17,1,0,2026-06-12
Q003001,DE,Berlin,deep tissue massage,1,0,0,2026-06-03
Q003002,DE,Hamburg,fitnessstudio,1,0,0,2026-06-19
Q003003,DE,Köln,heißluftballon fahrt,0,0,0,2026-06-07
Q003004,DE,Berlin,fallschirmspringen,0,0,0,2026-06-05
Q003005,DE,Hamburg,wildwasser rafting,0,0,0,2026-06-10
Q003006,DE,Berlin,nackenmassage,2,1,0,2026-06-06
Q003007,DE,München,sportmassage,9,1,0,2026-06-11
Q003008,DE,Hamburg,hbschrauber rundflug,0,0,0,2026-06-01
Q003009,DE,München,gesichtsbehandlung,17,0,0,2026-06-27
Q003010,DE,Köln,steakhaus,1,0,0,2026-06-21
Q003011,DE,München,friseur,11,0,0,2026-06-13
Q003012,DE,Berlin,bowling,1,0,0,2026-06-21
Q003013,DE,Köln,hubschrauber rundflug,0,0,0,2026-06-14
Q003014,DE,Hamburg,pilates,28,1,0,2026-06-08
Q003015,DE,Berlin,heißluftballon fahrt,0,0,0,2026-06-07
Q003016,DE,Berlin,stadtrundfahrt,2,1,0,2026-06-24
Q003017,DE,Berlin,paintball,0,0,0,2026-06-04
Q003018,DE,Berlin,escape room,2,0,0,2026-06-11
Q003019,DE,Köln,sportmassage,2,1,0,2026-06-02
Q003020,DE,München,escape room,1,0,0,2026-06-17
Q003021,DE,München,haare färben,1,0,0,2026-06-14
Q003022,DE,Berlin,kart fahren,30,0,0,2026-06-25
Q003023,DE,Berlin,escape room,15,1,1,2026-06-09
Q003024,DE,Berlin,yoga kurs,2,0,0,2026-06-17
Q003025,DE,Hamburg,stadtrundfahrt,2,1,0,2026-06-23
Q003026,DE,München,indian restaurant,0,0,0,2026-06-01
Q003027,DE,Hamburg,personal trainer,7,1,1,2026-06-25
Q003028,DE,Berlin,thai massage,17,1,0,2026-06-03
Q003029,DE,München,stadtrundfahrt,1,0,0,2026-06-27
Q003030,DE,Berlin,pilates,23,1,0,2026-06-13
Q003031,DE,Berlin,hubschrauber rundflug,0,0,0,2026-06-16
Q003032,DE,Köln,gym,38,0,0,2026-06-22
Q003033,DE,Berlin,sportmassage,1,0,0,2026-06-20
Q003034,DE,Berlin,paarmassage,2,0,0,2026-06-08
Q003035,DE,Hamburg,escape room,12,1,1,2026-06-24
Q003036,DE,Berlin,peronal trainer,0,0,0,2026-06-09
Q003037,DE,München,personal trainer,21,0,0,2026-06-24
Q003038,DE,Berlin,bowling,18,0,0,2026-06-09
Q003039,DE,Hamburg,kart fahren,0,0,0,2026-06-05
Q003040,DE,Berlin,heißluftballon fahrt,0,0,0,2026-06-30
Q003041,DE,Hamburg,paintball,12,0,0,2026-06-10
Q003042,DE,Köln,hubschrauber rundflug,0,0,0,2026-06-09
Q003043,DE,München,gesichtsbehandlung,2,0,0,2026-06-16
Q003044,DE,Köln,haare färben,0,0,0,2026-06-07
Q003045,DE,Berlin,friseur,25,0,0,2026-06-24
Q003046,DE,Berlin,haare färben,18,0,0,2026-06-01
Q003047,DE,München,wildwasser rafting,0,0,0,2026-06-07
Q003048,DE,Berlin,nackenmassage,14,0,0,2026-06-06
Q003049,DE,Berlin,hubschrauber rundflug,0,0,0,2026-06-13
Q003050,DE,Berlin,burger,21,0,0,2026-06-08
Q003051,DE,München,maniküre,16,1,1,2026-06-09
Q003052,DE,Hamburg,thai massage,25,0,0,2026-06-09
Q003053,DE,Berlin,yoga kurs,1,0,0,2026-06-10
Q003054,DE,Hamburg,stadtrundfahrt,24,0,0,2026-06-07
Q003055,DE,München,rückenmassage,9,0,0,2026-06-03
Q003056,DE,Berlin,brunch,1,0,0,2026-06-22
Q003057,DE,Berlin,fallschirmspringen,0,0,0,2026-06-15
Q003058,DE,Hamburg,burger,11,0,0,2026-06-06
Q003059,DE,Hamburg,stadtrundfahrt,17,1,0,2026-06-14
Q003060,DE,Berlin,thai massage,7,1,0,2026-06-24
Q003061,DE,München,heißluftballon fahrt,0,0,0,2026-06-08
Q003062,DE,München,escape room,6,1,0,2026-06-29
Q003063,DE,Hamburg,paarmassage,25,0,0,2026-06-30
Q003064,DE,Hamburg,paintball,1,0,0,2026-06-30
Q003065,DE,Berlin,wildwasser rafting,0,0,0,2026-06-07
Q003066,DE,Berlin,esape room,5,1,0,2026-06-06
Q003067,DE,München,friseur,2,0,0,2026-06-21
Q003068,DE,Berlin,nackenmassage,21,0,0,2026-06-30
Q003069,DE,München,fallschirmspringen,0,0,0,2026-06-17
Q003070,DE,Berlin,rückenmassage,7,1,0,2026-06-10
Q003071,DE,Hamburg,crossfit,12,0,0,2026-06-23
Q003072,DE,Köln,wildwasser rafting,0,0,0,2026-06-06
Q003073,DE,München,heißluftballon fahrt,0,0,0,2026-06-15
Q003074,DE,München,steakhaus,25,0,0,2026-06-23
Q003075,DE,Berlin,bowling,2,0,0,2026-06-18
Q003076,DE,Berlin,sportmassage,0,0,0,2026-06-13
Q003077,DE,Berlin,kart faaren,22,1,0,2026-06-29
Q003078,DE,Hamburg,stadtrundfahrt,1,0,0,2026-06-12
Q003079,DE,Berlin,hubschrauber rundflug,0,0,0,2026-06-05
Q003080,DE,Berlin,escape room,1,0,0,2026-06-30
Q003081,DE,Köln,personal trainer,1,0,0,2026-06-23
Q003082,DE,Berlin,brunch,21,1,0,2026-06-04
Q003083,DE,Berlin,brunch,4,1,1,2026-06-30
Q003084,DE,München,burger,15,1,0,2026-06-17
Q003085,DE,München,gesichtsbehandlung,25,1,0,2026-06-17
Q003086,DE,Berlin,haare färben,39,0,0,2026-06-16
Q003087,DE,Köln,wimpernverlängerung,9,0,0,2026-06-17
Q003088,DE,Berlin,crossfit,22,1,1,2026-06-06
Q003089,DE,Berlin,steakhaus,0,0,0,2026-06-14
Q003090,DE,Hamburg,paarmassage,4,1,0,2026-06-24
Q003091,DE,Berlin,yoga kurs,2,1,1,2026-06-26
Q003092,DE,Berlin,personal trainer,0,0,0,2026-06-10
Q003093,DE,Berlin,yoga kurs,1,0,0,2026-06-23
Q003094,DE,Berlin,yoga kurs,23,0,0,2026-06-21
Q003095,DE,Berlin,rückenmassage,15,1,0,2026-06-20
Q003096,DE,Berlin,fallscirmspringen,0,0,0,2026-06-07
Q003097,DE,München,escape room,23,1,1,2026-06-29
Q003098,DE,München,nackenmassage,2,0,0,2026-06-05
Q003099,DE,Berlin,steakhaus,24,1,1,2026-06-10
Q003100,DE,Hamburg,kart fahren,12,0,0,2026-06-06
Q003101,DE,Köln,italiener,2,0,0,2026-06-20
Q003102,DE,Berlin,wimpernverlängerung,0,0,0,2026-06-26
Q003103,DE,München,haare färben,17,1,0,2026-06-11
Q003104,DE,Berlin,fallschirmspringen,0,0,0,2026-06-09
Q003105,DE,Berlin,burger,23,0,0,2026-06-03
Q003106,DE,Hamburg,maniküre,2,0,0,2026-06-18
Q003107,DE,Hamburg,steakhaus,1,0,0,2026-06-23
Q003108,DE,Berlin,rückenmassage,19,1,0,2026-06-28
Q003109,DE,Berlin,nackenmassage,10,1,1,2026-06-29
Q003110,DE,Berlin,friseur,4,1,0,2026-06-29
Q003111,DE,Berlin,burger,2,0,0,2026-06-21
Q003112,DE,München,sushi,15,0,0,2026-06-23
Q003113,DE,München,fitnessstudio,24,0,0,2026-06-01
Q003114,DE,Berlin,fallsahirmspringen,0,0,0,2026-06-09
Q003115,DE,Berlin,hubschrauber rundflug,0,0,0,2026-06-17
Q003116,DE,München,sushi,2,0,0,2026-06-28
Q003117,DE,Berlin,escape room,2,0,0,2026-06-21
Q003118,DE,Berlin,bowling,2,0,0,2026-06-11
Q003119,DE,Hamburg,hubschrauber rundflug,0,0,0,2026-06-12
Q003120,DE,Berlin,maniküre,0,0,0,2026-06-22
Q003121,DE,Berlin,wildwasser rafting,0,0,0,2026-06-01
Q003122,DE,Hamburg,escape room,11,1,0,2026-06-26
Q003123,DE,Köln,heißluftbalon fahrt,0,0,0,2026-06-16
Q003124,DE,Berlin,maniküre,24,1,1,2026-06-03
Q003125,DE,Berlin,pilates,36,1,0,2026-06-04
Q003126,DE,München,heißluftballon fahrt,0,0,0,2026-06-10
Q003127,DE,Berlin,wildwasser rafting,0,0,0,2026-06-08
Q003128,DE,Köln,eyelash extensions,2,0,0,2026-06-23
Q003129,DE,Köln,brunch,1,0,0,2026-06-13
Q003130,DE,Köln,paintball,22,1,1,2026-06-01
Q003131,DE,Hamburg,sportmassage,20,0,0,2026-06-30
Q003132,DE,Hamburg,maniküre,11,1,1,2026-06-06
Q003133,DE,München,crossfit,2,0,0,2026-06-12
Q003134,DE,München,heißluftballon fahrt,0,0,0,2026-06-06
Q003135,DE,München,wildwasser rafting,0,0,0,2026-06-20
Q003136,DE,Berlin,italiener,25,0,0,2026-06-09
Q003137,DE,Hamburg,wildwasser rafting,0,0,0,2026-06-05
Q003138,DE,Hamburg,personal trainer,2,0,0,2026-06-02
Q003139,DE,Berlin,gesichtsbehandlung,0,0,0,2026-06-08
Q003140,DE,Berlin,fitnesstudio,25,1,1,2026-06-04
Q003141,DE,Hamburg,fallschirmspringen,0,0,0,2026-06-20
Q003142,DE,Berlin,steakhaus,1,0,0,2026-06-19
Q003143,DE,Hamburg,wimpernverlängerung,8,0,0,2026-06-11
Q003144,DE,Berlin,brunch,14,1,0,2026-06-26
Q003145,DE,Berlin,personal trainer,1,0,0,2026-06-29
Q003146,DE,Berlin,fallschirmsspringen,0,0,0,2026-06-10
Q003147,DE,München,fallschirmspringen,0,0,0,2026-06-15
Q003148,DE,Berlin,crosfit,1,0,0,2026-06-24
Q003149,DE,Berlin,rücienmassage,19,1,0,2026-06-26
Q003150,DE,Berlin,brunch,18,0,0,2026-06-24
Q003151,DE,Hamburg,escape room,2,0,0,2026-06-07
Q003152,DE,München,gym,2,0,0,2026-06-05
Q003153,DE,Berlin,yoga kurs,18,1,0,2026-06-14
Q003154,DE,Berlin,haare färben,16,0,0,2026-06-04
Q003155,DE,Berlin,ruckenmassage,16,0,0,2026-06-25
Q003156,DE,Berlin,steahaus,2,0,0,2026-06-07
Q003157,DE,Berlin,maniküre,10,1,0,2026-06-17
Q003158,DE,Berlin,maniküre,0,0,0,2026-06-21
Q003159,DE,München,fitnessstudio,0,0,0,2026-06-10
Q003160,DE,Berlin,deep tissue massage,19,0,0,2026-06-30
Q003161,DE,Berlin,fallschirmspringen,0,0,0,2026-06-07
Q003162,DE,Berlin,escape room,0,0,0,2026-06-17
Q003163,DE,Hamburg,wildwasser rafting,0,0,0,2026-06-26
Q003164,DE,München,haare färben,2,0,0,2026-06-20
Q003165,DE,Berlin,wildwasser rafting,0,0,0,2026-06-27
Q003166,DE,Köln,kart fahren,10,0,0,2026-06-24
Q003167,DE,Hamburg,hubschrauber rundflug,0,0,0,2026-06-23
Q003168,DE,München,friseur,2,0,0,2026-06-19
Q003169,DE,München,maniküre,1,0,0,2026-06-08
Q003170,DE,München,bowling,10,1,1,2026-06-13
Q003171,DE,Berlin,haare färben,21,1,0,2026-06-23
Q003172,DE,Berlin,paarmassage,30,1,1,2026-06-20
Q003173,DE,Berlin,italiener,30,0,0,2026-06-22
Q003174,DE,Hamburg,wimpernverlängerung,0,0,0,2026-06-25
Q003175,DE,Berlin,friseur,9,1,0,2026-06-07
Q003176,DE,Hamburg,hubschrauber rundflug,0,0,0,2026-06-14
Q003177,DE,Köln,sportmasuage,2,0,0,2026-06-26
Q003178,DE,Berlin,paarmassage,1,0,0,2026-06-14
Q003179,DE,Berlin,paarmassage,1,0,0,2026-06-21
Q003180,DE,Berlin,thai massage,37,0,0,2026-06-30
Q003181,DE,Berlin,brunch,36,1,0,2026-06-27
Q003182,DE,Hamburg,nackenmassage,23,1,0,2026-06-18
Q003183,DE,Berlin,italiener,2,0,0,2026-06-15
Q003184,DE,Berlin,fitnessstuudio,1,1,0,2026-06-19
Q003185,DE,Berlin,kart fahren,19,0,0,2026-06-26
Q003186,DE,Berlin,friseur,2,0,0,2026-06-25
Q003187,DE,Berlin,brnch,31,0,0,2026-06-14
Q003188,DE,Köln,crossfit,15,0,0,2026-06-27
Q003189,DE,Berlin,wildwasser rafting,0,0,0,2026-06-13
Q003190,DE,München,nackenmassage,8,1,1,2026-06-07
Q003191,DE,Berlin,haare färben,1,0,0,2026-06-07
Q003192,DE,Berlin,wimpernverlängerung,1,0,0,2026-06-08
Q003193,DE,München,burger,25,1,1,2026-06-12
Q003194,DE,Berlin,kart fahren,37,0,0,2026-06-06
Q003195,DE,München,kart fahren,0,0,0,2026-06-26
Q003196,DE,Berlin,sprtmassage,8,1,0,2026-06-23
Q003197,DE,Berlin,heißluftballon eahrt,0,0,0,2026-06-11
Q003198,DE,Berlin,hubschrauber rundflug,0,0,0,2026-06-10
Q003199,DE,Berlin,wildwasser rafting,0,0,0,2026-06-14
Q003200,DE,Berlin,hubschrauber rundflug,0,0,0,2026-06-22
Q003201,DE,München,italiener,18,1,1,2026-06-14
Q003202,DE,München,wimpernverlängerung,2,0,0,2026-06-28
Q003203,DE,Berlin,stadtrudfahrt,13,1,0,2026-06-06
Q003204,DE,Hamburg,nackkenmassage,13,0,0,2026-06-04
Q003205,DE,Köln,yoga kurs,1,0,0,2026-06-07
Q003206,DE,Berlin,rückenmassage,8,1,0,2026-06-07
Q003207,DE,Köln,pilates,12,0,0,2026-06-07
Q003208,DE,Hamburg,hubschrauber rundflug,0,0,0,2026-06-12
Q003209,DE,Hamburg,wimpernverlängerung,8,0,0,2026-06-14
Q003210,DE,Berlin,yoga class,1,0,0,2026-06-28
Q003211,DE,Hamburg,brunch,1,0,0,2026-06-10
Q003212,DE,Berlin,haare färben,40,0,0,2026-06-23
Q003213,DE,Hamburg,gesichtsbehandlung,0,0,0,2026-06-15
Q003214,DE,München,fitnessstodio,15,1,0,2026-06-21
Q003215,DE,Berlin,paintballl,2,0,0,2026-06-30
Q003216,DE,München,paarmassage,15,1,0,2026-06-17
Q003217,DE,München,wildwasser rafting,0,0,0,2026-06-12
Q003218,DE,Berlin,personal trainer,19,1,1,2026-06-04
Q003219,DE,Berlin,fallschirmspringen,0,0,0,2026-06-26
Q003220,DE,Berlin,brunch,5,0,0,2026-06-03
Q003221,DE,München,nackenmassage,0,0,0,2026-06-27
Q003222,DE,Hamburg,fitnessstudio,1,0,0,2026-06-23
Q003223,DE,Köln,heißluftballon fahrt,0,0,0,2026-06-28
Q003224,DE,Berlin,sportmassage,2,0,0,2026-06-08
Q003225,DE,München,hubschrauber rundflug,0,0,0,2026-06-07
Q003226,DE,Berlin,friseur,21,0,0,2026-06-03
Q003227,DE,Berlin,bowling,8,0,0,2026-06-23
Q003228,DE,Hamburg,wildwasser rafting,0,0,0,2026-06-25
Q003229,DE,Berlin,paintball,1,0,0,2026-06-08
Q003230,DE,Hamburg,yoga kurs,29,0,0,2026-06-13
Q003231,DE,München,pilates,5,1,0,2026-06-05
Q003232,DE,Köln,sushi,1,0,0,2026-06-04
Q003233,DE,Hamburg,eyelash extensions,0,0,0,2026-06-23
Q003234,DE,Berlin,bowling,1,0,0,2026-06-18
Q003235,DE,Köln,sports massage,26,0,0,2026-06-29
Q003236,DE,Berlin,heißluftballonefahrt,0,0,0,2026-06-10
Q003237,DE,Hamburg,heißluftballon fahrt,0,0,0,2026-06-14
Q003238,DE,Hamburg,escape room,7,1,0,2026-06-15
Q003239,DE,Berlin,hubschrauber rundflug,0,0,0,2026-06-12
Q003240,DE,München,fitnessstudio,28,0,0,2026-06-25
Q003241,DE,Köln,sushi,0,0,0,2026-06-01
Q003242,DE,München,crossfit,0,0,0,2026-06-15
Q003243,DE,Berlin,yoga kurs,6,0,0,2026-06-21
Q003244,DE,Berlin,hare färben,34,1,0,2026-06-23
Q003245,DE,Berlin,brunch,7,0,0,2026-06-01
Q003246,DE,Hamburg,personal trainer,25,0,0,2026-06-13
Q003247,DE,Berlin,fallschirmspringen,0,0,0,2026-06-28
Q003248,DE,München,piiates,0,0,0,2026-06-14
Q003249,DE,Köln,hubschrauber rundflug,0,0,0,2026-06-02
Q003250,DE,Berlin,wilewasser rafting,0,0,0,2026-06-06
Q003251,DE,Berlin,burger,0,0,0,2026-06-14
Q003252,DE,München,friseur,24,1,0,2026-06-30
Q003253,DE,München,brunch,1,0,0,2026-06-23
Q003254,DE,München,italiener,0,0,0,2026-06-12
Q003255,DE,Berlin,sushi,0,0,0,2026-06-24
Q003256,DE,München,yoga kurs,5,1,1,2026-06-11
Q003257,DE,Berlin,heißluftballon fahrt,0,0,0,2026-06-07
Q003258,DE,Hamburg,city tour,1,0,0,2026-06-06
Q003259,DE,Berlin,fitnessstudio,0,0,0,2026-06-08
Q003260,DE,Berlin,bowling,5,0,0,2026-06-01
Q003261,DE,Köln,paintball,0,0,0,2026-06-21
Q003262,DE,Berlin,personal trainer,14,1,0,2026-06-29
Q003263,DE,Berlin,yoga kurs,8,1,0,2026-06-22
Q003264,DE,Berlin,kart fahren,4,0,0,2026-06-22
Q003265,DE,Berlin,stadtrundfahrt,1,0,0,2026-06-23
Q003266,DE,Berlin,burger,23,1,0,2026-06-06
Q003267,DE,Hamburg,sportmassage,0,0,0,2026-06-21
Q003268,DE,Berlin,rückenmassage,22,0,0,2026-06-27
Q003269,DE,Hamburg,personal trainer,1,0,0,2026-06-03
Q003270,DE,Köln,paintball,18,0,0,2026-06-04
Q003271,DE,Berlin,gesichtsbehandlung,2,0,0,2026-06-21
Q003272,DE,Hamburg,maniküre,0,0,0,2026-06-03
Q003273,DE,München,heißluftballon fahrt,0,0,0,2026-06-27
Q003274,DE,München,wildwasser rafting,0,0,0,2026-06-28
Q003275,DE,Berlin,stadtrundfahrt,16,1,0,2026-06-04
Q003276,DE,Berlin,maniküre,23,1,0,2026-06-28
Q003277,DE,Berlin,heißluftballon fahrt,0,0,0,2026-06-27
Q003278,DE,Hamburg,stadtrandfahrt,11,1,0,2026-06-13
Q003279,DE,Hamburg,bowling,24,0,0,2026-06-24
Q003280,DE,Berlin,seakhaus,23,0,0,2026-06-10
Q003281,DE,Hamburg,heißluftballon fahrt,0,0,0,2026-06-12
Q003282,DE,Berlin,fallschirmspringen,0,0,0,2026-06-18
Q003283,DE,München,personal trainer,6,1,0,2026-06-07
Q003284,DE,München,go karting,1,0,0,2026-06-14
Q003285,DE,Köln,sports massage,2,0,0,2026-06-04
Q003286,DE,Berlin,maniküre,23,1,1,2026-06-14
Q003287,DE,Berlin,italiener,13,0,0,2026-06-12
Q003288,DE,Berlin,maniküre,19,0,0,2026-06-18
Q003289,DE,Hamburg,hubschrauber rundflug,0,0,0,2026-06-14
Q003290,DE,Berlin,rückenmassage,5,0,0,2026-06-18
Q003291,DE,Berlin,gesichtsbehandlung,9,1,1,2026-06-13
Q003292,DE,Berlin,hubschrauber rundflug,0,0,0,2026-06-01
Q003293,DE,Berlin,maniküre,1,0,0,2026-06-28
Q003294,DE,Köln,wimpernverlängerung,22,0,0,2026-06-24
Q003295,DE,Berlin,pilates,1,0,0,2026-06-30
Q003296,DE,Berlin,heißluftballon fahrt,0,0,0,2026-06-02
Q003297,DE,Berlin,thai massage,12,0,0,2026-06-10
Q003298,DE,Hamburg,go karting,0,0,0,2026-06-07
Q003299,DE,Köln,brunch,2,0,0,2026-06-07
Q003300,DE,Köln,sportmassage,1,0,0,2026-06-04
Q003301,DE,Hamburg,wildwasser rafting,0,0,0,2026-06-09
Q003302,DE,Berlin,heißluftballon fahrt,0,0,0,2026-06-16
Q003303,DE,Hamburg,thai massage,24,0,0,2026-06-18
Q003304,DE,Hamburg,personal trainer,25,0,0,2026-06-10
Q003305,DE,Berlin,kart fahren,2,0,0,2026-06-30
Q003306,DE,Köln,bowling,11,0,0,2026-06-18
Q003307,DE,Berlin,crossfit,0,0,0,2026-06-06
Q003308,DE,Berlin,yoga kurs,22,1,0,2026-06-26
Q003309,DE,Hamburg,kart fahren,14,0,0,2026-06-01
Q003310,DE,Hamburg,burger,34,1,0,2026-06-06
Q003311,DE,Berlin,wildwasser rafting,0,0,0,2026-06-17
Q003312,DE,Köln,heißluftballon fahrt,0,0,0,2026-06-09
Q003313,DE,Hamburg,personal trainer,1,0,0,2026-06-01
Q003314,DE,Köln,crossfit,0,0,0,2026-06-30
Q003315,DE,Berlin,bowling,1,0,0,2026-06-02
Q003316,DE,München,rückenmassage,5,1,0,2026-06-15
Q003317,DE,Berlin,burger,14,0,0,2026-06-25
Q003318,DE,Köln,kart fahren,0,0,0,2026-06-08
Q003319,DE,Berlin,pilates,22,1,0,2026-06-24
Q003320,DE,München,fallschirmspringen,0,0,0,2026-06-08
Q003321,DE,Berlin,paarmassage,10,1,0,2026-06-19
Q003322,DE,Berlin,gesichtsbehandlung,0,0,0,2026-06-14
Q003323,DE,Berlin,sushi,1,0,0,2026-06-14
Q003324,DE,Berlin,bowling,33,0,0,2026-06-24
Q003325,DE,Berlin,italiener,14,0,0,2026-06-23
Q003326,DE,München,burger,2,0,0,2026-06-17
Q003327,DE,Berlin,rückenmassage,2,0,0,2026-06-23
Q003328,DE,Berlin,kart fahren,1,0,0,2026-06-15
Q003329,DE,Hamburg,fallschirmspringen,0,0,0,2026-06-27
Q003330,DE,Hamburg,rückenmassage,2,0,0,2026-06-16
Q003331,DE,München,nackenmassage,8,0,0,2026-06-12
Q003332,DE,Köln,sportmassage,2,0,0,2026-06-25
Q003333,DE,München,haircut,1,0,0,2026-06-19
Q003334,DE,Berlin,bowling,35,0,0,2026-06-04
Q003335,DE,Berlin,fallschirrmspringen,0,0,0,2026-06-20
Q003336,DE,Berlin,hubschrauber rundflug,0,0,0,2026-06-24
Q003337,DE,München,pilates,2,0,0,2026-06-13
Q003338,DE,Berlin,escape room,1,0,0,2026-06-26
Q003339,DE,Berlin,heißluftballon fahrt,0,0,0,2026-06-24
Q003340,DE,München,manicure,2,0,0,2026-06-25
Q003341,DE,München,bowlng,1,1,0,2026-06-06
Q003342,DE,München,paarmassage,12,0,0,2026-06-29
Q003343,DE,Berlin,escape room,1,0,0,2026-06-09
Q003344,DE,Köln,friseur,1,0,0,2026-06-04
Q003345,DE,Berlin,haare färben,1,0,0,2026-06-23
Q003346,DE,Berlin,pilates,2,0,0,2026-06-23
Q003347,DE,Hamburg,wildwasser rafting,0,0,0,2026-06-30
Q003348,DE,Hamburg,personal trainer,2,1,1,2026-06-05
Q003349,DE,Hamburg,steakhaus,20,1,0,2026-06-18
Q003350,DE,München,italiner,2,1,1,2026-06-20
Q003351,DE,Berlin,yoga kurs,6,1,0,2026-06-04
Q003352,DE,Berlin,rückenmassage,9,1,0,2026-06-18
Q003353,DE,München,nackenmassage,0,0,0,2026-06-23
Q003354,DE,Berlin,fitnessatudio,23,0,0,2026-06-02
Q003355,DE,Berlin,yoga kurs,18,1,1,2026-06-15
Q003356,DE,Hamburg,nackenmassage,0,0,0,2026-06-27
Q003357,DE,Berlin,hubschrauber rundflug,0,0,0,2026-06-13
Q003358,DE,Hamburg,burger,1,0,0,2026-06-04
Q003359,DE,Hamburg,gym,1,0,0,2026-06-14
Q003360,DE,Berlin,italiener,17,1,0,2026-06-28
Q003361,DE,München,italiener,0,0,0,2026-06-19
Q003362,DE,München,city tour,27,0,0,2026-06-17
Q003363,DE,München,brunch,2,0,0,2026-06-11
Q003364,DE,München,nackenmassage,7,1,0,2026-06-19
Q003365,DE,München,crossfit,10,0,0,2026-06-03
Q003366,DE,Hamburg,wildwasser rafting,0,0,0,2026-06-25
Q003367,DE,Hamburg,escape rooom,2,0,0,2026-06-25
Q003368,DE,München,brunch,2,0,0,2026-06-04
Q003369,DE,Berlin,bruoch,17,1,1,2026-06-01
Q003370,DE,Berlin,crossfit,5,0,0,2026-06-12
Q003371,DE,Hamburg,hubschrauber rundflug,0,0,0,2026-06-23
Q003372,DE,Köln,crossfit,2,0,0,2026-06-30
Q003373,DE,Berlin,escape room,18,0,0,2026-06-24
Q003374,DE,Berlin,kart fahren,22,1,0,2026-06-04
Q003375,DE,Berlin,nackenmassage,21,1,0,2026-06-25
Q003376,DE,München,gesichtsbehandlung,5,0,0,2026-06-15
Q003377,DE,Berlin,sportmassage,22,0,0,2026-06-03
Q003378,DE,Berlin,fallschirmspringen,0,0,0,2026-06-08
Q003379,DE,Hamburg,bowling,33,0,0,2026-06-18
Q003380,DE,Hamburg,paintball,23,1,0,2026-06-18
Q003381,DE,Berlin,italiener,12,1,0,2026-06-28
Q003382,DE,Berlin,wildwasser rafting,0,0,0,2026-06-11
Q003383,DE,Berlin,pilates,1,0,0,2026-06-30
Q003384,DE,München,wildwasser rafting,0,0,0,2026-06-10
Q003385,DE,Berlin,maniküre,2,0,0,2026-06-14
Q003386,DE,Berlin,crossfit,1,0,0,2026-06-16
Q003387,DE,Hamburg,fallschirmspringen,0,0,0,2026-06-24
Q003388,DE,München,kart fahren,12,1,0,2026-06-27
Q003389,DE,Berlin,stadtrundfahrt,0,0,0,2026-06-11
Q003390,DE,Hamburg,wildwasser rafting,0,0,0,2026-06-07
Q003391,DE,München,burger,13,1,1,2026-06-16
Q003392,DE,Berlin,kart fahren,23,1,0,2026-06-10
Q003393,DE,München,wildwasserrafting,0,0,0,2026-06-16
Q003394,DE,Berlin,wimpernverlängerung,1,0,0,2026-06-28
Q003395,DE,Berlin,paarmassage,20,0,0,2026-06-27
Q003396,DE,Berlin,go karting,2,0,0,2026-06-17
Q003397,DE,Köln,hubschrauber rundflug,0,0,0,2026-06-26
Q003398,DE,Köln,escape room,1,0,0,2026-06-19
Q003399,DE,Hamburg,rückenmassage,0,0,0,2026-06-13
Q003400,DE,Berlin,brunch,8,1,0,2026-06-01
Q003401,DE,München,nackenmassage,2,0,0,2026-06-25
Q003402,DE,Berlin,nackenmassage,17,0,0,2026-06-03
Q003403,DE,München,rückenmassage,8,1,0,2026-06-20
Q003404,DE,München,steak dinner,2,0,0,2026-06-14
Q003405,DE,Hamburg,sushi,24,1,0,2026-06-15
Q003406,DE,München,wimmpernverlängerung,5,1,1,2026-06-26
Q003407,DE,München,kart fahren,19,0,0,2026-06-29
Q003408,DE,München,kart fahren,18,0,0,2026-06-13
Q003409,DE,München,pilates,39,0,0,2026-06-11
Q003410,DE,Berlin,crossfit,8,1,0,2026-06-29
Q003411,DE,Berlin,wildwasser rafting,0,0,0,2026-06-03
Q003412,DE,Berlin,hubschrauber rundflug,0,0,0,2026-06-28
Q003413,DE,Berlin,steakhaus,18,0,0,2026-06-04
Q003414,DE,Hamburg,maniküre,2,0,0,2026-06-16
Q003415,DE,Berlin,steakhaus,1,0,0,2026-06-14
Q003416,DE,Hamburg,nackenmassage,1,0,0,2026-06-14
Q003417,DE,Hamburg,yoga class,0,0,0,2026-06-26
Q003418,DE,Berlin,stakhaus,1,0,0,2026-06-25
Q003419,DE,Berlin,burger,2,0,0,2026-06-21
Q003420,DE,Berlin,personal trainer,0,0,0,2026-06-07
Q003421,DE,Berlin,wimpernverlängerung,16,1,1,2026-06-09
Q003422,DE,Hamburg,steakhaus,11,0,0,2026-06-09
Q003423,DE,Berlin,wildwasser rafting,0,0,0,2026-06-13
Q003424,DE,Berlin,pilates,1,0,0,2026-06-23
Q003425,DE,Berlin,fallschirmspringen,0,0,0,2026-06-15
Q003426,DE,Köln,sportmassage,15,1,0,2026-06-19
Q003427,DE,Berlin,italiener,22,0,0,2026-06-07
Q003428,DE,Hamburg,wildwasser rafting,0,0,0,2026-06-07
Q003429,DE,Berlin,pilates,13,0,0,2026-06-05
Q003430,DE,Berlin,wimpernverlängerung,1,1,0,2026-06-09
Q003431,DE,Berlin,haare färben,13,1,0,2026-06-28
Q003432,DE,Berlin,personal trainer,22,1,0,2026-06-14
Q003433,DE,Berlin,sports massage,21,0,0,2026-06-24
Q003434,DE,Berlin,steak dinner,1,0,0,2026-06-25
Q003435,DE,Berlin,steakhaus,0,0,0,2026-06-20
Q003436,DE,Berlin,thai massage,1,1,1,2026-06-02
Q003437,DE,Hamburg,frisseur,25,1,1,2026-06-29
Q003438,DE,Hamburg,sushi,0,0,0,2026-06-11
Q003439,DE,Berlin,italiner,0,0,0,2026-06-13
Q003440,DE,Berlin,wildwasser rafting,0,0,0,2026-06-01
Q003441,DE,Hamburg,burger,1,0,0,2026-06-02
Q003442,DE,Köln,bowling,2,1,0,2026-06-11
Q003443,DE,Köln,crosssfit,2,0,0,2026-06-13
Q003444,DE,Köln,sushi,9,1,0,2026-06-18
Q003445,DE,Berlin,yoga kurs,2,0,0,2026-06-13
Q003446,DE,Berlin,facial,1,0,0,2026-06-05
Q003447,DE,Berlin,steakhaus,19,0,0,2026-06-19
Q003448,DE,Berlin,gym,2,0,0,2026-06-03
Q003449,DE,Berlin,escape room,20,0,0,2026-06-16
Q003450,DE,München,heißluftballon fahrt,0,0,0,2026-06-24
Q003451,DE,Hamburg,burger,2,0,0,2026-06-20
Q003452,DE,Berlin,rückenmassage,2,0,0,2026-06-19
Q003453,DE,Berlin,brunch,25,1,1,2026-06-02
Q003454,DE,München,personal trainer,18,1,0,2026-06-02
Q003455,DE,Berlin,wildwaasser rafting,0,0,0,2026-06-13
Q003456,DE,München,pizza deal,1,0,0,2026-06-23
Q003457,DE,Berlin,steakhaus,20,1,0,2026-06-23
Q003458,DE,Berlin,paintball,1,0,0,2026-06-20
Q003459,DE,Berlin,rückenmassage,25,0,0,2026-06-14
Q003460,DE,Berlin,pilates,9,1,0,2026-06-02
Q003461,DE,Hamburg,heißluftballon fahrt,0,0,0,2026-06-24
Q003462,DE,Berlin,wildwasser rafting,0,0,0,2026-06-29
Q003463,DE,Berlin,pilates,1,0,0,2026-06-17
Q003464,DE,Hamburg,paintbaal,11,1,0,2026-06-16
Q003465,DE,Hamburg,burger,9,1,0,2026-06-19
Q003466,DE,München,paintball,4,0,0,2026-06-02
Q003467,DE,Hamburg,kart fahren,10,0,0,2026-06-06
Q003468,DE,Berlin,gym,2,0,0,2026-06-02
Q003469,DE,Berlin,yoga kurs,34,0,0,2026-06-15
Q003470,DE,Berlin,kart fahren,19,1,0,2026-06-02
Q003471,DE,Köln,wildwasser rafting,0,0,0,2026-06-26
Q003472,DE,Köln,maniküre,21,0,0,2026-06-30
Q003473,DE,Berlin,friseur,2,0,0,2026-06-19
Q003474,DE,Berlin,rückenmassage,23,1,0,2026-06-30
Q003475,DE,München,thai massage,12,0,0,2026-06-24
Q003476,DE,Hamburg,bowling,19,0,0,2026-06-17
Q003477,DE,Hamburg,stteakhaus,25,0,0,2026-06-21
Q003478,DE,Hamburg,fitnessstudio,24,0,0,2026-06-08
Q003479,DE,München,nackenmassage,13,1,1,2026-06-11
Q003480,DE,Berlin,stadtrundfahrt,5,1,0,2026-06-04
Q003481,DE,München,italiener,0,0,0,2026-06-24
Q003482,DE,Hamburg,burger,25,1,1,2026-06-22
Q003483,DE,Köln,personal trainer,0,0,0,2026-06-29
Q003484,DE,München,bowling,1,0,0,2026-06-11
Q003485,DE,Berlin,burger,10,0,0,2026-06-07
Q003486,DE,Hamburg,thai massage,25,0,0,2026-06-27
Q003487,DE,München,paintball,6,0,0,2026-06-01
Q003488,DE,München,sports massage,2,0,0,2026-06-21
Q003489,DE,Hamburg,brunch,5,1,0,2026-06-26
Q003490,DE,München,paintball,4,1,0,2026-06-07
Q003491,DE,Berlin,haare färben,12,1,0,2026-06-17
Q003492,DE,Berlin,sportmassage,2,0,0,2026-06-04
Q003493,DE,Berlin,yoga kurs,16,1,0,2026-06-06
Q003494,DE,München,thai massage,8,1,0,2026-06-01
Q003495,DE,Berlin,gesichtsbehandlung,26,0,0,2026-06-24
Q003496,DE,Berlin,escape room,14,1,0,2026-06-18
Q003497,DE,Berlin,crossfit,24,1,0,2026-06-05
Q003498,DE,Berlin,bowling,6,1,0,2026-06-06
Q003499,DE,Berlin,burger,1,0,0,2026-06-06
Q003500,DE,Köln,kart fahren,25,0,0,2026-06-01
Q003501,DE,Köln,brunch,2,0,0,2026-06-04
Q003502,DE,Berlin,bowling,2,0,0,2026-06-18
Q003503,DE,München,burger,1,0,0,2026-06-02
Q003504,DE,Berlin,yoga kurs,5,1,0,2026-06-07
Q003505,DE,Hamburg,wildwasser rafting,0,0,0,2026-06-17
Q003506,DE,Köln,sushi,38,1,0,2026-06-14
Q003507,DE,Berlin,hubschrauber rundflug,0,0,0,2026-06-30
Q003508,DE,Hamburg,yoga kurs,0,0,0,2026-06-29
Q003509,DE,Berlin,brunch,0,0,0,2026-06-10
Q003510,DE,Berlin,crossfit,6,0,0,2026-06-09
Q003511,DE,Berlin,steakhaus,2,0,0,2026-06-20
Q003512,DE,Berlin,sportmassage,17,1,0,2026-06-25
Q003513,DE,Berlin,escape room,25,1,0,2026-06-06
Q003514,DE,Berlin,fitnessstudio,10,0,0,2026-06-18
Q003515,DE,Hamburg,sushi,36,1,0,2026-06-08
Q003516,DE,München,thai massage,2,0,0,2026-06-17
Q003517,DE,Berlin,sushi,0,0,0,2026-06-04
Q003518,DE,Berlin,sportmasage,2,0,0,2026-06-02
Q003519,DE,Hamburg,fallschirmspringun,0,0,0,2026-06-04
Q003520,DE,Köln,gesichtsbehandlung,21,0,0,2026-06-18
Q003521,DE,Hamburg,escape room,30,1,0,2026-06-05
Q003522,DE,München,fallschirmspringen,0,0,0,2026-06-17
Q003523,DE,Hamburg,pilates,10,0,0,2026-06-06
Q003524,DE,Köln,stadtrundfahrt,4,1,0,2026-06-16
Q003525,DE,Hamburg,wimpernverlängerung,31,0,0,2026-06-03
Q003526,DE,Berlin,bowling,2,0,0,2026-06-26
Q003527,DE,Köln,sushi,12,0,0,2026-06-23
Q003528,DE,Köln,italiener,14,0,0,2026-06-27
Q003529,DE,Berlin,stadtrundfahrt,16,0,0,2026-06-01
Q003530,DE,Hamburg,bowlig,2,0,0,2026-06-28
Q003531,DE,Berlin,gesichtsbehandlung,0,0,0,2026-06-12
Q003532,DE,München,nackenmassage,17,0,0,2026-06-08
Q003533,DE,München,escape room,15,1,0,2026-06-25
Q003534,DE,Berlin,fallschirmspringen,0,0,0,2026-06-26
Q003535,DE,Köln,stadtrundfahrt,2,0,0,2026-06-25
Q003536,DE,München,thi massage,1,0,0,2026-06-28
Q003537,DE,München,bowling,5,1,0,2026-06-16
Q003538,DE,Berlin,kart fahren,1,0,0,2026-06-29
Q003539,DE,Hamburg,haare färben,24,1,0,2026-06-15
Q003540,DE,Hamburg,burger,23,1,1,2026-06-21
Q003541,DE,Hamburg,heißluftballon fahrt,0,0,0,2026-06-29
Q003542,DE,Berlin,burger,12,0,0,2026-06-29
Q003543,DE,Berlin,fitnessstudio,4,1,1,2026-06-25
Q003544,DE,Berlin,nackenmassage,23,1,0,2026-06-28
Q003545,DE,Berlin,paarmassage,6,1,0,2026-06-10
Q003546,DE,Berlin,fallschirmspringen,0,0,0,2026-06-03
Q003547,DE,München,crossfit,11,0,0,2026-06-06
Q003548,DE,Berlin,maniküre,9,0,0,2026-06-27
Q003549,DE,München,crossfit,4,0,0,2026-06-10
Q003550,DE,Hamburg,italiener,10,1,1,2026-06-28
Q003551,DE,München,italiener,2,0,0,2026-06-03
Q003552,DE,Berlin,fallschirmspringen,0,0,0,2026-06-13
Q003553,DE,Hamburg,sportmassage,1,0,0,2026-06-14
Q003554,DE,Köln,fitnessstuduo,2,0,0,2026-06-15
Q003555,DE,Berlin,fitnessstudio,0,0,0,2026-06-12
Q003556,DE,München,nackenmassage,1,0,0,2026-06-14
Q003557,DE,Berlin,personal trainer,2,0,0,2026-06-19
Q003558,DE,Hamburg,steakhaus,2,0,0,2026-06-06
Q003559,DE,Hamburg,stadrundfahrt,2,0,0,2026-06-13
Q003560,DE,Berlin,bowling,39,0,0,2026-06-09
Q003561,DE,Köln,wildwasser rafting,0,0,0,2026-06-03
Q003562,DE,Berlin,fallschirmspringen,0,0,0,2026-06-18
Q003563,DE,Berlin,sushi,24,0,0,2026-06-10
Q003564,DE,Köln,steakhaus,26,0,0,2026-06-27
Q003565,DE,Berlin,gesichtsbehandlung,35,1,0,2026-06-20
Q003566,DE,Berlin,rückenmassage,20,1,0,2026-06-21
Q003567,DE,Köln,yoga kurs,1,0,0,2026-06-18
Q003568,DE,Berlin,wimpernverlängerung,18,1,0,2026-06-14
Q003569,DE,München,gesichtsbehandlung,17,0,0,2026-06-14
Q003570,DE,München,italiener,16,0,0,2026-06-18
Q003571,DE,Berlin,hubsehrauber rundflug,0,0,0,2026-06-12
Q003572,DE,Berlin,escape room,38,0,0,2026-06-17
Q003573,DE,Berlin,escape room,0,0,0,2026-06-09
Q003574,DE,Berlin,nackenmassage,15,1,0,2026-06-27
Q003575,DE,München,gesichtsbehandlung,1,1,0,2026-06-08
Q003576,DE,München,friseur,0,0,0,2026-06-29
Q003577,DE,München,nackenmassage,23,1,0,2026-06-25
Q003578,DE,München,personal trainer,19,1,1,2026-06-16
Q003579,DE,Hamburg,sportmassage,25,0,0,2026-06-06
Q003580,DE,Berlin,burger,15,1,1,2026-06-13
Q003581,DE,München,fitnessstudio,2,0,0,2026-06-16
Q003582,DE,Berlin,heißluftballon fahrt,0,0,0,2026-06-12
Q003583,DE,Berlin,heißluftballon fahrt,0,0,0,2026-06-25
Q003584,DE,Hamburg,hubschrauber rundflug,0,0,0,2026-06-25
Q003585,DE,Berlin,nackenmassage,6,1,0,2026-06-16
Q003586,DE,Hamburg,escape room,1,0,0,2026-06-25
Q003587,DE,Berlin,crossfit,5,1,0,2026-06-30
Q003588,DE,Hamburg,fitnessstudio,25,1,1,2026-06-05
Q003589,DE,Berlin,yoga kurs,17,1,0,2026-06-17
Q003590,DE,München,stadtrundfahrt,12,1,0,2026-06-29
Q003591,DE,Köln,wimpernverlängerung,0,0,0,2026-06-03
Q003592,DE,Berlin,pilates,0,0,0,2026-06-14
Q003593,DE,Köln,bowling,2,0,0,2026-06-14
Q003594,DE,Berlin,pizza deal,2,0,0,2026-06-14
Q003595,DE,München,gesichtsbehandlung,4,1,1,2026-06-25
Q003596,DE,Köln,stadtrundfahrt,5,1,1,2026-06-29
Q003597,DE,Köln,wildwasser rafting,0,0,0,2026-06-23
Q003598,DE,Berlin,thai massage,1,0,0,2026-06-02
Q003599,DE,Hamburg,fallschirmspringen,0,0,0,2026-06-04
Q003600,DE,Berlin,sushi,20,0,0,2026-06-09
Q003601,DE,Berlin,bowling,14,0,0,2026-06-12
Q003602,DE,Köln,wildwasser rafting,0,0,0,2026-06-26
Q003603,DE,Hamburg,maniküre,19,1,1,2026-06-09
Q003604,DE,Berlin,haare färben,1,0,0,2026-06-15
Q003605,DE,Berlin,paintball,15,1,0,2026-06-02
Q003606,DE,München,gesichtsbehandlung,26,0,0,2026-06-07
Q003607,DE,Hamburg,haare färben,1,0,0,2026-06-01
Q003608,DE,Hamburg,gesichtsbehandlung,8,0,0,2026-06-05
Q003609,DE,Hamburg,wildwasser rafting,0,0,0,2026-06-17
Q003610,DE,Berlin,maniküre,0,0,0,2026-06-11
Q003611,DE,Berlin,personal trainer,24,1,0,2026-06-10
Q003612,DE,Hamburg,buurger,0,0,0,2026-06-25
Q003613,DE,München,brunch,23,0,0,2026-06-17
Q003614,DE,Berlin,brnch,8,1,1,2026-06-02
Q003615,DE,Berlin,thai massage,0,0,0,2026-06-06
Q003616,DE,Berlin,kart fahren,9,0,0,2026-06-18
Q003617,DE,München,eyelash extensions,1,0,0,2026-06-13
Q003618,DE,Berlin,sushi,2,1,0,2026-06-17
Q003619,DE,München,wildwasser rafting,0,0,0,2026-06-03
Q003620,DE,München,brunch,0,0,0,2026-06-14
Q003621,DE,München,sushhi,15,0,0,2026-06-09
Q003622,DE,München,sushi,2,0,0,2026-06-30
Q003623,DE,Hamburg,heißluftballon fahrt,0,0,0,2026-06-08
Q003624,DE,München,haare färben,11,0,0,2026-06-20
Q003625,DE,Berlin,personal trainer,14,0,0,2026-06-13
Q003626,DE,Hamburg,kart fahren,25,0,0,2026-06-28
Q003627,DE,Berlin,fitnessstudio,0,0,0,2026-06-24
Q003628,DE,Berlin,italiener,21,1,0,2026-06-25
Q003629,DE,München,pilates,1,0,0,2026-06-30
Q003630,DE,Berlin,personal trainer,21,1,0,2026-06-15
Q003631,DE,Hamburg,hubschrauber rundflug,0,0,0,2026-06-25
Q003632,DE,Berlin,brunch,2,0,0,2026-06-26
Q003633,DE,Berlin,haare färben,0,0,0,2026-06-01
Q003634,DE,Hamburg,pilates,0,0,0,2026-06-01
Q003635,DE,Hamburg,escaperoom,8,0,0,2026-06-29
Q003636,DE,Hamburg,wildwasser rafting,0,0,0,2026-06-06
Q003637,DE,Berlin,heeißluftballon fahrt,0,0,0,2026-06-19
Q003638,DE,Berlin,nackenmassage,13,1,0,2026-06-09
Q003639,DE,Berlin,gesichtsbehandlung,1,1,0,2026-06-14
Q003640,DE,München,personal trainer,2,1,0,2026-06-07
Q003641,DE,Berlin,pilates,13,0,0,2026-06-12
Q003642,DE,Berlin,sushi,0,0,0,2026-06-07
Q003643,DE,Berlin,heißluftballon fahrt,0,0,0,2026-06-19
Q003644,DE,Berlin,italiener,1,0,0,2026-06-30
Q003645,DE,München,heißluftballon fahrt,0,0,0,2026-06-18
Q003646,DE,Berlin,nackenmassage,2,0,0,2026-06-29
Q003647,DE,München,fallschirmspringen,0,0,0,2026-06-10
Q003648,DE,München,gesichtsbehandlung,25,1,0,2026-06-02
Q003649,DE,Köln,friseur,2,0,0,2026-06-12
Q003650,DE,Hamburg,gesichtsbehandlung,0,0,0,2026-06-05
Q003651,DE,Hamburg,personal trainer,0,0,0,2026-06-13
Q003652,DE,München,sportmassage,2,0,0,2026-06-02
Q003653,DE,Berlin,maniküre,1,0,0,2026-06-08
Q003654,DE,München,personal trainer,4,1,0,2026-06-24
Q003655,DE,Köln,paintball,2,0,0,2026-06-11
Q003656,DE,Berlin,sushi,0,0,0,2026-06-11
Q003657,DE,Berlin,haare färben,5,0,0,2026-06-25
Q003658,DE,Berlin,fitnessstudio,38,0,0,2026-06-07
Q003659,DE,Berlin,crossfit,2,0,0,2026-06-22
Q003660,DE,Berlin,kart ahren,6,1,0,2026-06-21
Q003661,DE,Berlin,hair colour,2,0,0,2026-06-01
Q003662,DE,Berlin,fitnessstudio,1,0,0,2026-06-20
Q003663,DE,Berlin,personal trainer,11,0,0,2026-06-07
Q003664,DE,München,paintball,2,0,0,2026-06-30
Q003665,DE,Berlin,brunch,29,1,1,2026-06-02
Q003666,DE,München,pilates,19,0,0,2026-06-15
Q003667,DE,München,city tour,1,0,0,2026-06-02
Q003668,DE,München,stadtrundfahrt,2,1,0,2026-06-02
Q003669,DE,Hamburg,haare färben,0,0,0,2026-06-07
Q003670,DE,Berlin,heißluftballon fahrt,0,0,0,2026-06-14
Q003671,DE,München,stadtrundfahrt,29,0,0,2026-06-02
Q003672,DE,München,back massage,1,0,0,2026-06-19
Q003673,DE,Hamburg,rückenmassage,5,1,0,2026-06-27
Q003674,DE,Hamburg,indian restaurant,1,0,0,2026-06-19
Q003675,DE,Berlin,escape room,1,0,0,2026-06-20
Q003676,DE,Berlin,heißluftballon fahrt,0,0,0,2026-06-16
Q003677,DE,Berlin,friseur,15,0,0,2026-06-04
Q003678,DE,Berlin,thai massage,12,1,1,2026-06-12
Q003679,DE,Köln,rückenmassage,10,0,0,2026-06-28
Q003680,DE,Hamburg,yoga kurs,11,1,0,2026-06-08
Q003681,DE,Berlin,personal trainer,24,0,0,2026-06-07
Q003682,DE,Hamburg,yoga kurs,1,0,0,2026-06-03
Q003683,DE,Hamburg,personal trainer,8,0,0,2026-06-20
Q003684,DE,Berlin,buurger,0,0,0,2026-06-15
Q003685,DE,Berlin,deep tissue massage,1,0,0,2026-06-15
Q003686,DE,Berlin,thai massage,33,1,0,2026-06-04
Q003687,DE,Köln,wildwasser rafting,0,0,0,2026-06-21
Q003688,DE,Berlin,italiener,13,1,1,2026-06-07
Q003689,DE,Berlin,fallshirmspringen,0,0,0,2026-06-30
Q003690,DE,Berlin,fallschirmspringen,0,0,0,2026-06-05
Q003691,DE,Berlin,deep tissue massage,0,0,0,2026-06-05
Q003692,DE,Hamburg,paarmassage,15,0,0,2026-06-08
Q003693,DE,München,nackenmassage,0,0,0,2026-06-01
Q003694,DE,Berlin,crossfit,8,1,0,2026-06-09
Q003695,DE,Berlin,gesichtsbehndlung,11,0,0,2026-06-20
Q003696,DE,München,bowliing,9,0,0,2026-06-17
Q003697,DE,Berlin,brunch,2,1,0,2026-06-28
Q003698,DE,Berlin,hubschrauber rundflug,0,0,0,2026-06-03
Q003699,DE,Hamburg,steakhaus,22,1,0,2026-06-21
Q003700,DE,Hamburg,sushi,1,0,0,2026-06-29
Q003701,DE,Berlin,sportmassage,15,0,0,2026-06-29
Q003702,DE,München,brunch,0,0,0,2026-06-14
Q003703,DE,Köln,gesichtsbehandlung,2,0,0,2026-06-30
Q003704,DE,Berlin,nackenmassage,17,1,1,2026-06-13
Q003705,DE,Hamburg,friseur,21,1,1,2026-06-18
Q003706,DE,Berlin,hubschrauber rundflug,0,0,0,2026-06-28
Q003707,DE,Berlin,brunch,16,1,1,2026-06-06
Q003708,DE,München,heißluftballon fahrt,0,0,0,2026-06-25
Q003709,DE,Berlin,pilates,21,1,0,2026-06-27
Q003710,DE,Berlin,fallschirmspringen,0,0,0,2026-06-28
Q003711,DE,Berlin,sportmassage,12,1,1,2026-06-14
Q003712,DE,Berlin,crossfit,2,0,0,2026-06-08
Q003713,DE,Berlin,fitnessstudio,36,0,0,2026-06-24
Q003714,DE,Berlin,brunch,2,0,0,2026-06-07
Q003715,DE,Berlin,nackenmassage,18,1,1,2026-06-09
Q003716,DE,Berlin,gesichtsbehandlung,0,0,0,2026-06-22
Q003717,DE,Berlin,fitnessstudio,1,0,0,2026-06-21
Q003718,DE,Hamburg,heißluftballon fahrt,0,0,0,2026-06-14
Q003719,DE,Hamburg,nackenmassage,1,1,1,2026-06-20
Q003720,DE,Hamburg,yoga kurs,7,0,0,2026-06-16
Q003721,DE,Köln,yoga kurs,16,1,0,2026-06-03
Q003722,DE,Berlin,stadtrundfahrt,19,0,0,2026-06-11
Q003723,DE,München,brunch,5,1,0,2026-06-27
Q003724,DE,Hamburg,gesichtsbehandlung,21,1,0,2026-06-29
Q003725,DE,Berlin,yoga kurs,12,0,0,2026-06-16
Q003726,DE,Hamburg,personal trainer,1,0,0,2026-06-01
Q003727,DE,Berlin,fitnessstudio,16,1,1,2026-06-11
Q003728,DE,Hamburg,maniküre,0,0,0,2026-06-07
Q003729,DE,Berlin,stadtrundfahrt,4,0,0,2026-06-07
Q003730,DE,Berlin,escape room,2,0,0,2026-06-10
Q003731,DE,Köln,heißluftballon fahrt,0,0,0,2026-06-01
Q003732,DE,Hamburg,sushi,0,0,0,2026-06-30
Q003733,DE,Berlin,yoga class,2,0,0,2026-06-04
Q003734,DE,Köln,fallschirmspringen,0,0,0,2026-06-04
Q003735,DE,Berlin,escape room,1,0,0,2026-06-29
Q003736,DE,Berlin,sportmassage,17,1,1,2026-06-07
Q003737,DE,München,escape room,2,0,0,2026-06-10
Q003738,DE,Köln,personal trainer,39,1,1,2026-06-15
Q003739,DE,München,fallschirmspringen,0,0,0,2026-06-14
Q003740,DE,Berlin,burger,0,0,0,2026-06-25
Q003741,DE,Berlin,gesichtsbehandlung,10,1,0,2026-06-23
Q003742,DE,Berlin,kart fahren,2,0,0,2026-06-02
Q003743,DE,Hamburg,steakhaus,0,0,0,2026-06-10
Q003744,DE,Berlin,haare färben,2,0,0,2026-06-22
Q003745,DE,Hamburg,crossfit,20,0,0,2026-06-05
Q003746,DE,München,hubschrauber rundflug,0,0,0,2026-06-27
Q003747,DE,Berlin,steakhaaus,7,0,0,2026-06-21
Q003748,DE,Hamburg,sportmassage,31,0,0,2026-06-10
Q003749,DE,München,fitnessstudio,18,1,0,2026-06-24
Q003750,DE,Hamburg,rückenmassage,25,0,0,2026-06-30
Q003751,DE,Berlin,susi,11,0,0,2026-06-07
Q003752,DE,Berlin,paintball,30,0,0,2026-06-17
Q003753,DE,Berlin,burger,39,1,0,2026-06-23
Q003754,DE,Berlin,escape room,0,0,0,2026-06-17
Q003755,DE,Berlin,stadtrundfahrt,10,0,0,2026-06-03
Q003756,DE,München,hubschrauber rundflug,0,0,0,2026-06-06
Q003757,DE,Berlin,thai massage,1,0,0,2026-06-25
Q003758,DE,München,gym,34,0,0,2026-06-09
Q003759,DE,München,personal trainer,22,0,0,2026-06-05
Q003760,DE,München,buurger,6,1,0,2026-06-30
Q003761,DE,Berlin,nackenmassage,1,0,0,2026-06-14
Q003762,DE,München,hubschrauber rundflug,0,0,0,2026-06-10
Q003763,DE,Berlin,thai massage,0,0,0,2026-06-29
Q003764,DE,Berlin,thai massage,11,1,0,2026-06-19
Q003765,DE,Berlin,paintball,19,1,1,2026-06-02
Q003766,DE,München,sushi,0,0,0,2026-06-08
Q003767,DE,München,paintball,26,1,0,2026-06-28
Q003768,DE,Berlin,italiener,17,1,1,2026-06-24
Q003769,DE,Berlin,gesichtsbehandlung,5,1,0,2026-06-05
Q003770,DE,Hamburg,maniküue,16,1,0,2026-06-06
Q003771,DE,Berlin,haare färben,1,0,0,2026-06-07
Q003772,DE,München,wimpernverlängerung,2,0,0,2026-06-12
Q003773,DE,Hamburg,crossfit,17,1,1,2026-06-28
Q003774,DE,München,maniküre,4,1,1,2026-06-10
Q003775,DE,München,paarmassage,18,1,0,2026-06-07
Q003776,DE,Berlin,wimpernverlängerung,14,0,0,2026-06-19
Q003777,DE,Berlin,wildwasser rafting,0,0,0,2026-06-03
Q003778,DE,Berlin,sportmassage,11,1,1,2026-06-08
Q003779,DE,Berlin,pilates,22,1,1,2026-06-07
Q003780,DE,Berlin,fallschirmspringen,0,0,0,2026-06-07
Q003781,DE,Köln,kart fahren,13,0,0,2026-06-27
Q003782,DE,Berlin,sushi,2,0,0,2026-06-06
Q003783,DE,München,personal trainer,25,0,0,2026-06-22
Q003784,DE,Berlin,maniküre,11,1,0,2026-06-05
Q003785,DE,Hamburg,fallschirmspringn,0,0,0,2026-06-05
Q003786,DE,Berlin,wildwasser rafting,0,0,0,2026-06-26
Q003787,DE,Berlin,paarmassge,15,0,0,2026-06-17
Q003788,DE,Berlin,bowling,5,1,1,2026-06-06
Q003789,DE,Köln,steakhaus,18,0,0,2026-06-08
Q003790,DE,Köln,friseur,19,0,0,2026-06-08
Q003791,DE,Hamburg,wimpernverlängerung,8,1,1,2026-06-14
Q003792,DE,Berlin,maniküre,17,0,0,2026-06-07
Q003793,DE,München,bowling,4,1,1,2026-06-01
Q003794,DE,München,crossfit,14,0,0,2026-06-11
Q003795,DE,Hamburg,sportmassage,7,0,0,2026-06-02
Q003796,DE,Berlin,nackenmassage,40,0,0,2026-06-24
Q003797,DE,München,stadtrundfahrt,1,0,0,2026-06-15
Q003798,DE,Hamburg,escape room,24,1,0,2026-06-03
Q003799,DE,Hamburg,heißluftballon fahrt,0,0,0,2026-06-29
Q003800,DE,Köln,maniküre,1,0,0,2026-06-25
Q003801,DE,Hamburg,wimpernverlängerung,0,0,0,2026-06-30
Q003802,DE,München,maniküre,17,0,0,2026-06-05
Q003803,DE,Berlin,sportmassage,0,0,0,2026-06-14
Q003804,DE,Hamburg,pilates,17,1,0,2026-06-24
Q003805,DE,Hamburg,kart fahren,0,0,0,2026-06-21
Q003806,DE,Köln,sportmassage,39,0,0,2026-06-10
Q003807,DE,Berlin,fitnessstudio,1,0,0,2026-06-13
Q003808,DE,München,yoga kurs,1,0,0,2026-06-12
Q003809,DE,Hamburg,wildwasser rafting,0,0,0,2026-06-30
Q003810,DE,Köln,fitnessstudio,6,1,0,2026-06-14
Q003811,DE,Köln,yoga kurs,33,0,0,2026-06-18
Q003812,DE,Hamburg,steakhaus,9,1,1,2026-06-01
Q003813,DE,Köln,thai massage,6,0,0,2026-06-03
Q003814,DE,Berlin,burger,23,1,0,2026-06-14
Q003815,DE,Berlin,hubschrauber rundflug,0,0,0,2026-06-04
Q003816,DE,Berlin,gesichtsbehandlung,15,1,1,2026-06-04
Q003817,DE,Berlin,kart fahren,0,0,0,2026-06-18
Q003818,DE,Berlin,escape room,5,0,0,2026-06-03
Q003819,DE,München,stadtrundfahrt,23,0,0,2026-06-13
Q003820,DE,Köln,personal trainer,19,0,0,2026-06-15
Q003821,DE,Berlin,paintball,10,1,0,2026-06-18
Q003822,DE,Berlin,thai massage,16,0,0,2026-06-06
Q003823,DE,München,stadtrundfahrt,2,0,0,2026-06-20
Q003824,DE,Köln,sportmassage,2,0,0,2026-06-23
Q003825,DE,Hamburg,wildwasser rafting,0,0,0,2026-06-10
Q003826,DE,München,hubschrauber rundflug,0,0,0,2026-06-14
Q003827,DE,Berlin,steakhaus,24,0,0,2026-06-15
Q003828,DE,Köln,gesichtsbehandlung,23,0,0,2026-06-02
Q003829,DE,Berlin,burger,1,0,0,2026-06-07
Q003830,DE,Hamburg,crossfit,2,0,0,2026-06-10
Q003831,DE,Köln,rückenmassage,12,1,0,2026-06-02
Q003832,DE,Berlin,yoga kurs,8,0,0,2026-06-20
Q003833,DE,Berlin,crossfit,23,0,0,2026-06-03
Q003834,DE,Hamburg,heißluftballon fahrt,0,0,0,2026-06-10
Q003835,DE,Köln,nackenmassage,10,0,0,2026-06-26
Q003836,DE,Berlin,gesichtsbehandlung,0,0,0,2026-06-05
Q003837,DE,Berlin,kart fahren,14,0,0,2026-06-09
Q003838,DE,München,stadtrundfahrt,2,0,0,2026-06-29
Q003839,DE,München,crossfit,0,0,0,2026-06-23
Q003840,DE,Berlin,gesichtsbehandlung,13,1,0,2026-06-26
Q003841,DE,Berlin,neckenmassage,25,1,0,2026-06-04
Q003842,DE,München,hubschrauber rundflug,0,0,0,2026-06-05
Q003843,DE,Berlin,crrossfit,1,1,0,2026-06-10
Q003844,DE,Berlin,brunch,24,1,0,2026-06-28
Q003845,DE,Berlin,sportmassage,1,0,0,2026-06-25
Q003846,DE,Berlin,escape room,0,0,0,2026-06-29
Q003847,DE,Berlin,sportmassage,20,0,0,2026-06-24
Q003848,DE,München,kart fahren,21,1,0,2026-06-04
Q003849,DE,Berlin,stadtrundfahrt,1,0,0,2026-06-13
Q003850,DE,München,bowling,0,0,0,2026-06-22
Q003851,DE,Berlin,fallschirspringen,0,0,0,2026-06-13
Q003852,DE,Berlin,yoga class,1,0,0,2026-06-26
Q003853,DE,Berlin,wildwasser rafting,0,0,0,2026-06-02
Q003854,DE,Köln,steakhaus,0,0,0,2026-06-13
Q003855,DE,München,italiener,20,1,1,2026-06-03
Q003856,DE,Berlin,bowling,0,0,0,2026-06-10
Q003857,DE,Köln,yoga kkurs,10,1,1,2026-06-20
Q003858,DE,Berlin,friseur,0,0,0,2026-06-30
Q003859,DE,Berlin,brunch,19,0,0,2026-06-29
Q003860,DE,Köln,friseur,13,0,0,2026-06-01
Q003861,DE,Berlin,haare färben,4,1,1,2026-06-09
Q003862,DE,München,stadtrundfahrt,9,1,0,2026-06-02
Q003863,DE,Berlin,paarmassage,2,0,0,2026-06-10
Q003864,DE,Berlin,nackenmassage,0,0,0,2026-06-24
Q003865,DE,Berlin,haare färben,2,0,0,2026-06-14
Q003866,DE,Hamburg,paarmassage,25,1,0,2026-06-09
Q003867,DE,Hamburg,rückenmassage,36,0,0,2026-06-08
Q003868,DE,Hamburg,crossfit,0,0,0,2026-06-04
Q003869,DE,München,thai massage,2,0,0,2026-06-27
Q003870,DE,München,hubschrauber rundflug,0,0,0,2026-06-11
Q003871,DE,Berlin,burger,13,1,1,2026-06-17
Q003872,DE,München,city tour,27,0,0,2026-06-17
Q003873,DE,Hamburg,personal trainer,16,1,0,2026-06-07
Q003874,DE,Berlin,kart fahren,20,1,1,2026-06-24
Q003875,DE,Köln,nackenmassage,1,0,0,2026-06-14
Q003876,DE,Berlin,maniküre,15,0,0,2026-06-03
Q003877,DE,München,personal trainer,17,0,0,2026-06-02
Q003878,DE,Berlin,bowling,36,0,0,2026-06-18
Q003879,DE,Köln,fallschirmspringen,0,0,0,2026-06-11
Q003880,DE,Berlin,fallschirmspringen,0,0,0,2026-06-18
Q003881,DE,Berlin,brunch,18,1,0,2026-06-18
Q003882,DE,Berlin,steakhaus,9,1,0,2026-06-28
Q003883,DE,München,brunch,5,1,0,2026-06-14
Q003884,DE,München,bowling,18,0,0,2026-06-25
Q003885,DE,Hamburg,fallschirmspringen,0,0,0,2026-06-18
Q003886,DE,München,thai massage,2,0,0,2026-06-08
Q003887,DE,Hamburg,wimpernvorlängerung,23,0,0,2026-06-07
Q003888,DE,München,pilates,0,0,0,2026-06-27
Q003889,DE,Berlin,thai massage,1,0,0,2026-06-13
Q003890,DE,Berlin,thai massage,25,0,0,2026-06-18
Q003891,DE,Hamburg,haare färben,0,0,0,2026-06-22
Q003892,DE,Berlin,steakhaus,14,1,0,2026-06-07
Q003893,DE,München,heißluftbaelon fahrt,0,0,0,2026-06-02
Q003894,DE,München,sportmassage,11,1,1,2026-06-16
Q003895,DE,Köln,yoga kurs,21,1,1,2026-06-03
Q003896,DE,Berlin,sportmassage,20,0,0,2026-06-11
Q003897,DE,Hamburg,pizza deal,8,0,0,2026-06-17
Q003898,DE,Berlin,heißluftballon fahrt,0,0,0,2026-06-05
Q003899,DE,Berlin,haare färben,0,0,0,2026-06-12
Q003900,DE,Berlin,brrunch,29,0,0,2026-06-21
Q003901,DE,Berlin,personal trainer,2,0,0,2026-06-26
Q003902,DE,Berlin,paarmassage,8,1,1,2026-06-05
Q003903,DE,Berlin,nackenmassage,0,0,0,2026-06-17
Q003904,DE,Berlin,sushi,2,1,0,2026-06-10
Q003905,DE,Berlin,nackenmassage,21,0,0,2026-06-10
Q003906,DE,Hamburg,wimpernverlängerung,1,0,0,2026-06-26
Q003907,DE,Berlin,paintball,20,1,0,2026-06-24
Q003908,DE,Berlin,personal trainer,16,1,0,2026-06-14
Q003909,DE,Hamburg,maniküre,4,1,0,2026-06-28
Q003910,DE,Berlin,wimpernverlängerung,36,1,0,2026-06-23
Q003911,DE,Berlin,fallschirmspringen,0,0,0,2026-06-10
Q003912,DE,Berlin,gesichtsbehandlung,2,0,0,2026-06-29
Q003913,DE,Berlin,escape room,0,0,0,2026-06-10
Q003914,DE,Berlin,burger,22,0,0,2026-06-26
Q003915,DE,Berlin,stadtrundfahrt,4,1,0,2026-06-20
Q003916,DE,Hamburg,friseur,2,0,0,2026-06-25
Q003917,DE,München,deep tissue massage,24,1,0,2026-06-28
Q003918,DE,Berlin,brunch,13,0,0,2026-06-27
Q003919,DE,München,hubschrauber rundflug,0,0,0,2026-06-25
Q003920,DE,Berlin,rückenmassage,16,1,0,2026-06-20
Q003921,DE,München,thai massage,6,0,0,2026-06-20
Q003922,DE,Berlin,paarmassage,14,1,0,2026-06-14
Q003923,DE,Berlin,wimpernverlängerung,17,1,0,2026-06-17
Q003924,DE,München,hubschrauber rundflug,0,0,0,2026-06-12
Q003925,DE,Berlin,wildwasser rafting,0,0,0,2026-06-01
Q003926,DE,Berlin,rückenmassage,13,1,1,2026-06-10
Q003927,DE,Hamburg,fitnessstudio,1,0,0,2026-06-16
Q003928,DE,München,thai massage,19,0,0,2026-06-13
Q003929,DE,Hamburg,heißluftballon fahrt,0,0,0,2026-06-19
Q003930,DE,Berlin,crossfit,22,1,0,2026-06-19
Q003931,DE,Hamburg,deep tissue massage,36,1,0,2026-06-06
Q003932,DE,München,hubschrauber rundflug,0,0,0,2026-06-02
Q003933,DE,Berlin,stadtrundfahrt,1,0,0,2026-06-16
Q003934,DE,Berlin,hubschrauber rundflug,0,0,0,2026-06-16
Q003935,DE,Berlin,fallschirmspringen,0,0,0,2026-06-05
Q003936,DE,Berlin,gesichtsbehandlung,31,0,0,2026-06-25
Q003937,DE,Berlin,wildwasser rafting,0,0,0,2026-06-19
Q003938,DE,München,paarmassage,0,0,0,2026-06-30
Q003939,DE,Hamburg,bowling,25,0,0,2026-06-23
Q003940,DE,Köln,wildwasser rafting,0,0,0,2026-06-24
Q003941,DE,München,crossfit,17,1,1,2026-06-03
Q003942,DE,Berlin,crossfit,1,0,0,2026-06-13
Q003943,DE,Berlin,fitnessstudio,2,0,0,2026-06-02
Q003944,DE,Köln,gesichtsbehandlung,22,0,0,2026-06-05
Q003945,DE,Hamburg,brunch,2,0,0,2026-06-20
Q003946,DE,Köln,sushi,1,0,0,2026-06-01
Q003947,DE,Hamburg,wildwasser rafting,0,0,0,2026-06-15
Q003948,DE,Berlin,paintball,31,0,0,2026-06-01
Q003949,DE,München,paintball,2,0,0,2026-06-13
Q003950,DE,Berlin,fallschirmspringen,0,0,0,2026-06-14
Q003951,DE,Berlin,italiener,11,1,0,2026-06-13
Q003952,DE,Berlin,hubschrauber rundflug,0,0,0,2026-06-06
Q003953,DE,Berlin,wildwasser rafting,0,0,0,2026-06-23
Q003954,DE,München,italiener,2,0,0,2026-06-27
Q003955,DE,Berlin,paarmassage,11,1,0,2026-06-07
Q003956,DE,München,stadtrundfahrt,4,1,1,2026-06-21
Q003957,DE,Berlin,crossfit,19,0,0,2026-06-20
Q003958,DE,München,italiener,23,1,0,2026-06-05
Q003959,DE,Berlin,fallschirmspringen,0,0,0,2026-06-19
Q003960,DE,Berlin,fitnessstudio,2,0,0,2026-06-12
Q003961,DE,Berlin,pilates,14,0,0,2026-06-13
Q003962,DE,Berlin,wildwasser rafting,0,0,0,2026-06-10
Q003963,DE,Berlin,friseur,24,0,0,2026-06-12
Q003964,DE,Berlin,italiener,21,1,0,2026-06-25
Q003965,DE,Köln,wildwasser rafting,0,0,0,2026-06-05
Q003966,DE,Berlin,wildwasser rafting,0,0,0,2026-06-29
Q003967,DE,Berlin,paintball,1,0,0,2026-06-12
Q003968,DE,Berlin,friseur,2,0,0,2026-06-18
Q003969,DE,Hamburg,gesichtsbehandlung,4,1,1,2026-06-03
Q003970,DE,Hamburg,fitnessstudio,1,0,0,2026-06-23
Q003971,DE,Köln,friseur,19,1,1,2026-06-19
Q003972,DE,München,maniküre,35,0,0,2026-06-01
Q003973,DE,München,brunch,22,0,0,2026-06-22
Q003974,DE,Hamburg,paarmassage,10,1,0,2026-06-30
Q003975,DE,Berlin,fallschirmspringen,0,0,0,2026-06-15
Q003976,DE,Berlin,yoga kurs,1,0,0,2026-06-14
Q003977,DE,Berlin,go karting,14,0,0,2026-06-25
Q003978,DE,Berlin,fallschirmsprinien,0,0,0,2026-06-26
Q003979,DE,Hamburg,italiener,2,0,0,2026-06-07
Q003980,DE,Berlin,kart fahren,39,0,0,2026-06-14
Q003981,DE,Berlin,friseur,2,0,0,2026-06-21
Q003982,DE,Hamburg,sushi,2,0,0,2026-06-08
Q003983,DE,Berlin,pilates,0,0,0,2026-06-04
Q003984,DE,Köln,fallschirmspringen,0,0,0,2026-06-05
Q003985,DE,Hamburg,burger,11,0,0,2026-06-11
Q003986,DE,Berlin,steakhaus,2,0,0,2026-06-06
Q003987,DE,Hamburg,yoga kurs,0,0,0,2026-06-02
Q003988,DE,Hamburg,bowling,12,1,1,2026-06-27
Q003989,DE,Berlin,thai massage,22,0,0,2026-06-12
Q003990,DE,Berlin,heißluftballon fahrt,0,0,0,2026-06-16
Q003991,DE,Köln,italiener,22,1,0,2026-06-14
Q003992,DE,Berlin,pilates,12,1,1,2026-06-15
Q003993,DE,Berlin,thai massage,17,1,0,2026-06-30
Q003994,DE,Berlin,facial,1,0,0,2026-06-04
Q003995,DE,Köln,paintball,21,1,0,2026-06-05
Q003996,DE,Köln,sushi,2,0,0,2026-06-25
Q003997,DE,München,italiener,9,0,0,2026-06-03
Q003998,DE,Berlin,steakhaus,2,0,0,2026-06-24
Q003999,DE,Berlin,maniküre,12,1,1,2026-06-24
Q004000,DE,Berlin,escape room,6,1,0,2026-06-05
Q004001,DE,Berlin,bowling,1,0,0,2026-06-17
Q004002,DE,Köln,bowling,0,0,0,2026-06-17
Q004003,DE,Köln,crosssfit,9,1,0,2026-06-21
Q004004,DE,Berlin,haare färben,0,0,0,2026-06-14
Q004005,DE,München,personal trainer,1,0,0,2026-06-10
Q004006,DE,Köln,rückenmassage,21,1,0,2026-06-18
Q004007,DE,Köln,crossfit,15,1,0,2026-06-07
Q004008,DE,Berlin,brunch,1,0,0,2026-06-03
Q004009,DE,Berlin,thai massage,5,1,1,2026-06-16
Q004010,DE,Hamburg,brunch,28,1,0,2026-06-14
Q004011,DE,Berlin,rückenmassage,36,0,0,2026-06-05
Q004012,DE,Berlin,friseur,22,0,0,2026-06-04
Q004013,DE,Berlin,sushi,21,0,0,2026-06-25
Q004014,DE,München,crossoit,15,0,0,2026-06-14
Q004015,DE,Hamburg,couples massage,1,0,0,2026-06-17
Q004016,DE,Berlin,steakhaus,4,1,1,2026-06-24
Q004017,DE,München,brunch,4,0,0,2026-06-16
Q004018,DE,Berlin,hubschrauber rundflug,0,0,0,2026-06-22
Q004019,DE,Hamburg,fitnessstudio,8,0,0,2026-06-30
Q004020,DE,Berlin,nackenmassage,18,0,0,2026-06-07
Q004021,DE,Berlin,thai massage,2,0,0,2026-06-27
Q004022,DE,Hamburg,indian restaurant,0,0,0,2026-06-19
Q004023,DE,Berlin,escape room,24,1,0,2026-06-02
Q004024,DE,Köln,escape room,2,1,0,2026-06-19
Q004025,DE,Berlin,gesichtsbehandlung,6,1,0,2026-06-09
Q004026,DE,Berlin,hubschrauber rundflug,0,0,0,2026-06-07
Q004027,DE,Köln,yoga kurs,1,0,0,2026-06-26
Q004028,DE,Berlin,brunch,2,0,0,2026-06-20
Q004029,DE,München,pilates,5,0,0,2026-06-04
Q004030,DE,Berlin,gym,1,1,0,2026-06-02
Q004031,DE,Berlin,sportmassage,38,0,0,2026-06-20
Q004032,DE,Berlin,haare färben,6,0,0,2026-06-19
Q004033,DE,Berlin,yoga kurs,2,0,0,2026-06-17
Q004034,DE,Berlin,haare färben,19,0,0,2026-06-05
Q004035,DE,Köln,brunch,2,0,0,2026-06-15
Q004036,DE,München,fitnessstudio,1,0,0,2026-06-13
Q004037,DE,Hamburg,fallschirmspringen,0,0,0,2026-06-13
Q004038,DE,Berlin,personal trainer,23,1,0,2026-06-07
Q004039,DE,Berlin,italiener,10,1,0,2026-06-08
Q004040,DE,Hamburg,steakhaus,9,0,0,2026-06-23
Q004041,DE,Berlin,fallschirmspringen,0,0,0,2026-06-18
Q004042,DE,München,nackenmassage,1,0,0,2026-06-18
Q004043,DE,Berlin,wildwasser rafting,0,0,0,2026-06-07
Q004044,DE,Berlin,kart fahren,12,1,1,2026-06-16
Q004045,DE,Berlin,wildwasser rafting,0,0,0,2026-06-07
Q004046,DE,Berlin,yoga kurs,0,0,0,2026-06-09
Q004047,DE,Berlin,friseuur,0,0,0,2026-06-12
Q004048,DE,Berlin,haare färben,2,1,0,2026-06-24
Q004049,DE,Berlin,paiitball,2,1,0,2026-06-11
Q004050,DE,Berlin,manicure,22,0,0,2026-06-04
Q004051,DE,Berlin,bowing,23,0,0,2026-06-07
Q004052,DE,Berlin,paarmassage,1,0,0,2026-06-30
Q004053,DE,Hamburg,deep tissue massage,2,0,0,2026-06-11
Q004054,DE,Berlin,manikre,9,0,0,2026-06-29
Q004055,DE,München,gesichtsbehandlung,23,0,0,2026-06-16
Q004056,DE,Hamburg,pilates,25,0,0,2026-06-21
Q004057,DE,Hamburg,burger,14,1,0,2026-06-14
Q004058,DE,Berlin,personal trainer,18,1,0,2026-06-18
Q004059,DE,Berlin,nackenmassage,9,1,0,2026-06-22
Q004060,DE,Berlin,escape room,1,0,0,2026-06-29
Q004061,DE,Berlin,brunch,2,0,0,2026-06-09
Q004062,DE,Berlin,fallschirmspringen,0,0,0,2026-06-20
Q004063,DE,Berlin,italiener,21,1,0,2026-06-05
Q004064,DE,Hamburg,gesichtsbehandlunng,0,0,0,2026-06-14
Q004065,DE,München,kart fahren,11,1,1,2026-06-04
Q004066,DE,Berlin,hubschrauber rundflug,0,0,0,2026-06-18
Q004067,DE,Berlin,bowling,12,1,0,2026-06-15
Q004068,DE,Berlin,rückenmassage,34,0,0,2026-06-29
Q004069,DE,Berlin,hubschrauber rundflug,0,0,0,2026-06-19
Q004070,DE,Berlin,wimpernverlängerung,2,0,0,2026-06-22
Q004071,DE,Berlin,thai massage,36,1,0,2026-06-12
Q004072,DE,Berlin,sushi,0,0,0,2026-06-23
Q004073,DE,Hamburg,hubschrauber rundflug,0,0,0,2026-06-27
Q004074,DE,Hamburg,friseur,4,1,0,2026-06-23
Q004075,DE,Hamburg,steakhaus,0,0,0,2026-06-30
Q004076,DE,Berlin,wildwasser rafting,0,0,0,2026-06-26
Q004077,DE,Hamburg,maniküre,33,1,0,2026-06-29
Q004078,DE,Berlin,paintball,15,1,0,2026-06-27
Q004079,DE,Hamburg,sporimassage,11,0,0,2026-06-14
Q004080,DE,Hamburg,personal trainer,0,0,0,2026-06-25
Q004081,DE,Berlin,yoga kurs,18,1,1,2026-06-25
Q004082,DE,Hamburg,crossfit,13,0,0,2026-06-21
Q004083,DE,Berlin,sportmassage,21,0,0,2026-06-15
Q004084,DE,Hamburg,personal trainer,34,0,0,2026-06-27
Q004085,DE,Hamburg,yoga kurs,10,1,0,2026-06-06
Q004086,DE,Berlin,paarmassage,2,0,0,2026-06-19
Q004087,DE,Berlin,bowling,14,1,0,2026-06-14
Q004088,DE,Berlin,thai masage,9,0,0,2026-06-13
Q004089,DE,München,steakhaus,17,0,0,2026-06-09
Q004090,DE,Berlin,crossfit,9,0,0,2026-06-08
Q004091,DE,Berlin,gesichtsbehandlung,38,0,0,2026-06-22
Q004092,DE,Hamburg,hair colour,2,0,0,2026-06-23
Q004093,DE,Berlin,crossfit,11,1,0,2026-06-17
Q004094,DE,Berlin,heißluftballon fahrt,0,0,0,2026-06-27
Q004095,DE,Berlin,pilates,19,1,1,2026-06-10
Q004096,DE,Berlin,kart fahren,12,0,0,2026-06-11
Q004097,DE,Berlin,brunch,23,0,0,2026-06-19
Q004098,DE,Köln,sportmassage,13,1,0,2026-06-29
Q004099,DE,Berlin,hubschrauber rundflug,0,0,0,2026-06-12
Q004100,DE,München,rückenmassage,1,0,0,2026-06-29
Q004101,DE,Berlin,fallschirmspringen,0,0,0,2026-06-28
Q004102,DE,Berlin,brunch,13,1,1,2026-06-29
Q004103,DE,Köln,paintball,7,1,0,2026-06-23
Q004104,DE,Berlin,boling,17,1,0,2026-06-10
Q004105,DE,Köln,nackenmassage,1,0,0,2026-06-26
Q004106,DE,Köln,wimpernverlängerung,25,1,0,2026-06-22
Q004107,DE,München,personal trainer,6,1,0,2026-06-26
Q004108,DE,Köln,wimpernverlängerung,5,1,0,2026-06-24
Q004109,DE,Hamburg,heißluftballon fahrt,0,0,0,2026-06-30
Q004110,DE,Köln,heißluftballon fahrt,0,0,0,2026-06-16
Q004111,DE,München,crossfit,0,0,0,2026-06-07
Q004112,DE,Berlin,bowling,22,1,1,2026-06-20
Q004113,DE,Berlin,fallschirmspringen,0,0,0,2026-06-20
Q004114,DE,München,fallschirmspringen,0,0,0,2026-06-17
Q004115,DE,Hamburg,kart fahren,9,0,0,2026-06-11
Q004116,DE,München,yoga kurs,20,1,0,2026-06-05
Q004117,DE,Hamburg,italiener,0,0,0,2026-06-03
Q004118,DE,München,rückenmassage,26,0,0,2026-06-28
Q004119,DE,München,fallschirmspringen,0,0,0,2026-06-04
Q004120,DE,Berlin,haaare färben,15,0,0,2026-06-29
Q004121,DE,München,crossfit,1,0,0,2026-06-03
Q004122,DE,Berlin,italiener,7,0,0,2026-06-06
Q004123,DE,Berlin,wimpernverlängerung,2,0,0,2026-06-25
Q004124,DE,München,bowling,21,0,0,2026-06-14
Q004125,DE,Berlin,italiener,1,1,0,2026-06-17
Q004126,DE,Berlin,pilates,1,0,0,2026-06-12
Q004127,DE,Hamburg,kart fahren,29,0,0,2026-06-11
Q004128,DE,Hamburg,haare färben,19,1,1,2026-06-17
Q004129,DE,Berlin,maniküre,11,0,0,2026-06-27
Q004130,DE,Berlin,fitnessstudio,0,0,0,2026-06-30
Q004131,DE,München,maniküre,4,1,0,2026-06-07
Q004132,DE,München,nackenmassage,5,0,0,2026-06-25
Q004133,DE,München,rückenmassage,2,0,0,2026-06-10
Q004134,DE,Hamburg,fallschirmspringen,0,0,0,2026-06-25
Q004135,DE,Berlin,steakhaus,10,0,0,2026-06-02
Q004136,DE,Hamburg,yoga kurs,0,0,0,2026-06-20
Q004137,DE,Berlin,rückenmassage,19,0,0,2026-06-20
Q004138,DE,Berlin,sportmassage,0,0,0,2026-06-09
Q004139,DE,München,maniküre,0,0,0,2026-06-18
Q004140,DE,Berlin,italiener,40,0,0,2026-06-19
Q004141,DE,Berlin,escape room,1,0,0,2026-06-26
Q004142,DE,Köln,sportmassage,1,0,0,2026-06-04
Q004143,DE,Berlin,thai massage,16,1,0,2026-06-04
Q004144,DE,Berlin,yoga kurs,1,0,0,2026-06-05
Q004145,DE,Köln,wimpernverlängerung,1,1,1,2026-06-19
Q004146,DE,Köln,friseur,18,0,0,2026-06-04
Q004147,DE,Berlin,wildwasser rafting,0,0,0,2026-06-26
Q004148,DE,Köln,gesichtsbehandlung,12,1,0,2026-06-21
Q004149,DE,Berlin,italiener,16,1,0,2026-06-24
Q004150,DE,Berlin,brunch,0,0,0,2026-06-22
Q004151,DE,Köln,italiener,1,0,0,2026-06-07
Q004152,DE,München,hubschrauber rundflug,0,0,0,2026-06-07
Q004153,DE,Berlin,crossfit,22,0,0,2026-06-22
Q004154,DE,Köln,suortmassage,0,0,0,2026-06-24
Q004155,DE,Berlin,yoga kurs,17,1,1,2026-06-15
Q004156,DE,Berlin,kart fahren,15,0,0,2026-06-22
Q004157,DE,Berlin,italiener,23,1,0,2026-06-19
Q004158,DE,Berlin,heißlutballon fahrt,0,0,0,2026-06-12
Q004159,DE,München,nackenmassage,17,1,1,2026-06-01
Q004160,DE,Hamburg,bowling,2,0,0,2026-06-30
Q004161,DE,Hamburg,wimpernverlängerng,1,0,0,2026-06-01
Q004162,DE,Hamburg,kart fahren,15,0,0,2026-06-10
Q004163,DE,Berlin,escape room,2,0,0,2026-06-14
Q004164,DE,Berlin,burger,34,0,0,2026-06-17
Q004165,DE,München,crossfit,12,0,0,2026-06-27
Q004166,DE,Berlin,kart fahren,4,1,0,2026-06-02
Q004167,DE,Berlin,sushi,20,0,0,2026-06-12
Q004168,DE,Köln,steakhaus,2,0,0,2026-06-27
Q004169,DE,München,wildwasser rafting,0,0,0,2026-06-04
Q004170,DE,Köln,wildwasser rafting,0,0,0,2026-06-04
Q004171,DE,Berlin,fallschirmspringen,0,0,0,2026-06-22
Q004172,DE,München,kart fahren,23,1,1,2026-06-02
Q004173,DE,Berlin,personal trainer,11,1,0,2026-06-17
Q004174,DE,Hamburg,hubschrauber rundflug,0,0,0,2026-06-30
Q004175,DE,Berlin,heißluftballon fahrt,0,0,0,2026-06-25
Q004176,DE,Berlin,yoga kurs,1,0,0,2026-06-02
Q004177,DE,München,wimpernverlängerung,21,0,0,2026-06-02
Q004178,DE,Berlin,paintball,0,0,0,2026-06-10
Q004179,DE,München,kart fahren,11,0,0,2026-06-22
Q004180,DE,Berlin,sportmassage,2,0,0,2026-06-14
Q004181,DE,Berlin,saeakhaus,4,1,0,2026-06-07
Q004182,DE,Hamburg,gesichtsbehandlung,2,0,0,2026-06-24
Q004183,DE,Berlin,burger,8,1,0,2026-06-21
Q004184,DE,Köln,sushi,32,0,0,2026-06-26
Q004185,DE,München,wimpernverlängerung,10,0,0,2026-06-22
Q004186,DE,Berlin,fallschirmspringen,0,0,0,2026-06-30
Q004187,DE,München,wildwasser rafting,0,0,0,2026-06-01
Q004188,DE,München,paarmassage,1,0,0,2026-06-09
Q004189,DE,Berlin,maniküe,0,0,0,2026-06-27
Q004190,DE,München,stadtrundfahrt,9,1,1,2026-06-16
Q004191,DE,Berlin,personal trainer,0,0,0,2026-06-15
Q004192,DE,Köln,burgeer,12,1,0,2026-06-17
Q004193,DE,Berlin,fallschirmspringen,0,0,0,2026-06-07
Q004194,DE,Hamburg,wimpernverlängerung,35,1,0,2026-06-04
Q004195,DE,Berlin,nackenmassage,2,0,0,2026-06-21
Q004196,DE,München,italiener,6,1,0,2026-06-27
Q004197,DE,München,pioates,20,0,0,2026-06-14
Q004198,DE,Berlin,heißluftballon fahrt,0,0,0,2026-06-05
Q004199,DE,Berlin,paarmassage,14,1,0,2026-06-16
Q004200,DE,Berlin,fitnessstudio,8,1,0,2026-06-24
Q004201,DE,Hamburg,facial,1,0,0,2026-06-10
Q004202,DE,Berlin,yoga kurs,4,1,1,2026-06-12
Q004203,DE,Berlin,bowling,17,0,0,2026-06-24
Q004204,DE,Berlin,statrundfahrt,1,0,0,2026-06-29
Q004205,DE,Hamburg,nackenmassage,4,1,0,2026-06-25
Q004206,DE,Berlin,bowling,31,0,0,2026-06-18
Q004207,DE,München,fallschirmspringen,0,0,0,2026-06-12
Q004208,DE,Hamburg,sportmassage,13,1,1,2026-06-20
Q004209,DE,München,nackenmasage,5,0,0,2026-06-30
Q004210,DE,Berlin,bowling,7,1,0,2026-06-01
Q004211,DE,Berlin,wimpernverlängerung,34,1,0,2026-06-20
Q004212,DE,Berlin,fallschirmspringen,0,0,0,2026-06-24
Q004213,DE,Berlin,nackenmassage,26,0,0,2026-06-10
Q004214,DE,München,gesichtsbehandlung,12,1,0,2026-06-12
Q004215,DE,Berlin,sportmassage,9,0,0,2026-06-16
Q004216,DE,Berlin,kart fahren,7,0,0,2026-06-28
Q004217,DE,München,friseur,0,0,0,2026-06-25
Q004218,DE,Berlin,kart fahren,1,0,0,2026-06-26
Q004219,DE,Berlin,stadtrundfahrt,21,1,0,2026-06-06
Q004220,DE,München,heißluftballon fahrt,0,0,0,2026-06-18
Q004221,DE,Hamburg,gesichtsbehandlung,0,0,0,2026-06-30
Q004222,DE,Hamburg,steak dinner,1,0,0,2026-06-28
Q004223,DE,Hamburg,escape room,24,0,0,2026-06-22
Q004224,DE,Berlin,fallschirmspringen,0,0,0,2026-06-06
Q004225,DE,Hamburg,bowling,2,0,0,2026-06-30
Q004226,DE,Berlin,crossfit,25,0,0,2026-06-10
Q004227,DE,Berlin,maniküre,17,1,0,2026-06-27
Q004228,DE,Berlin,persoual trainer,25,1,0,2026-06-16
Q004229,DE,München,yoga kurs,28,0,0,2026-06-26
Q004230,DE,Berlin,maniküre,13,0,0,2026-06-26
Q004231,DE,Berlin,sushi,25,1,1,2026-06-06
Q004232,DE,Hamburg,kart ffahren,2,0,0,2026-06-24
Q004233,DE,Berlin,deep tissue massage,0,0,0,2026-06-01
Q004234,DE,Köln,steakhaus,24,1,0,2026-06-04
Q004235,DE,Berlin,heißluftballon fahrt,0,0,0,2026-06-10
Q004236,DE,Berlin,kart fahren,1,0,0,2026-06-22
Q004237,DE,Berlin,sportmassage,2,0,0,2026-06-02
Q004238,DE,München,escape room,18,1,0,2026-06-22
Q004239,DE,Berlin,hubschrauber rundflug,0,0,0,2026-06-12
Q004240,DE,Berlin,fallschirmspringen,0,0,0,2026-06-30
Q004241,DE,Berlin,crossfit,1,0,0,2026-06-12
Q004242,DE,Berlin,rückenmassage,1,0,0,2026-06-28
Q004243,DE,Berlin,pilatees,17,1,0,2026-06-24
Q004244,DE,Hamburg,nackenmassage,0,0,0,2026-06-09
Q004245,DE,Berlin,hubschrauber rundflug,0,0,0,2026-06-05
Q004246,DE,Berlin,haare färben,25,0,0,2026-06-06
Q004247,DE,München,escape room,22,1,0,2026-06-12
Q004248,DE,Hamburg,italiener,1,0,0,2026-06-04
Q004249,DE,Berlin,rückenmassage,13,0,0,2026-06-12
Q004250,DE,Berlin,fitnessstudio,2,0,0,2026-06-19
Q004251,DE,Berlin,fitnessstudio,1,0,0,2026-06-01
Q004252,DE,Berlin,bowling,2,0,0,2026-06-01
Q004253,DE,Berlin,heißluftballon fahrt,0,0,0,2026-06-17
Q004254,DE,Köln,personal trainer,1,0,0,2026-06-03
Q004255,DE,Berlin,fallschirmspringen,0,0,0,2026-06-20
Q004256,DE,Berlin,friseur,13,0,0,2026-06-30
Q004257,DE,Berlin,fitnessstudio,11,0,0,2026-06-03
Q004258,DE,Berlin,haare färben,2,0,0,2026-06-03
Q004259,DE,München,sportmassage,2,0,0,2026-06-14
Q004260,DE,Berlin,seeakhaus,1,0,0,2026-06-07
Q004261,DE,Berlin,fitnessstuiio,24,0,0,2026-06-26
Q004262,DE,Berlin,steakhaus,19,1,1,2026-06-11
Q004263,DE,München,pilates,2,0,0,2026-06-19
Q004264,DE,Berlin,gesichtsbehandlung,1,0,0,2026-06-02
Q004265,DE,Berlin,wildwasser rafting,0,0,0,2026-06-07
Q004266,DE,München,paintball,1,0,0,2026-06-05
Q004267,DE,Berlin,heißluftballon fahrt,0,0,0,2026-06-19
Q004268,DE,Berlin,pilates,12,0,0,2026-06-27
Q004269,DE,Berlin,yoga kurs,25,1,0,2026-06-10
Q004270,DE,Berlin,haircut,1,0,0,2026-06-18
Q004271,DE,München,personal trainer,2,0,0,2026-06-01
Q004272,DE,Köln,paarmassage,15,0,0,2026-06-27
Q004273,DE,Berlin,boowling,17,1,0,2026-06-13
Q004274,DE,München,heißlftballon fahrt,0,0,0,2026-06-26
Q004275,DE,Hamburg,paarmassage,9,1,0,2026-06-11
Q004276,DE,Hamburg,sportmassage,16,1,0,2026-06-02
Q004277,DE,Köln,paintball,5,0,0,2026-06-29
Q004278,DE,München,bowling,5,0,0,2026-06-11
Q004279,DE,München,hubschrauber rundflug,0,0,0,2026-06-12
Q004280,DE,München,sushi,2,0,0,2026-06-20
Q004281,DE,Berlin,italiener,22,0,0,2026-06-15
Q004282,DE,Hamburg,bowlinng,9,1,0,2026-06-08
Q004283,DE,München,steauhaus,4,1,0,2026-06-24
Q004284,DE,Hamburg,brunch,1,0,0,2026-06-10
Q004285,DE,München,thai massage,4,0,0,2026-06-13
Q004286,DE,München,sushi,0,0,0,2026-06-09
Q004287,DE,München,haare färben,0,0,0,2026-06-19
Q004288,DE,Berlin,hubschrauber rundflug,0,0,0,2026-06-24
Q004289,DE,Hamburg,wimpernverllängerung,0,0,0,2026-06-23
Q004290,DE,München,thai massage,0,0,0,2026-06-02
Q004291,DE,Hamburg,brunch,8,1,0,2026-06-19
Q004292,DE,Berlin,hair colour,1,0,0,2026-06-01
Q004293,DE,Berlin,haare färben,7,1,0,2026-06-30
Q004294,DE,München,fitnessstudio,16,1,0,2026-06-22
Q004295,DE,München,haare färben,8,0,0,2026-06-03
Q004296,DE,Berlin,personal trainer,1,0,0,2026-06-14
Q004297,DE,Hamburg,pilates,2,1,0,2026-06-25
Q004298,DE,Hamburg,burgr,0,0,0,2026-06-21
Q004299,DE,München,steakhaus,1,0,0,2026-06-15
Q004300,DE,München,escape room,2,0,0,2026-06-14
Q004301,DE,Berlin,pilates,2,0,0,2026-06-16
Q004302,DE,Berlin,pilates,1,1,1,2026-06-12
Q004303,DE,Köln,kart fahren,2,0,0,2026-06-10
Q004304,DE,Hamburg,paarmassage,0,0,0,2026-06-22
Q004305,DE,Hamburg,wimpernverlängerung,2,0,0,2026-06-03
Q004306,DE,München,indian restaurant,2,0,0,2026-06-28
Q004307,DE,München,stadtrunfahrt,2,0,0,2026-06-19
Q004308,DE,Berlin,bowlinng,11,0,0,2026-06-10
Q004309,DE,Hamburg,heißluftballon fahrt,0,0,0,2026-06-29
Q004310,DE,Berlin,paarmassage,2,0,0,2026-06-30
Q004311,DE,Berlin,heißluftballon fahrt,0,0,0,2026-06-07
Q004312,FR,Toulouse,crêperie,20,1,0,2026-06-05
Q004313,FR,Paris,sushi,2,0,0,2026-06-17
Q004314,FR,Paris,escape game,7,1,0,2026-06-12
Q004315,FR,Paris,vol en montgolfiere,0,0,0,2026-06-24
Q004316,FR,Paris,rafting,0,0,0,2026-06-14
Q004317,FR,Toulouse,sushi,18,0,0,2026-06-05
Q004318,FR,Lyon,rafting,0,0,0,2026-06-08
Q004319,FR,Lyon,bowling,2,0,0,2026-06-14
Q004320,FR,Lyon,extension de cils,22,1,1,2026-06-20
Q004321,FR,Lyon,massage dos,5,1,0,2026-06-07
Q004322,FR,Paris,coiffeur,17,1,0,2026-06-05
Q004323,FR,Paris,massage dos,1,0,0,2026-06-16
Q004324,FR,Paris,rafting,0,0,0,2026-06-03
Q004325,FR,Marseille,massage duo,36,0,0,2026-06-28
Q004326,FR,Toulouse,tour en helicoptere,0,0,0,2026-06-16
Q004327,FR,Lyon,rafting,0,0,0,2026-06-30
Q004328,FR,Paris,massage thai,2,1,0,2026-06-26
Q004329,FR,Paris,rafting,0,0,0,2026-06-06
Q004330,FR,Paris,coloration,11,0,0,2026-06-26
Q004331,FR,Marseille,cours de yoga,13,0,0,2026-06-04
Q004332,FR,Paris,coiffer,1,0,0,2026-06-18
Q004333,FR,Marseille,massage thai,11,0,0,2026-06-13
Q004334,FR,Paris,hair colour,2,0,0,2026-06-01
Q004335,FR,Paris,vol en montgolfiere,0,0,0,2026-06-06
Q004336,FR,Marseille,crossfit,7,1,0,2026-06-22
Q004337,FR,Marseille,vol en montgolfiere,0,0,0,2026-06-13
Q004338,FR,Paris,massage thai,12,1,0,2026-06-26
Q004339,FR,Paris,coiffeur,23,0,0,2026-06-10
Q004340,FR,Paris,brunch,4,0,0,2026-06-26
Q004341,FR,Toulouse,burger,1,0,0,2026-06-13
Q004342,FR,Paris,escape game,0,0,0,2026-06-22
Q004343,FR,Marseille,extension de cils,9,1,1,2026-06-01
Q004344,FR,Paris,vol en montgolfiere,0,0,0,2026-06-21
Q004345,FR,Marseille,tour en helicoptere,0,0,0,2026-06-28
Q004346,FR,Paris,karting,13,1,0,2026-06-01
Q004347,FR,Toulouse,massage dos,11,1,0,2026-06-14
Q004348,FR,Paris,escape game,31,0,0,2026-06-22
Q004349,FR,Lyon,massage dos,35,0,0,2026-06-16
Q004350,FR,Paris,escape game,32,1,0,2026-06-02
Q004351,FR,Toulouse,extension de cils,0,0,0,2026-06-13
Q004352,FR,Paris,massage dos,2,0,0,2026-06-10
Q004353,FR,Lyon,pilates,2,0,0,2026-06-11
Q004354,FR,Paris,saut en parachute,0,0,0,2026-06-22
Q004355,FR,Lyon,vol en montgolfiere,0,0,0,2026-06-12
Q004356,FR,Paris,cours de yoga,0,0,0,2026-06-02
Q004357,FR,Paris,coiffeur,7,0,0,2026-06-30
Q004358,FR,Paris,extension de cils,0,0,0,2026-06-12
Q004359,FR,Lyon,tour en helicoptere,0,0,0,2026-06-27
Q004360,FR,Paris,saut en parachute,0,0,0,2026-06-01
Q004361,FR,Paris,visite guidee,0,0,0,2026-06-17
Q004362,FR,Paris,cours de yoga,20,1,0,2026-06-28
Q004363,FR,Paris,escape game,9,1,0,2026-06-04
Q004364,FR,Paris,massage dos,1,0,0,2026-06-16
Q004365,FR,Paris,manucure,17,0,0,2026-06-20
Q004366,FR,Paris,rafting,0,0,0,2026-06-22
Q004367,FR,Paris,bowling,27,0,0,2026-06-06
Q004368,FR,Toulouse,tour en helicoptere,0,0,0,2026-06-27
Q004369,FR,Paris,salle de sport,29,0,0,2026-06-05
Q004370,FR,Marseille,haircut,16,0,0,2026-06-28
Q004371,FR,Marseille,restaurant italien,2,0,0,2026-06-03
Q004372,FR,Toulouse,sushi,2,0,0,2026-06-15
Q004373,FR,Paris,cours de yoga,23,0,0,2026-06-21
Q004374,FR,Toulouse,extension de cils,9,1,0,2026-06-23
Q004375,FR,Toulouse,salle de sport,2,0,0,2026-06-11
Q004376,FR,Lyon,bowling,0,0,0,2026-06-16
Q004377,FR,Paris,bowling,0,0,0,2026-06-04
Q004378,FR,Lyon,extension de cils,2,0,0,2026-06-05
Q004379,FR,Marseille,massage thai,8,1,1,2026-06-12
Q004380,FR,Paris,crossfit,20,0,0,2026-06-12
Q004381,FR,Paris,restaurant italien,8,1,0,2026-06-30
Q004382,FR,Paris,burger,11,0,0,2026-06-16
Q004383,FR,Lyon,burger,23,0,0,2026-06-26
Q004384,FR,Lyon,rafting,0,0,0,2026-06-28
Q004385,FR,Marseille,tour en helicoptere,0,0,0,2026-06-26
Q004386,FR,Paris,massage thai,31,0,0,2026-06-11
Q004387,FR,Toulouse,manucure,21,0,0,2026-06-30
Q004388,FR,Lyon,gym,0,0,0,2026-06-30
Q004389,FR,Paris,soin visage,1,0,0,2026-06-12
Q004390,FR,Paris,haircut,1,0,0,2026-06-22
Q004391,FR,Toulouse,bowling,0,0,0,2026-06-05
Q004392,FR,Marseille,escape game,0,0,0,2026-06-09
Q004393,FR,Lyon,restaurant italien,10,0,0,2026-06-13
Q004394,FR,Lyon,burger,2,0,0,2026-06-05
Q004395,FR,Paris,extension de cils,14,1,0,2026-06-09
Q004396,FR,Lyon,restaurant italien,9,0,0,2026-06-20
Q004397,FR,Toulouse,crossfit,0,0,0,2026-06-12
Q004398,FR,Marseille,extension de cils,1,0,0,2026-06-20
Q004399,FR,Lyon,soin visage,2,0,0,2026-06-23
Q004400,FR,Paris,coach sportif,2,0,0,2026-06-17
Q004401,FR,Paris,crossfit,23,1,0,2026-06-30
Q004402,FR,Paris,massage dos,2,0,0,2026-06-07
Q004403,FR,Paris,crêperie,7,1,1,2026-06-14
Q004404,FR,Paris,pilates,35,0,0,2026-06-09
Q004405,FR,Marseille,soin visage,1,0,0,2026-06-25
Q004406,FR,Paris,salle de sport,0,0,0,2026-06-11
Q004407,FR,Lyon,tour en helicoptere,0,0,0,2026-06-07
Q004408,FR,Paris,salle de sport,6,1,0,2026-06-22
Q004409,FR,Toulouse,massage duo,13,1,0,2026-06-01
Q004410,FR,Paris,salle de sport,0,0,0,2026-06-06
Q004411,FR,Paris,burger,18,1,1,2026-06-11
Q004412,FR,Toulouse,saut en parachute,0,0,0,2026-06-21
Q004413,FR,Lyon,masage dos,2,0,0,2026-06-21
Q004414,FR,Lyon,gym,23,0,0,2026-06-02
Q004415,FR,Marseille,massage thai,2,0,0,2026-06-10
Q004416,FR,Paris,saut en parachute,0,0,0,2026-06-11
Q004417,FR,Paris,bowlng,22,1,0,2026-06-22
Q004418,FR,Paris,massage sportif,21,1,0,2026-06-14
Q004419,FR,Paris,karting,9,0,0,2026-06-07
Q004420,FR,Marseille,massage thai,24,0,0,2026-06-10
Q004421,FR,Paris,saut en parachute,0,0,0,2026-06-08
Q004422,FR,Paris,saut en parachute,0,0,0,2026-06-30
Q004423,FR,Paris,massage dos,0,0,0,2026-06-12
Q004424,FR,Paris,extension de cils,2,0,0,2026-06-30
Q004425,FR,Paris,burger,25,0,0,2026-06-19
Q004426,FR,Paris,steak dinner,0,0,0,2026-06-17
Q004427,FR,Marseille,coach sportif,19,1,0,2026-06-20
Q004428,FR,Lyon,manucure,9,0,0,2026-06-12
Q004429,FR,Paris,hair colour,0,0,0,2026-06-21
Q004430,FR,Paris,visite guidee,5,1,0,2026-06-18
Q004431,FR,Paris,couples massage,1,0,0,2026-06-20
Q004432,FR,Toulouse,massage sportif,0,0,0,2026-06-24
Q004433,FR,Paris,sushi,4,1,0,2026-06-16
Q004434,FR,Paris,rafting,0,0,0,2026-06-30
Q004435,FR,Toulouse,rafting,0,0,0,2026-06-19
Q004436,FR,Lyon,pilates,17,1,0,2026-06-26
Q004437,FR,Paris,massage dos,1,0,0,2026-06-25
Q004438,FR,Toulouse,cours de yoga,21,1,0,2026-06-21
Q004439,FR,Lyon,massage thai,37,0,0,2026-06-28
Q004440,FR,Toulouse,coach sportif,11,0,0,2026-06-14
Q004441,FR,Paris,burger,29,0,0,2026-06-05
Q004442,FR,Marseille,escape game,15,1,0,2026-06-10
Q004443,FR,Paris,burger,2,1,0,2026-06-10
Q004444,FR,Paris,steak dinner,0,0,0,2026-06-17
Q004445,FR,Paris,tour en helicoptere,0,0,0,2026-06-16
Q004446,FR,Toulouse,burger,1,0,0,2026-06-07
Q004447,FR,Toulouse,bowling,10,1,0,2026-06-24
Q004448,FR,Paris,cours de yoga,21,0,0,2026-06-19
Q004449,FR,Lyon,pizza deal,2,0,0,2026-06-28
Q004450,FR,Toulouse,tour en helicoptere,0,0,0,2026-06-15
Q004451,FR,Paris,haircut,2,0,0,2026-06-21
Q004452,FR,Marseille,manucure,0,0,0,2026-06-23
Q004453,FR,Paris,restaurant italien,19,0,0,2026-06-11
Q004454,FR,Lyon,coach spartif,16,1,1,2026-06-13
Q004455,FR,Paris,burger,16,1,0,2026-06-20
Q004456,FR,Marseille,pilates,20,1,0,2026-06-24
Q004457,FR,Paris,coloraation,25,0,0,2026-06-23
Q004458,FR,Paris,massage thai,22,1,0,2026-06-03
Q004459,FR,Paris,escape game,0,0,0,2026-06-18
Q004460,FR,Paris,massage sportif,20,0,0,2026-06-21
Q004461,FR,Toulouse,crossfit,5,0,0,2026-06-25
Q004462,FR,Paris,brunch,25,0,0,2026-06-28
Q004463,FR,Paris,tour en helicoptere,0,0,0,2026-06-02
Q004464,FR,Paris,crêperie,12,0,0,2026-06-29
Q004465,FR,Toulouse,painntball,17,1,0,2026-06-22
Q004466,FR,Toulouse,salle de sport,24,1,1,2026-06-29
Q004467,FR,Lyon,massage thai,2,0,0,2026-06-23
Q004468,FR,Paris,pilates,1,0,0,2026-06-17
Q004469,FR,Toulouse,cours de yoga,11,0,0,2026-06-13
Q004470,FR,Paris,tour en helicoptere,0,0,0,2026-06-27
Q004471,FR,Lyon,go karting,1,1,0,2026-06-15
Q004472,FR,Paris,karting,5,0,0,2026-06-09
Q004473,FR,Marseille,pilates,12,1,0,2026-06-03
Q004474,FR,Paris,massage sportif,0,0,0,2026-06-05
Q004475,FR,Paris,rafting,0,0,0,2026-06-20
Q004476,FR,Marseille,rafting,0,0,0,2026-06-30
Q004477,FR,Lyon,coloration,22,0,0,2026-06-26
Q004478,FR,Marseille,extension de cils,21,1,0,2026-06-07
Q004479,FR,Paris,coloration,18,1,1,2026-06-08
Q004480,FR,Lyon,coiffeur,6,1,0,2026-06-12
Q004481,FR,Paris,facial,1,0,0,2026-06-26
Q004482,FR,Lyon,tour en helicoptere,0,0,0,2026-06-12
Q004483,FR,Paris,bowling,20,1,0,2026-06-17
Q004484,FR,Paris,saut en parachute,0,0,0,2026-06-24
Q004485,FR,Paris,massage duo,9,0,0,2026-06-01
Q004486,FR,Paris,saut en parachute,0,0,0,2026-06-22
Q004487,FR,Paris,massage thai,2,0,0,2026-06-29
Q004488,FR,Paris,coach sportiif,1,0,0,2026-06-08
Q004489,FR,Paris,paintball,34,0,0,2026-06-13
Q004490,FR,Toulouse,karting,2,0,0,2026-06-09
Q004491,FR,Paris,visiae guidee,1,0,0,2026-06-19
Q004492,FR,Paris,massage sportif,15,0,0,2026-06-19
Q004493,FR,Paris,saut en parachute,0,0,0,2026-06-19
Q004494,FR,Paris,tour en helicoptere,0,0,0,2026-06-09
Q004495,FR,Paris,coach sportif,14,1,1,2026-06-22
Q004496,FR,Paris,coiffeur,1,1,0,2026-06-20
Q004497,FR,Lyon,paintball,33,0,0,2026-06-21
Q004498,FR,Lyon,burrger,9,1,0,2026-06-07
Q004499,FR,Paris,kartig,10,1,0,2026-06-25
Q004500,FR,Lyon,sushi,2,1,0,2026-06-08
Q004501,FR,Paris,cours de yoga,10,0,0,2026-06-07
Q004502,FR,Lyon,sushi,30,0,0,2026-06-19
Q004503,FR,Toulouse,massage duo,1,0,0,2026-06-23
Q004504,FR,Lyon,massage dos,2,0,0,2026-06-03
Q004505,FR,Paris,rafting,0,0,0,2026-06-03
Q004506,FR,Lyon,steak dinner,0,0,0,2026-06-10
Q004507,FR,Paris,escape game,11,0,0,2026-06-14
Q004508,FR,Lyon,esape game,0,0,0,2026-06-18
Q004509,FR,Paris,salle de sport,0,0,0,2026-06-29
Q004510,FR,Toulouse,sushi,8,1,1,2026-06-03
Q004511,FR,Marseille,brunch,1,1,1,2026-06-02
Q004512,FR,Toulouse,pilates,1,0,0,2026-06-23
Q004513,FR,Lyon,paintball,2,1,0,2026-06-19
Q004514,FR,Paris,karting,20,1,0,2026-06-26
Q004515,FR,Paris,paintball,23,1,0,2026-06-13
Q004516,FR,Paris,saut en parachute,0,0,0,2026-06-11
Q004517,FR,Paris,vol en montgolfiere,0,0,0,2026-06-24
Q004518,FR,Lyon,coloration,1,0,0,2026-06-01
Q004519,FR,Marseille,crêperie,9,0,0,2026-06-10
Q004520,FR,Lyon,tour en helicoptere,0,0,0,2026-06-15
Q004521,FR,Lyon,pilates,0,0,0,2026-06-10
Q004522,FR,Paris,crêperie,14,0,0,2026-06-26
Q004523,FR,Paris,coiffeur,0,0,0,2026-06-29
Q004524,FR,Toulouse,eyelash extensions,19,0,0,2026-06-21
Q004525,FR,Paris,visite guidee,0,0,0,2026-06-05
Q004526,FR,Paris,peintball,23,0,0,2026-06-16
Q004527,FR,Lyon,restaurant italien,1,0,0,2026-06-04
Q004528,FR,Marseille,visite guidee,0,0,0,2026-06-24
Q004529,FR,Paris,bowling,1,0,0,2026-06-13
Q004530,FR,Paris,coloration,2,0,0,2026-06-13
Q004531,FR,Paris,bowling,8,1,0,2026-06-28
Q004532,FR,Paris,burger,0,0,0,2026-06-21
Q004533,FR,Paris,extension de cils,32,1,0,2026-06-15
Q004534,FR,Paris,deep tissue massage,0,0,0,2026-06-22
Q004535,FR,Paris,vol en montgolfiere,0,0,0,2026-06-18
Q004536,FR,Paris,salle de sport,2,1,0,2026-06-10
Q004537,FR,Paris,massage sportif,5,1,1,2026-06-28
Q004538,FR,Marseille,soin visage,8,0,0,2026-06-27
Q004539,FR,Paris,vol en montgolfiere,0,0,0,2026-06-18
Q004540,FR,Paris,coach sprtif,1,1,0,2026-06-03
Q004541,FR,Paris,crossfit,26,1,0,2026-06-29
Q004542,FR,Marseille,vol en montgolfiere,0,0,0,2026-06-10
Q004543,FR,Paris,saut en parachute,0,0,0,2026-06-28
Q004544,FR,Toulouse,brunch,10,0,0,2026-06-25
Q004545,FR,Lyon,crossfit,14,1,0,2026-06-19
Q004546,FR,Marseille,escape game,2,0,0,2026-06-04
Q004547,FR,Paris,saut en parachute,0,0,0,2026-06-30
Q004548,FR,Lyon,pilates,18,0,0,2026-06-25
Q004549,FR,Paris,vol en montgolfiere,0,0,0,2026-06-10
Q004550,FR,Paris,manucure,19,1,0,2026-06-21
Q004551,FR,Toulouse,massage duo,0,0,0,2026-06-19
Q004552,FR,Toulouse,tour en helicoptere,0,0,0,2026-06-29
Q004553,FR,Paris,restaurant italien,0,0,0,2026-06-19
Q004554,FR,Toulouse,cours de yoga,1,0,0,2026-06-24
Q004555,FR,Paris,soin visage,2,0,0,2026-06-02
Q004556,FR,Lyon,bowling,0,0,0,2026-06-02
Q004557,FR,Lyon,eyelash extensions,22,0,0,2026-06-28
Q004558,FR,Marseille,massage dos,23,0,0,2026-06-27
Q004559,FR,Marseille,vol en montgolfiere,0,0,0,2026-06-24
Q004560,FR,Paris,sushi,2,0,0,2026-06-17
Q004561,FR,Paris,crossfit,0,0,0,2026-06-09
Q004562,FR,Toulouse,tour en helicoptere,0,0,0,2026-06-26
Q004563,FR,Lyon,crossfit,22,1,1,2026-06-25
Q004564,FR,Paris,burger,2,0,0,2026-06-20
Q004565,FR,Paris,indian restaurant,2,0,0,2026-06-23
Q004566,FR,Marseille,massage dos,17,0,0,2026-06-10
Q004567,FR,Lyon,crossfit,23,0,0,2026-06-25
Q004568,FR,Paris,saut en parachute,0,0,0,2026-06-15
Q004569,FR,Lyon,massage sportif,1,0,0,2026-06-05
Q004570,FR,Paris,soin vissage,2,1,0,2026-06-17
Q004571,FR,Paris,escape game,1,0,0,2026-06-26
Q004572,FR,Paris,saut en parachute,0,0,0,2026-06-02
Q004573,FR,Paris,extension de cils,2,1,0,2026-06-20
Q004574,FR,Lyon,massage duo,1,0,0,2026-06-29
Q004575,FR,Marseille,facial,0,0,0,2026-06-08
Q004576,FR,Marseille,massage duo,22,1,0,2026-06-15
Q004577,FR,Marseille,manucure,12,0,0,2026-06-01
Q004578,FR,Paris,saut en parachute,0,0,0,2026-06-22
Q004579,FR,Paris,crosafit,1,0,0,2026-06-27
Q004580,FR,Marseille,massage duo,21,0,0,2026-06-06
Q004581,FR,Paris,yoga class,0,0,0,2026-06-21
Q004582,FR,Lyon,massage duo,2,0,0,2026-06-26
Q004583,FR,Paris,massage sportif,20,0,0,2026-06-13
Q004584,FR,Paris,coach sportif,0,0,0,2026-06-13
Q004585,FR,Paris,burger,20,1,1,2026-06-02
Q004586,FR,Paris,sushi,1,0,0,2026-06-01
Q004587,FR,Paris,crêperie,0,0,0,2026-06-14
Q004588,FR,Paris,coiffeur,1,0,0,2026-06-02
Q004589,FR,Marseille,coloration,20,0,0,2026-06-13
Q004590,FR,Toulouse,saut en parachute,0,0,0,2026-06-01
Q004591,FR,Marseille,massage duo,13,1,1,2026-06-13
Q004592,FR,Paris,coach sportif,18,0,0,2026-06-23
Q004593,FR,Paris,coloration,1,0,0,2026-06-09
Q004594,FR,Lyon,burger,2,1,0,2026-06-28
Q004595,FR,Paris,vol en montgolfiire,0,0,0,2026-06-05
Q004596,FR,Lyon,massage dos,1,0,0,2026-06-23
Q004597,FR,Paris,deep tissue massage,31,0,0,2026-06-15
Q004598,FR,Lyon,indian restaurant,0,0,0,2026-06-09
Q004599,FR,Paris,crossfit,7,1,1,2026-06-20
Q004600,FR,Paris,escape game,2,0,0,2026-06-09
Q004601,FR,Paris,burger,15,1,0,2026-06-23
Q004602,FR,Lyon,crêperie,25,0,0,2026-06-10
Q004603,FR,Paris,massage thai,1,0,0,2026-06-16
Q004604,FR,Paris,manucure,2,0,0,2026-06-16
Q004605,FR,Paris,pilates,1,0,0,2026-06-22
Q004606,FR,Paris,coloration,2,0,0,2026-06-19
Q004607,FR,Paris,soin visage,24,0,0,2026-06-16
Q004608,FR,Lyon,karting,21,0,0,2026-06-10
Q004609,FR,Lyon,sushhi,0,0,0,2026-06-12
Q004610,FR,Lyon,burger,34,0,0,2026-06-22
Q004611,FR,Toulouse,paintball,1,0,0,2026-06-23
Q004612,FR,Lyon,yoga class,2,0,0,2026-06-11
Q004613,FR,Lyon,paintball,2,0,0,2026-06-07
Q004614,FR,Marseille,manucure,30,1,0,2026-06-20
Q004615,FR,Lyon,paentball,13,1,0,2026-06-18
Q004616,FR,Paris,massage dos,1,0,0,2026-06-02
Q004617,FR,Lyon,bowling,16,0,0,2026-06-21
Q004618,FR,Paris,tour en helicoptere,0,0,0,2026-06-30
Q004619,FR,Marseille,coiffeur,17,0,0,2026-06-25
Q004620,FR,Marseille,pilates,0,0,0,2026-06-26
Q004621,FR,Paris,cours de yoga,0,0,0,2026-06-15
Q004622,FR,Marseille,coloration,18,1,0,2026-06-09
Q004623,FR,Paris,salle de sport,14,0,0,2026-06-20
Q004624,FR,Paris,massage dos,21,1,0,2026-06-09
Q004625,FR,Paris,salle de sport,37,0,0,2026-06-07
Q004626,FR,Paris,crossfit,1,1,0,2026-06-14
Q004627,FR,Paris,extension de cils,4,1,0,2026-06-30
Q004628,FR,Toulouse,escape game,14,1,1,2026-06-15
Q004629,FR,Paris,massag sportif,23,0,0,2026-06-08
Q004630,FR,Paris,massage sportif,15,1,0,2026-06-06
Q004631,FR,Paris,vol en montgolfiere,0,0,0,2026-06-09
Q004632,FR,Paris,brunch,10,0,0,2026-06-14
Q004633,FR,Paris,coach spoutif,22,0,0,2026-06-09
Q004634,FR,Marseille,crêperie,19,1,0,2026-06-24
Q004635,FR,Paris,pilates,17,0,0,2026-06-25
Q004636,FR,Lyon,rafting,0,0,0,2026-06-25
Q004637,FR,Toulouse,massage thai,12,1,1,2026-06-06
Q004638,FR,Paris,crossfit,0,0,0,2026-06-26
Q004639,FR,Paris,massage sportif,18,0,0,2026-06-09
Q004640,FR,Paris,karting,13,1,0,2026-06-11
Q004641,FR,Lyon,rafting,0,0,0,2026-06-12
Q004642,FR,Marseille,coloration,18,1,1,2026-06-01
Q004643,FR,Marseille,karting,7,0,0,2026-06-11
Q004644,FR,Lyon,massage thai,24,1,1,2026-06-12
Q004645,FR,Paris,coach sportif,1,0,0,2026-06-07
Q004646,FR,Paris,saut en parachute,0,0,0,2026-06-27
Q004647,FR,Marseille,salle de sport,20,1,0,2026-06-03
Q004648,FR,Marseille,massage sportif,4,0,0,2026-06-22
Q004649,FR,Paris,crossfit,1,0,0,2026-06-17
Q004650,FR,Marseille,massage duo,13,1,1,2026-06-09
Q004651,FR,Lyon,paintball,19,1,0,2026-06-22
Q004652,FR,Marseille,crossfit,1,0,0,2026-06-25
Q004653,FR,Paris,massage duo,2,0,0,2026-06-01
Q004654,FR,Lyon,soin visage,2,0,0,2026-06-14
Q004655,FR,Paris,restaurant italien,5,1,0,2026-06-12
Q004656,FR,Lyon,eyelash extensions,8,0,0,2026-06-16
Q004657,FR,Paris,coach sportif,0,0,0,2026-06-27
Q004658,FR,Paris,visite guidee,2,0,0,2026-06-06
Q004659,FR,Paris,paintball,9,0,0,2026-06-30
Q004660,FR,Paris,vol en montgolfiere,0,0,0,2026-06-30
Q004661,FR,Marseille,sushi,11,1,0,2026-06-16
Q004662,FR,Lyon,escape game,2,0,0,2026-06-12
Q004663,FR,Lyon,massage thai,0,0,0,2026-06-22
Q004664,FR,Paris,massage dos,0,0,0,2026-06-04
Q004665,FR,Lyon,salle de sport,4,0,0,2026-06-15
Q004666,FR,Lyon,tour en helicoptere,0,0,0,2026-06-16
Q004667,FR,Marseille,visite guidee,0,0,0,2026-06-06
Q004668,FR,Paris,rafting,0,0,0,2026-06-11
Q004669,FR,Paris,indian restaurant,1,0,0,2026-06-11
Q004670,FR,Toulouse,crossfit,8,1,0,2026-06-20
Q004671,FR,Marseille,bowling,0,0,0,2026-06-03
Q004672,FR,Lyon,sushi,13,0,0,2026-06-12
Q004673,FR,Marseille,soin visage,23,1,0,2026-06-23
Q004674,FR,Paris,burger,15,0,0,2026-06-09
Q004675,FR,Marseille,massage duo,2,0,0,2026-06-09
Q004676,FR,Marseille,visite guidee,17,0,0,2026-06-21
Q004677,FR,Paris,saut en parachute,0,0,0,2026-06-13
Q004678,FR,Paris,massage duo,22,1,0,2026-06-21
Q004679,FR,Paris,paintball,25,0,0,2026-06-26
Q004680,FR,Paris,massage thai,26,1,0,2026-06-07
Q004681,FR,Paris,vol en montgolfiere,0,0,0,2026-06-05
Q004682,FR,Paris,tour en helicoptere,0,0,0,2026-06-22
Q004683,FR,Paris,visite guidee,10,0,0,2026-06-11
Q004684,FR,Paris,soin visage,1,0,0,2026-06-04
Q004685,FR,Marseille,crêperie,0,0,0,2026-06-21
Q004686,FR,Lyon,bowling,2,0,0,2026-06-14
Q004687,FR,Toulouse,paintball,0,0,0,2026-06-09
Q004688,FR,Paris,massage thai,19,1,1,2026-06-07
Q004689,FR,Marseille,coloration,22,1,0,2026-06-17
Q004690,FR,Paris,massage thai,0,0,0,2026-06-04
Q004691,FR,Paris,saut en parachute,0,0,0,2026-06-16
Q004692,FR,Marseille,karting,0,0,0,2026-06-01
Q004693,FR,Lyon,coloration,33,1,0,2026-06-07
Q004694,FR,Paris,haircut,1,0,0,2026-06-09
Q004695,FR,Marseille,pilates,12,0,0,2026-06-24
Q004696,FR,Paris,salle de sport,9,0,0,2026-06-17
Q004697,FR,Paris,manucure,31,0,0,2026-06-25
Q004698,FR,Marseille,tour en helicoptere,0,0,0,2026-06-26
Q004699,FR,Toulouse,kartang,0,0,0,2026-06-08
Q004700,FR,Paris,saut en parachute,0,0,0,2026-06-17
Q004701,FR,Paris,vol en montgolfiere,0,0,0,2026-06-21
Q004702,FR,Paris,pilates,1,1,0,2026-06-14
Q004703,FR,Marseille,burger,2,0,0,2026-06-20
Q004704,FR,Lyon,city tour,0,0,0,2026-06-05
Q004705,FR,Toulouse,tour en helicoptere,0,0,0,2026-06-05
Q004706,FR,Paris,restaurant italien,1,0,0,2026-06-09
Q004707,FR,Marseille,escape game,31,0,0,2026-06-01
Q004708,FR,Paris,crêperie,7,1,1,2026-06-03
Q004709,FR,Toulouse,saut en parachute,0,0,0,2026-06-10
Q004710,FR,Paris,crossfit,25,1,0,2026-06-17
Q004711,FR,Marseille,rafting,0,0,0,2026-06-10
Q004712,FR,Marseille,saut en parachute,0,0,0,2026-06-15
Q004713,FR,Paris,massage duo,2,1,0,2026-06-19
Q004714,FR,Lyon,sushi,40,0,0,2026-06-11
Q004715,FR,Marseille,pilates,24,1,1,2026-06-16
Q004716,FR,Toulouse,karting,11,0,0,2026-06-16
Q004717,FR,Marseille,escape game,24,0,0,2026-06-25
Q004718,FR,Lyon,vol en montgolfieere,0,0,0,2026-06-12
Q004719,FR,Paris,personal trainer,0,0,0,2026-06-09
Q004720,FR,Paris,massage sportif,16,0,0,2026-06-15
Q004721,FR,Toulouse,saut en parachute,0,0,0,2026-06-24
Q004722,FR,Lyon,coiffeur,19,0,0,2026-06-21
Q004723,FR,Lyon,karting,37,0,0,2026-06-11
Q004724,FR,Lyon,saut en parachute,0,0,0,2026-06-30
Q004725,FR,Paris,saut en parachute,0,0,0,2026-06-30
Q004726,FR,Paris,salle de sport,25,0,0,2026-06-23
Q004727,FR,Paris,massage thai,11,1,1,2026-06-05
Q004728,FR,Paris,crossfit,10,1,0,2026-06-27
Q004729,FR,Marseille,soin visage,16,1,0,2026-06-18
Q004730,FR,Marseille,massage sportif,16,0,0,2026-06-20
Q004731,FR,Lyon,massage thai,16,0,0,2026-06-24
Q004732,FR,Lyon,paintball,16,1,0,2026-06-12
Q004733,FR,Lyon,massage dos,17,0,0,2026-06-30
Q004734,FR,Paris,brrunch,1,0,0,2026-06-30
Q004735,FR,Paris,massage dos,16,1,1,2026-06-14
Q004736,FR,Paris,bowling,13,0,0,2026-06-05
Q004737,FR,Lyon,massage do,2,0,0,2026-06-28
Q004738,FR,Lyon,paintball,17,1,0,2026-06-09
Q004739,FR,Toulouse,coiffeur,14,0,0,2026-06-27
Q004740,FR,Paris,manucure,17,0,0,2026-06-17
Q004741,FR,Toulouse,bowling,7,0,0,2026-06-09
Q004742,FR,Paris,paintball,22,0,0,2026-06-07
Q004743,FR,Marseille,massage dos,8,0,0,2026-06-05
Q004744,FR,Toulouse,saut en parachute,0,0,0,2026-06-08
Q004745,FR,Paris,manucure,23,0,0,2026-06-12
Q004746,FR,Paris,crossfit,8,1,1,2026-06-13
Q004747,FR,Toulouse,pilates,15,1,0,2026-06-27
Q004748,FR,Paris,thai massage,0,0,0,2026-06-12
Q004749,FR,Paris,massage sportif,20,0,0,2026-06-08
Q004750,FR,Paris,rafting,0,0,0,2026-06-29
Q004751,FR,Marseille,vol en montgolfiere,0,0,0,2026-06-03
Q004752,FR,Toulouse,restauranteitalien,19,1,1,2026-06-21
Q004753,FR,Marseille,brunch,2,0,0,2026-06-09
Q004754,FR,Paris,massage thai,39,0,0,2026-06-09
Q004755,FR,Lyon,soin visage,25,1,1,2026-06-09
Q004756,FR,Toulouse,coloration,11,0,0,2026-06-07
Q004757,FR,Paris,salle de sport,8,1,0,2026-06-26
Q004758,FR,Marseille,sports massage,1,0,0,2026-06-14
Q004759,FR,Lyon,rafting,0,0,0,2026-06-13
Q004760,FR,Marseille,restaurant italien,8,1,0,2026-06-26
Q004761,FR,Paris,paintball,2,0,0,2026-06-12
Q004762,FR,Paris,back massage,2,1,0,2026-06-03
Q004763,FR,Toulouse,sushi,20,1,0,2026-06-12
Q004764,FR,Marseille,maosage sportif,5,1,0,2026-06-11
Q004765,FR,Paris,vol en montgolfiere,0,0,0,2026-06-28
Q004766,FR,Paris,massage duo,10,1,1,2026-06-02
Q004767,FR,Paris,crossfit,2,0,0,2026-06-25
Q004768,FR,Lyon,massage sportif,18,0,0,2026-06-06
Q004769,FR,Paris,massage sportif,0,0,0,2026-06-29
Q004770,FR,Paris,extension de cils,16,0,0,2026-06-13
Q004771,FR,Lyon,extension de cils,32,0,0,2026-06-09
Q004772,FR,Lyon,coifffeur,20,1,0,2026-06-30
Q004773,FR,Paris,karting,0,0,0,2026-06-04
Q004774,FR,Toulouse,coach sportif,2,0,0,2026-06-07
Q004775,FR,Paris,salle de  sport,2,0,0,2026-06-14
Q004776,FR,Paris,massage thai,23,1,0,2026-06-04
Q004777,FR,Toulouse,extension de cils,20,0,0,2026-06-10
Q004778,FR,Paris,escapu game,1,0,0,2026-06-01
Q004779,FR,Paris,restaurant italien,2,0,0,2026-06-23
Q004780,FR,Toulouse,sushi,23,0,0,2026-06-26
Q004781,FR,Paris,burger,8,1,0,2026-06-07
Q004782,FR,Toulouse,visite guidee,1,0,0,2026-06-27
Q004783,FR,Paris,steak dinner,1,0,0,2026-06-14
Q004784,FR,Lyon,visite guidee,2,0,0,2026-06-03
Q004785,FR,Paris,massage duo,38,1,0,2026-06-12
Q004786,FR,Marseille,vol en montgolfiere,0,0,0,2026-06-16
Q004787,FR,Paris,crêperie,11,1,0,2026-06-30
Q004788,FR,Lyon,coloration,0,0,0,2026-06-13
Q004789,FR,Paris,manucure,17,0,0,2026-06-28
Q004790,FR,Paris,tour en helicoptere,0,0,0,2026-06-27
Q004791,FR,Paris,vol en montgolfiere,0,0,0,2026-06-27
Q004792,FR,Lyon,extension de cils,13,0,0,2026-06-15
Q004793,FR,Marseille,coloration,12,0,0,2026-06-25
Q004794,FR,Lyon,saut en parachute,0,0,0,2026-06-18
Q004795,FR,Paris,saut en parachute,0,0,0,2026-06-08
Q004796,FR,Paris,brunch,18,0,0,2026-06-17
Q004797,FR,Toulouse,soin visage,0,0,0,2026-06-18
Q004798,FR,Paris,extension de cils,11,0,0,2026-06-05
Q004799,FR,Paris,coach sportif,1,0,0,2026-06-04
Q004800,FR,Marseille,manicure,5,0,0,2026-06-17
Q004801,FR,Paris,sushi,23,1,1,2026-06-20
Q004802,FR,Paris,soin visage,20,1,0,2026-06-22
Q004803,FR,Paris,massage dos,0,0,0,2026-06-08
Q004804,FR,Paris,facial,2,0,0,2026-06-04
Q004805,FR,Paris,escape game,1,0,0,2026-06-06
Q004806,FR,Marseille,bowling,1,0,0,2026-06-19
Q004807,FR,Paris,massage sportif,1,0,0,2026-06-05
Q004808,FR,Paris,sushi,0,0,0,2026-06-03
Q004809,FR,Toulouse,coloration,2,0,0,2026-06-04
Q004810,FR,Paris,soin visage,15,1,0,2026-06-19
Q004811,FR,Paris,vol en montgolfiere,0,0,0,2026-06-29
Q004812,FR,Paris,paintball,2,0,0,2026-06-27
Q004813,FR,Lyon,brunch,8,0,0,2026-06-02
Q004814,FR,Marseille,manucure,9,0,0,2026-06-27
Q004815,FR,Paris,salle de sport,10,0,0,2026-06-05
Q004816,FR,Marseille,massage thai,23,1,0,2026-06-05
Q004817,FR,Lyon,karting,2,0,0,2026-06-10
Q004818,FR,Marseille,brunch,7,1,0,2026-06-15
Q004819,FR,Lyon,pizza deal,1,0,0,2026-06-04
Q004820,FR,Lyon,vol en montgolfiere,0,0,0,2026-06-14
Q004821,FR,Paris,pilates,0,0,0,2026-06-25
Q004822,FR,Toulouse,crosfit,26,1,0,2026-06-16
Q004823,FR,Paris,massage sportif,20,0,0,2026-06-03
Q004824,FR,Lyon,visite guidee,2,0,0,2026-06-02
Q004825,FR,Paris,crêperie,0,0,0,2026-06-26
Q004826,FR,Paris,burger,9,0,0,2026-06-19
Q004827,FR,Paris,back massage,1,0,0,2026-06-13
Q004828,FR,Marseille,burger,2,0,0,2026-06-23
Q004829,FR,Marseille,coiffeur,19,0,0,2026-06-26
Q004830,FR,Lyon,tour en helicoptere,0,0,0,2026-06-20
Q004831,FR,Paris,paintball,2,0,0,2026-06-07
Q004832,FR,Toulouse,massage duo,2,0,0,2026-06-24
Q004833,FR,Lyon,visite guidee,1,0,0,2026-06-23
Q004834,FR,Lyon,soin visage,21,1,0,2026-06-16
Q004835,FR,Paris,massage thai,22,0,0,2026-06-02
Q004836,FR,Marseille,karting,16,0,0,2026-06-25
Q004837,FR,Marseille,escape game,14,1,1,2026-06-21
Q004838,FR,Paris,couples massage,29,0,0,2026-06-17
Q004839,FR,Toulouse,visite guidee,0,0,0,2026-06-19
Q004840,FR,Paris,restaurant itaalien,0,0,0,2026-06-05
Q004841,FR,Lyon,crêperie,11,1,0,2026-06-26
Q004842,FR,Paris,extension de cils,9,0,0,2026-06-15
Q004843,FR,Paris,coiffeur,12,0,0,2026-06-17
Q004844,FR,Paris,extension de cils,21,0,0,2026-06-21
Q004845,FR,Toulouse,tour en helicoptere,0,0,0,2026-06-07
Q004846,FR,Paris,personal trainer,2,0,0,2026-06-14
Q004847,FR,Paris,brunch,1,0,0,2026-06-20
Q004848,FR,Toulouse,brunch,38,0,0,2026-06-26
Q004849,FR,Marseille,brunh,24,1,0,2026-06-08
Q004850,FR,Paris,massage sportif,4,0,0,2026-06-27
Q004851,FR,Paris,bowling,1,0,0,2026-06-04
Q004852,FR,Paris,coiffeur,23,0,0,2026-06-30
Q004853,FR,Paris,back massage,1,0,0,2026-06-06
Q004854,FR,Paris,tour en helicoptere,0,0,0,2026-06-01
Q004855,FR,Paris,sushi,13,0,0,2026-06-29
Q004856,FR,Paris,salle de sport,11,0,0,2026-06-16
Q004857,FR,Lyon,massage thai,1,0,0,2026-06-25
Q004858,FR,Paris,coiffeur,9,0,0,2026-06-13
Q004859,FR,Lyon,manucure,15,0,0,2026-06-07
Q004860,FR,Paris,soin visage,0,0,0,2026-06-22
Q004861,FR,Paris,crêperie,8,0,0,2026-06-11
Q004862,FR,Lyon,cours de yoga,1,0,0,2026-06-30
Q004863,FR,Marseille,salle de sport,22,1,0,2026-06-10
Q004864,FR,Paris,cours de yoga,8,1,1,2026-06-27
Q004865,FR,Toulouse,salle de sport,0,0,0,2026-06-27
Q004866,FR,Paris,tour en helicoptere,0,0,0,2026-06-29
Q004867,FR,Marseille,deep tissue massage,1,0,0,2026-06-17
Q004868,FR,Paris,brunch,1,0,0,2026-06-30
Q004869,FR,Toulouse,restaurant italien,4,1,0,2026-06-08
Q004870,FR,Paris,soin visage,12,1,1,2026-06-08
Q004871,FR,Paris,saut en parachute,0,0,0,2026-06-30
Q004872,FR,Marseille,rafting,0,0,0,2026-06-05
Q004873,FR,Paris,bowling,24,0,0,2026-06-04
Q004874,FR,Paris,brunch,12,1,0,2026-06-07
Q004875,FR,Paris,karting,0,0,0,2026-06-15
Q004876,FR,Toulouse,massaue duo,13,1,0,2026-06-19
Q004877,FR,Marseille,rafting,0,0,0,2026-06-05
Q004878,FR,Paris,pilates,2,0,0,2026-06-05
Q004879,FR,Toulouse,saut en parachute,0,0,0,2026-06-08
Q004880,FR,Toulouse,escape game,1,0,0,2026-06-30
Q004881,FR,Lyon,sallee de sport,14,1,0,2026-06-17
Q004882,FR,Lyon,massage sportif,22,1,0,2026-06-13
Q004883,FR,Paris,soin viage,36,1,0,2026-06-10
Q004884,FR,Paris,tour en helicoptere,0,0,0,2026-06-26
Q004885,FR,Lyon,tour en helicoptere,0,0,0,2026-06-27
Q004886,FR,Marseille,sushi,12,1,1,2026-06-01
Q004887,FR,Paris,soin visage,30,0,0,2026-06-08
Q004888,FR,Marseille,coiffeur,1,0,0,2026-06-04
Q004889,FR,Marseille,cours de yoga,2,0,0,2026-06-04
Q004890,FR,Paris,brunch,2,0,0,2026-06-16
Q004891,FR,Lyon,visite guidee,9,1,0,2026-06-14
Q004892,FR,Toulouse,massage dos,19,0,0,2026-06-11
Q004893,FR,Marseille,coach sportif,0,0,0,2026-06-09
Q004894,FR,Toulouse,rafting,0,0,0,2026-06-11
Q004895,FR,Marseille,extension de cils,0,0,0,2026-06-01
Q004896,FR,Paris,couples massage,1,0,0,2026-06-01
Q004897,FR,Paris,brunch,0,0,0,2026-06-30
Q004898,FR,Lyon,salle de sport,1,0,0,2026-06-17
Q004899,FR,Paris,vol en montgolfiere,0,0,0,2026-06-26
Q004900,FR,Paris,crêperie,33,1,0,2026-06-02
Q004901,FR,Paris,saut en parachute,0,0,0,2026-06-07
Q004902,FR,Toulouse,massage duo,13,1,0,2026-06-22
Q004903,FR,Marseille,visite guidee,1,0,0,2026-06-14
Q004904,FR,Marseille,sushi,12,0,0,2026-06-14
Q004905,FR,Paris,coach sportif,2,0,0,2026-06-09
Q004906,FR,Marseille,escape game,0,0,0,2026-06-21
Q004907,FR,Toulouse,massage sportif,7,1,1,2026-06-24
Q004908,FR,Marseille,massage thai,17,1,1,2026-06-28
Q004909,FR,Paris,rafting,0,0,0,2026-06-07
Q004910,FR,Lyon,crossit,2,1,0,2026-06-09
Q004911,FR,Paris,bowling,25,1,0,2026-06-11
Q004912,FR,Paris,steak dinner,1,0,0,2026-06-01
Q004913,FR,Marseille,paintball,12,0,0,2026-06-13
Q004914,FR,Marseille,vol en montgolfiere,0,0,0,2026-06-23
Q004915,FR,Toulouse,soin visage,0,0,0,2026-06-15
Q004916,FR,Lyon,massage sportif,2,0,0,2026-06-29
Q004917,FR,Paris,massage duo,5,0,0,2026-06-18
Q004918,FR,Paris,restaurant italien,23,1,0,2026-06-10
Q004919,FR,Paris,saut en parachute,0,0,0,2026-06-22
Q004920,FR,Toulouse,massage duo,6,1,0,2026-06-19
Q004921,FR,Paris,restaurant italien,10,0,0,2026-06-30
Q004922,FR,Toulouse,massage sportif,13,1,0,2026-06-26
Q004923,FR,Marseille,brunch,22,0,0,2026-06-06
Q004924,FR,Lyon,coach sportif,9,1,1,2026-06-22
Q004925,FR,Marseille,saut en parachute,0,0,0,2026-06-21
Q004926,FR,Paris,rafting,0,0,0,2026-06-13
Q004927,FR,Paris,saut en parachute,0,0,0,2026-06-20
Q004928,FR,Marseille,cours de yoga,2,0,0,2026-06-17
Q004929,FR,Paris,karting,10,1,1,2026-06-12
Q004930,FR,Paris,massage duo,18,0,0,2026-06-01
Q004931,FR,Paris,massage duo,20,1,0,2026-06-24
Q004932,FR,Paris,rafting,0,0,0,2026-06-11
Q004933,FR,Marseille,karting,0,0,0,2026-06-07
Q004934,FR,Marseille,coloration,2,1,0,2026-06-14
Q004935,FR,Paris,tour en helicoptere,0,0,0,2026-06-16
Q004936,FR,Paris,crossfit,1,0,0,2026-06-27
Q004937,FR,Paris,manucure,0,0,0,2026-06-19
Q004938,FR,Paris,cours de yoga,1,1,0,2026-06-18
Q004939,FR,Paris,bowling,0,0,0,2026-06-09
Q004940,FR,Toulouse,massage sportif,2,0,0,2026-06-24
Q004941,FR,Marseille,rafting,0,0,0,2026-06-27
Q004942,FR,Toulouse,extension de cils,1,0,0,2026-06-23
Q004943,FR,Paris,bowling,20,1,0,2026-06-03
Q004944,FR,Paris,escape game,0,0,0,2026-06-08
Q004945,FR,Paris,pilates,17,0,0,2026-06-30
Q004946,FR,Paris,burger,4,1,0,2026-06-29
Q004947,FR,Paris,sushi,11,0,0,2026-06-20
Q004948,FR,Paris,deep tissue massage,0,0,0,2026-06-27
Q004949,FR,Lyon,rafting,0,0,0,2026-06-02
Q004950,FR,Toulouse,soin visage,25,1,1,2026-06-28
Q004951,FR,Marseille,paintball,24,0,0,2026-06-16
Q004952,FR,Paris,burger,25,1,1,2026-06-02
Q004953,FR,Lyon,rafting,0,0,0,2026-06-22
Q004954,FR,Lyon,tour en helicoptere,0,0,0,2026-06-12
Q004955,FR,Paris,burger,30,0,0,2026-06-05
Q004956,FR,Paris,restaurunt italien,0,0,0,2026-06-20
Q004957,FR,Lyon,massage sportif,16,0,0,2026-06-27
Q004958,FR,Paris,salle de sport,0,0,0,2026-06-04
Q004959,FR,Paris,pilates,5,0,0,2026-06-18
Q004960,FR,Paris,bowlong,35,1,0,2026-06-21
Q004961,FR,Marseille,karting,31,0,0,2026-06-02
Q004962,FR,Lyon,bowling,22,1,1,2026-06-19
Q004963,FR,Paris,bowling,2,1,0,2026-06-13
Q004964,FR,Paris,buraer,10,0,0,2026-06-30
Q004965,FR,Lyon,pilates,0,0,0,2026-06-29
Q004966,FR,Marseille,crossfit,1,0,0,2026-06-07
Q004967,FR,Paris,saut en parachute,0,0,0,2026-06-17
Q004968,FR,Lyon,salle de sport,0,0,0,2026-06-27
Q004969,FR,Marseille,manucure,10,0,0,2026-06-28
Q004970,FR,Paris,coloration,40,0,0,2026-06-28
Q004971,FR,Paris,paintball,0,0,0,2026-06-15
Q004972,FR,Toulouse,massage duo,2,0,0,2026-06-05
Q004973,FR,Paris,visite guidee,1,0,0,2026-06-17
Q004974,FR,Paris,escape game,2,0,0,2026-06-20
Q004975,FR,Paris,sushi,1,0,0,2026-06-17
Q004976,FR,Paris,karting,7,1,0,2026-06-07
Q004977,FR,Toulouse,pilates,21,0,0,2026-06-18
Q004978,FR,Marseille,gym,0,0,0,2026-06-26
Q004979,FR,Marseille,vol en montolfiere,0,0,0,2026-06-21
Q004980,FR,Lyon,paintball,0,0,0,2026-06-12
Q004981,FR,Lyon,massage dis,15,0,0,2026-06-11
Q004982,FR,Lyon,massage duo,14,0,0,2026-06-14
Q004983,FR,Toulouse,salle de sport,2,0,0,2026-06-21
Q004984,FR,Marseille,paintball,2,0,0,2026-06-04
Q004985,FR,Paris,tour en helicopteoe,0,0,0,2026-06-09
Q004986,FR,Lyon,tour en helicoptere,0,0,0,2026-06-18
Q004987,FR,Paris,massage dos,11,0,0,2026-06-27
Q004988,FR,Paris,massage duo,1,0,0,2026-06-21
Q004989,FR,Paris,massage sportif,10,1,0,2026-06-06
Q004990,FR,Paris,extension de cils,1,0,0,2026-06-24
Q004991,FR,Lyon,coiffeur,23,0,0,2026-06-12
Q004992,FR,Marseille,saut en parachute,0,0,0,2026-06-11
Q004993,FR,Paris,manucure,2,0,0,2026-06-27
Q004994,FR,Lyon,salle de sport,14,0,0,2026-06-01
Q004995,FR,Lyon,rafting,0,0,0,2026-06-21
Q004996,FR,Toulouse,visite guidee,10,1,0,2026-06-01
Q004997,FR,Marseille,coiffeur,8,1,0,2026-06-25
Q004998,FR,Paris,massage thai,21,1,0,2026-06-24
Q004999,FR,Paris,tour en helicoptere,0,0,0,2026-06-22
Q005000,FR,Marseille,paintball,22,1,0,2026-06-05
Q005001,FR,Paris,restaurant italien,2,0,0,2026-06-29
Q005002,FR,Marseille,bowling,24,1,1,2026-06-15
Q005003,FR,Paris,saut en parachute,0,0,0,2026-06-01
Q005004,FR,Toulouse,karting,23,1,0,2026-06-23
Q005005,FR,Lyon,pilates,4,1,0,2026-06-28
Q005006,FR,Paris,bowling,2,0,0,2026-06-24
Q005007,FR,Paris,massage thai,17,1,0,2026-06-28
Q005008,FR,Paris,karting,0,0,0,2026-06-01
Q005009,FR,Paris,tour en helicoptere,0,0,0,2026-06-30
Q005010,FR,Marseille,crossfit,1,0,0,2026-06-17
Q005011,FR,Marseille,brunch,18,0,0,2026-06-17
Q005012,FR,Paris,manucure,9,0,0,2026-06-29
Q005013,FR,Marseille,escape game,4,1,0,2026-06-23
Q005014,FR,Paris,extension de cils,17,0,0,2026-06-14
Q005015,FR,Paris,cours de yoga,22,0,0,2026-06-29
Q005016,FR,Marseille,karting,0,0,0,2026-06-19
Q005017,FR,Paris,massage sportif,0,0,0,2026-06-13
Q005018,FR,Marseille,brunch,23,1,0,2026-06-06
Q005019,FR,Marseille,brunch,1,0,0,2026-06-09
Q005020,FR,Paris,salle de spirt,2,0,0,2026-06-05
Q005021,FR,Paris,bowling,1,0,0,2026-06-30
Q005022,FR,Marseille,manucure,35,0,0,2026-06-02
Q005023,FR,Paris,massage sportif,17,0,0,2026-06-12
Q005024,FR,Marseille,visite guidee,11,1,1,2026-06-20
Q005025,FR,Paris,karting,1,0,0,2026-06-08
Q005026,FR,Lyon,saut en parachute,0,0,0,2026-06-14
Q005027,FR,Paris,salle de sport,23,1,0,2026-06-18
Q005028,FR,Marseille,massage duo,7,1,0,2026-06-11
Q005029,FR,Marseille,saut en parachute,0,0,0,2026-06-10
Q005030,FR,Paris,salle de sport,14,1,0,2026-06-09
Q005031,FR,Paris,karting,23,1,0,2026-06-03
Q005032,FR,Marseille,sushi,12,0,0,2026-06-23
Q005033,FR,Paris,massage thai,24,1,0,2026-06-13
Q005034,FR,Paris,massage sportif,21,0,0,2026-06-22
Q005035,FR,Paris,saut en parachute,0,0,0,2026-06-28
Q005036,FR,Paris,vol en montgolfiere,0,0,0,2026-06-05
Q005037,FR,Toulouse,vol en montgolfiere,0,0,0,2026-06-27
Q005038,FR,Marseille,massage dos,2,0,0,2026-06-15
Q005039,FR,Toulouse,saut en parachute,0,0,0,2026-06-08
Q005040,FR,Lyon,karting,24,1,0,2026-06-08
Q005041,FR,Lyon,massage duo,18,0,0,2026-06-25
Q005042,FR,Toulouse,visite guidee,8,0,0,2026-06-02
Q005043,FR,Paris,bowling,5,1,0,2026-06-20
Q005044,FR,Lyon,saut en parachute,0,0,0,2026-06-01
Q005045,FR,Paris,saut en prachute,0,0,0,2026-06-08
Q005046,FR,Paris,extension de cils,39,0,0,2026-06-27
Q005047,FR,Lyon,escape game,0,0,0,2026-06-20
Q005048,FR,Paris,tour en helicoptere,0,0,0,2026-06-16
Q005049,FR,Paris,tour en helicoptere,0,0,0,2026-06-29
Q005050,FR,Marseille,escape game,24,1,1,2026-06-03
Q005051,FR,Toulouse,rafting,0,0,0,2026-06-03
Q005052,FR,Marseille,haircut,1,0,0,2026-06-01
Q005053,FR,Lyon,coach sportiif,1,0,0,2026-06-24
Q005054,FR,Toulouse,massage duo,5,0,0,2026-06-10
Q005055,FR,Marseille,cours de yoga,11,0,0,2026-06-04
Q005056,FR,Paris,bowling,0,0,0,2026-06-01
Q005057,FR,Toulouse,brunch,12,1,0,2026-06-30
Q005058,FR,Paris,couples massage,0,0,0,2026-06-20
Q005059,FR,Lyon,coiffeur,5,0,0,2026-06-08
Q005060,FR,Paris,saut en parachute,0,0,0,2026-06-27
Q005061,FR,Paris,paintball,2,0,0,2026-06-17
Q005062,FR,Paris,massage sportif,1,0,0,2026-06-04
Q005063,FR,Paris,cours de yoga,1,0,0,2026-06-15
Q005064,FR,Paris,vol en montgolfiere,0,0,0,2026-06-04
Q005065,FR,Lyon,rafting,0,0,0,2026-06-26
Q005066,FR,Paris,paintball,20,0,0,2026-06-19
Q005067,FR,Toulouse,massage duo,0,0,0,2026-06-08
Q005068,FR,Paris,coloration,2,0,0,2026-06-15
Q005069,FR,Paris,escape game,21,0,0,2026-06-19
Q005070,FR,Marseille,crossfit,20,1,1,2026-06-01
Q005071,FR,Paris,extension de cils,20,1,0,2026-06-11
Q005072,FR,Paris,cours de yoga,11,0,0,2026-06-07
Q005073,FR,Paris,coiffeur,2,0,0,2026-06-08
Q005074,FR,Paris,massage sportif,16,1,1,2026-06-09
Q005075,FR,Lyon,cours de yoga,1,1,0,2026-06-20
Q005076,FR,Paris,burger,4,1,0,2026-06-06
Q005077,FR,Paris,tour en helicoptere,0,0,0,2026-06-17
Q005078,FR,Toulouse,massage duo,16,1,1,2026-06-18
Q005079,FR,Lyon,vol en montgolfiere,0,0,0,2026-06-16
Q005080,FR,Paris,bowling,2,1,0,2026-06-29
Q005081,FR,Paris,coach sportif,28,0,0,2026-06-21
Q005082,FR,Paris,escape game,23,1,1,2026-06-29
Q005083,FR,Paris,manucure,22,0,0,2026-06-08
Q005084,FR,Marseille,massage sportif,10,1,1,2026-06-15
Q005085,FR,Lyon,karting,12,0,0,2026-06-01
Q005086,FR,Marseille,rafting,0,0,0,2026-06-26
Q005087,FR,Paris,salle de ssport,1,0,0,2026-06-21
Q005088,FR,Paris,paintball,40,0,0,2026-06-04
Q005089,FR,Paris,cours de yoga,21,0,0,2026-06-27
Q005090,FR,Paris,soin visage,2,0,0,2026-06-10
Q005091,FR,Paris,visite guidee,22,0,0,2026-06-13
Q005092,FR,Lyon,rafting,0,0,0,2026-06-17
Q005093,FR,Marseille,back massage,0,0,0,2026-06-06
Q005094,FR,Marseille,massage dos,0,0,0,2026-06-20
Q005095,FR,Paris,tour en helicoptere,0,0,0,2026-06-01
Q005096,FR,Paris,crêperie,5,1,1,2026-06-28
Q005097,FR,Paris,extension de cils,19,1,0,2026-06-27
Q005098,FR,Paris,coloration,1,0,0,2026-06-11
Q005099,FR,Lyon,massge duo,25,0,0,2026-06-09
Q005100,FR,Paris,vol en montgolfiere,0,0,0,2026-06-27
Q005101,FR,Marseille,karting,0,0,0,2026-06-13
Q005102,FR,Lyon,visite guidee,2,1,0,2026-06-27
Q005103,FR,Lyon,tour en helicoptere,0,0,0,2026-06-17
Q005104,FR,Paris,kartig,0,0,0,2026-06-15
Q005105,FR,Toulouse,sushi,1,1,0,2026-06-29
Q005106,FR,Paris,salle de sport,11,0,0,2026-06-21
Q005107,FR,Marseille,extension de cils,0,0,0,2026-06-24
Q005108,FR,Toulouse,manucure,16,0,0,2026-06-04
Q005109,FR,Paris,coach sportif,20,1,0,2026-06-26
Q005110,FR,Paris,saut en parachute,0,0,0,2026-06-28
Q005111,FR,Paris,saut en parachute,0,0,0,2026-06-30
Q005112,FR,Marseille,deep tissue massage,2,0,0,2026-06-14
Q005113,FR,Lyon,brunch,1,0,0,2026-06-25
Q005114,FR,Paris,coloration,23,1,0,2026-06-25
Q005115,FR,Paris,soin visage,32,0,0,2026-06-18
Q005116,FR,Paris,bowling,1,0,0,2026-06-15
Q005117,FR,Toulouse,tour en helicoptere,0,0,0,2026-06-01
Q005118,FR,Marseille,massage thai,7,0,0,2026-06-12
Q005119,FR,Lyon,massage duo,0,0,0,2026-06-17
Q005120,FR,Lyon,karting,4,1,0,2026-06-08
Q005121,FR,Toulouse,brunch,30,0,0,2026-06-04
Q005122,FR,Paris,tour en helicoptere,0,0,0,2026-06-22
Q005123,FR,Paris,salle de sport,11,1,0,2026-06-02
Q005124,FR,Marseille,sushi,0,0,0,2026-06-06
Q005125,FR,Marseille,bowling,19,1,1,2026-06-19
Q005126,FR,Marseille,massage dos,34,0,0,2026-06-15
Q005127,FR,Paris,massage duo,6,1,1,2026-06-21
Q005128,FR,Paris,burger,21,0,0,2026-06-07
Q005129,FR,Paris,sushi,17,1,0,2026-06-01
Q005130,FR,Marseille,escape room,1,0,0,2026-06-19
Q005131,FR,Paris,bowling,10,1,1,2026-06-13
Q005132,FR,Paris,karting,2,0,0,2026-06-20
Q005133,FR,Paris,tour en helicoptere,0,0,0,2026-06-11
Q005134,FR,Paris,rafting,0,0,0,2026-06-14
Q005135,FR,Paris,massage sportif,40,0,0,2026-06-22
Q005136,FR,Lyon,coiffeur,8,0,0,2026-06-26
Q005137,FR,Paris,crossfit,2,0,0,2026-06-21
Q005138,FR,Paris,soin visage,24,1,1,2026-06-05
Q005139,FR,Toulouse,crêperie,0,0,0,2026-06-27
Q005140,FR,Paris,brunch,13,0,0,2026-06-15
Q005141,FR,Toulouse,escape game,6,0,0,2026-06-14
Q005142,FR,Paris,cours de yoga,2,0,0,2026-06-07
Q005143,FR,Paris,coach sportif,2,0,0,2026-06-02
Q005144,FR,Lyon,massage thai,17,1,0,2026-06-26
Q005145,FR,Paris,massage sportif,2,0,0,2026-06-03
Q005146,FR,Toulouse,massage sportif,5,1,1,2026-06-04
Q005147,FR,Marseille,massage dos,0,0,0,2026-06-07
Q005148,FR,Marseille,mancure,0,0,0,2026-06-11
Q005149,FR,Paris,massage duo,20,0,0,2026-06-13
Q005150,FR,Toulouse,crêperie,2,0,0,2026-06-16
Q005151,FR,Toulouse,massage duo,1,0,0,2026-06-01
Q005152,FR,Paris,bowling,1,0,0,2026-06-30
Q005153,FR,Paris,rafting,0,0,0,2026-06-01
Q005154,FR,Paris,manucure,22,0,0,2026-06-07
Q005155,FR,Lyon,massage duo,2,0,0,2026-06-06
Q005156,FR,Marseille,saut en parachute,0,0,0,2026-06-15
Q005157,FR,Paris,rafting,0,0,0,2026-06-11
Q005158,FR,Marseille,massage thai,4,1,0,2026-06-08
Q005159,FR,Paris,coiffeur,1,0,0,2026-06-11
Q005160,FR,Lyon,soin visage,2,0,0,2026-06-15
Q005161,FR,Paris,coiffeur,11,1,0,2026-06-22
Q005162,FR,Lyon,saut en parachute,0,0,0,2026-06-11
Q005163,FR,Paris,massage duo,7,1,1,2026-06-16
Q005164,FR,Lyon,paintball,14,0,0,2026-06-20
Q005165,FR,Marseille,personal trainer,2,0,0,2026-06-07
Q005166,FR,Paris,extension de cils,16,0,0,2026-06-27
Q005167,FR,Lyon,salle de sport,23,0,0,2026-06-12
Q005168,FR,Paris,coiffeur,1,1,1,2026-06-25
Q005169,FR,Paris,burger,1,0,0,2026-06-04
Q005170,FR,Lyon,coach sportif,2,0,0,2026-06-01
Q005171,FR,Lyon,coiffeur,10,0,0,2026-06-08
Q005172,FR,Paris,rafting,0,0,0,2026-06-24
Q005173,FR,Paris,saut en parachute,0,0,0,2026-06-03
Q005174,FR,Paris,visite guidee,25,0,0,2026-06-22
Q005175,FR,Paris,massage duo,25,1,0,2026-06-26
Q005176,FR,Paris,soin visage,2,0,0,2026-06-14
Q005177,FR,Paris,visite guidee,2,0,0,2026-06-12
Q005178,FR,Paris,pilates,1,1,0,2026-06-03
Q005179,FR,Lyon,extension de cils,12,0,0,2026-06-23
Q005180,FR,Paris,extension de cils,2,0,0,2026-06-12
Q005181,FR,Marseille,coiffeur,5,1,0,2026-06-04
Q005182,FR,Paris,pilates,15,1,0,2026-06-07
Q005183,FR,Paris,crêperie,10,1,1,2026-06-07
Q005184,FR,Marseille,soin visage,18,1,0,2026-06-22
Q005185,FR,Paris,brunch,24,0,0,2026-06-01
Q005186,FR,Paris,crossfit,33,1,0,2026-06-16
Q005187,FR,Paris,manucure,11,1,1,2026-06-30
Q005188,FR,Paris,crossfit,1,0,0,2026-06-03
Q005189,FR,Paris,karting,22,1,1,2026-06-06
Q005190,FR,Lyon,back massage,1,0,0,2026-06-26
Q005191,FR,Paris,massage sportif,0,0,0,2026-06-15
Q005192,FR,Paris,paintball,14,1,1,2026-06-18
Q005193,FR,Paris,restaurant italien,1,0,0,2026-06-08
Q005194,FR,Lyon,bowling,2,0,0,2026-06-08
Q005195,FR,Paris,rafting,0,0,0,2026-06-16
Q005196,FR,Paris,massage sportif,0,0,0,2026-06-30
Q005197,FR,Paris,coloration,30,1,0,2026-06-30
Q005198,FR,Paris,paintball,2,0,0,2026-06-15
Q005199,FR,Toulouse,pilates,2,0,0,2026-06-26
Q005200,FR,Lyon,rafting,0,0,0,2026-06-04
Q005201,FR,Lyon,karting,8,0,0,2026-06-28
Q005202,FR,Lyon,visite guidee,1,0,0,2026-06-06
Q005203,FR,Toulouse,sushi,1,0,0,2026-06-17
Q005204,FR,Paris,saut en parachute,0,0,0,2026-06-25
Q005205,FR,Paris,brunch,11,0,0,2026-06-04
Q005206,FR,Paris,salle de sport,2,0,0,2026-06-17
Q005207,FR,Paris,massage thai,2,0,0,2026-06-21
Q005208,FR,Paris,karting,2,0,0,2026-06-04
Q005209,FR,Paris,pizza deal,0,0,0,2026-06-30
Q005210,FR,Lyon,sushi,1,0,0,2026-06-16
Q005211,FR,Marseille,paintball,10,1,0,2026-06-14
Q005212,FR,Paris,crossfit,0,0,0,2026-06-07
Q005213,FR,Lyon,tour en helicoptere,0,0,0,2026-06-03
Q005214,FR,Paris,coiffeur,8,0,0,2026-06-03
Q005215,FR,Marseille,crossfit,1,0,0,2026-06-02
Q005216,FR,Paris,pilates,16,0,0,2026-06-23
Q005217,FR,Paris,coloration,31,0,0,2026-06-29
Q005218,FR,Lyon,saut en parachute,0,0,0,2026-06-03
Q005219,FR,Lyon,manucure,15,1,0,2026-06-06
Q005220,FR,Lyon,massage sportif,8,1,0,2026-06-02
Q005221,FR,Paris,tour en helicoptere,0,0,0,2026-06-30
Q005222,FR,Marseille,massage dos,12,1,0,2026-06-04
Q005223,FR,Marseille,massage duo,14,0,0,2026-06-06
Q005224,FR,Marseille,massage duo,6,1,0,2026-06-17
Q005225,FR,Paris,extension de cils,24,0,0,2026-06-02
Q005226,FR,Lyon,extension de cils,6,0,0,2026-06-06
Q005227,FR,Lyon,rafting,0,0,0,2026-06-18
Q005228,FR,Paris,visite guidee,19,0,0,2026-06-08
Q005229,FR,Paris,bowling,37,0,0,2026-06-15
Q005230,FR,Marseille,paintball,2,0,0,2026-06-17
Q005231,FR,Paris,massage ds,23,1,0,2026-06-15
Q005232,FR,Paris,bowling,11,0,0,2026-06-15
Q005233,FR,Marseille,manucure,19,1,0,2026-06-08
Q005234,FR,Paris,cours de yoga,19,1,0,2026-06-07
Q005235,FR,Paris,tour en helicoptere,0,0,0,2026-06-01
Q005236,FR,Lyon,rafting,0,0,0,2026-06-24
Q005237,FR,Paris,vol en montgolfiere,0,0,0,2026-06-02
Q005238,FR,Lyon,bowling,0,0,0,2026-06-13
Q005239,FR,Lyon,pilates,6,1,0,2026-06-12
Q005240,FR,Marseille,karting,2,0,0,2026-06-21
Q005241,FR,Paris,massage sportif,19,1,0,2026-06-16
Q005242,FR,Toulouse,visite guidee,2,0,0,2026-06-21
Q005243,FR,Paris,bruneh,1,0,0,2026-06-30
Q005244,FR,Paris,salle de sport,2,0,0,2026-06-08
Q005245,FR,Paris,sports massage,0,0,0,2026-06-14
Q005246,FR,Marseille,coloration,1,0,0,2026-06-25
Q005247,FR,Paris,manucure,1,1,0,2026-06-26
Q005248,FR,Paris,massage duo,0,0,0,2026-06-23
Q005249,FR,Toulouse,rafting,0,0,0,2026-06-28
Q005250,FR,Paris,tour en helicoptere,0,0,0,2026-06-13
Q005251,FR,Marseille,massage thai,1,0,0,2026-06-30
Q005252,FR,Paris,coiffeur,2,0,0,2026-06-09
Q005253,FR,Marseille,cours de yoga,8,1,0,2026-06-14
Q005254,FR,Paris,vol en montgolfiere,0,0,0,2026-06-16
Q005255,FR,Lyon,massage duo,14,0,0,2026-06-11
Q005256,FR,Paris,rafting,0,0,0,2026-06-15
Q005257,FR,Paris,burger,1,0,0,2026-06-17
Q005258,FR,Paris,soin visage,2,0,0,2026-06-25
Q005259,FR,Paris,crossffit,0,0,0,2026-06-24
Q005260,FR,Lyon,sushi,15,0,0,2026-06-22
Q005261,FR,Lyon,coiffeur,0,0,0,2026-06-29
Q005262,FR,Lyon,paintbael,28,1,0,2026-06-25
Q005263,FR,Lyon,coach sportif,0,0,0,2026-06-06
Q005264,FR,Marseille,masage thai,2,0,0,2026-06-05
Q005265,FR,Toulouse,vol en montgolfiere,0,0,0,2026-06-04
Q005266,FR,Toulouse,coloration,25,1,1,2026-06-05
Q005267,FR,Paris,rafting,0,0,0,2026-06-30
Q005268,FR,Lyon,coloration,7,0,0,2026-06-24
Q005269,FR,Marseille,thai massage,2,0,0,2026-06-21
Q005270,FR,Paris,paintball,32,0,0,2026-06-06
Q005271,FR,Marseille,massage dos,20,0,0,2026-06-21
Q005272,FR,Paris,coloration,7,1,1,2026-06-10
Q005273,FR,Marseille,massage sportif,2,0,0,2026-06-18
Q005274,FR,Marseille,pilates,2,0,0,2026-06-13
Q005275,FR,Lyon,crossfit,0,0,0,2026-06-19
Q005276,FR,Paris,tour en heliccoptere,0,0,0,2026-06-08
Q005277,FR,Paris,crêperie,1,1,0,2026-06-21
Q005278,FR,Marseille,pizza deal,0,0,0,2026-06-02
Q005279,FR,Marseille,pilates,8,0,0,2026-06-19
Q005280,FR,Paris,crêperie,0,0,0,2026-06-29
Q005281,FR,Paris,saut en parachutte,0,0,0,2026-06-04
Q005282,FR,Lyon,vol en montgolfiere,0,0,0,2026-06-18
Q005283,FR,Toulouse,massage sportif,21,1,0,2026-06-15
Q005284,FR,Paris,massage thai,25,0,0,2026-06-04
Q005285,FR,Paris,crêperie,21,1,1,2026-06-19
Q005286,FR,Paris,massage sportif,24,0,0,2026-06-07
Q005287,FR,Paris,eyelash extensions,1,1,0,2026-06-30
Q005288,FR,Paris,bowling,8,1,0,2026-06-22
Q005289,FR,Paris,visite guidee,19,1,0,2026-06-28
Q005290,FR,Marseille,massage duo,23,1,0,2026-06-26
Q005291,FR,Paris,extension de cils,0,0,0,2026-06-30
Q005292,FR,Paris,rafting,0,0,0,2026-06-09
Q005293,FR,Paris,manucure,9,0,0,2026-06-21
Q005294,FR,Lyon,salle e sport,5,0,0,2026-06-05
Q005295,FR,Lyon,crossfit,0,0,0,2026-06-25
Q005296,FR,Paris,massage dos,1,0,0,2026-06-29
Q005297,FR,Paris,tour en helicoptere,0,0,0,2026-06-22
Q005298,FR,Paris,crêperie,2,0,0,2026-06-13
Q005299,FR,Paris,massage sportif,11,1,1,2026-06-14
Q005300,FR,Paris,crêperie,22,1,0,2026-06-24
Q005301,FR,Paris,gym,1,0,0,2026-06-02
Q005302,FR,Marseille,bowling,2,0,0,2026-06-04
Q005303,FR,Paris,tour en helicoptere,0,0,0,2026-06-03
Q005304,FR,Paris,sushi,17,1,1,2026-06-05
Q005305,FR,Lyon,visite guidee,7,0,0,2026-06-09
Q005306,FR,Lyon,sushi,38,0,0,2026-06-12
Q005307,FR,Lyon,bowling,0,0,0,2026-06-28
Q005308,FR,Paris,massage duo,17,1,0,2026-06-03
Q005309,FR,Paris,coloration,1,0,0,2026-06-02
Q005310,FR,Lyon,paintball,5,0,0,2026-06-08
Q005311,FR,Marseille,massage sportif,18,1,0,2026-06-12
Q005312,FR,Paris,tour en helicoptere,0,0,0,2026-06-06
Q005313,FR,Marseille,massage duo,16,0,0,2026-06-13
Q005314,FR,Marseille,paintball,18,1,0,2026-06-20
Q005315,FR,Paris,saut en parachute,0,0,0,2026-06-17
Q005316,FR,Paris,brunch,0,0,0,2026-06-24
Q005317,FR,Lyon,restaurant italien,39,1,0,2026-06-20
Q005318,FR,Paris,karting,18,1,0,2026-06-11
Q005319,FR,Toulouse,massage thai,16,0,0,2026-06-11
Q005320,FR,Lyon,vol en montgolfiere,0,0,0,2026-06-14
Q005321,FR,Paris,coloration,0,0,0,2026-06-18
Q005322,FR,Marseille,pilates,0,0,0,2026-06-09
Q005323,FR,Lyon,soin visage,9,0,0,2026-06-27
Q005324,FR,Paris,crossfit,0,0,0,2026-06-17
Q005325,FR,Marseille,gym,1,0,0,2026-06-25
Q005326,FR,Paris,cours de yoga,16,1,0,2026-06-04
Q005327,FR,Paris,escape game,0,0,0,2026-06-19
Q005328,FR,Toulouse,saut en parachute,0,0,0,2026-06-25
Q005329,FR,Paris,vol en montgolfiere,0,0,0,2026-06-10
Q005330,FR,Paris,massage sportif,8,1,0,2026-06-14
Q005331,FR,Marseille,extension de cils,15,1,1,2026-06-01
Q005332,FR,Marseille,massage duo,22,0,0,2026-06-20
Q005333,FR,Paris,karting,9,1,1,2026-06-25
Q005334,FR,Paris,coloration,12,1,1,2026-06-28
Q005335,FR,Toulouse,vol en montgolfiere,0,0,0,2026-06-05
Q005336,FR,Lyon,escape game,2,0,0,2026-06-07
Q005337,FR,Paris,brunch,0,0,0,2026-06-29
Q005338,FR,Marseille,escape game,0,0,0,2026-06-13
Q005339,FR,Lyon,saut en parachute,0,0,0,2026-06-23
Q005340,FR,Lyon,coiffeur,2,0,0,2026-06-25
Q005341,FR,Paris,cours de yoga,18,1,1,2026-06-17
Q005342,FR,Lyon,coiffeur,0,0,0,2026-06-23
Q005343,FR,Marseille,salle de sport,0,0,0,2026-06-20
Q005344,FR,Paris,crêperie,2,1,0,2026-06-15
Q005345,FR,Marseille,rafting,0,0,0,2026-06-05
Q005346,FR,Marseille,vol en montgolfiere,0,0,0,2026-06-28
Q005347,FR,Lyon,pilates,19,1,1,2026-06-21
Q005348,FR,Toulouse,paintball,5,1,0,2026-06-23
Q005349,FR,Paris,massage duo,23,1,1,2026-06-07
Q005350,FR,Toulouse,escape room,2,0,0,2026-06-20
Q005351,FR,Lyon,escape game,2,0,0,2026-06-19
Q005352,FR,Paris,crêperie,0,0,0,2026-06-01
Q005353,FR,Marseille,brunch,22,0,0,2026-06-09
Q005354,FR,Paris,brunch,21,0,0,2026-06-11
Q005355,FR,Paris,yoga class,40,0,0,2026-06-16
Q005356,FR,Toulouse,extension de cils,2,0,0,2026-06-11
Q005357,FR,Marseille,coloration,34,0,0,2026-06-01
Q005358,FR,Toulouse,massage thai,10,0,0,2026-06-27
Q005359,FR,Paris,massage thai,13,0,0,2026-06-17
Q005360,FR,Paris,massage duo,0,0,0,2026-06-01
Q005361,FR,Paris,coloration,0,0,0,2026-06-12
Q005362,FR,Marseille,crossfit,2,0,0,2026-06-15
Q005363,FR,Paris,steak dinner,0,0,0,2026-06-03
Q005364,FR,Lyon,sale de sport,0,0,0,2026-06-12
Q005365,FR,Paris,tour en helicoptere,0,0,0,2026-06-18
Q005366,FR,Lyon,extension de cils,21,0,0,2026-06-23
Q005367,FR,Paris,restaurant iitalien,2,0,0,2026-06-08
Q005368,FR,Paris,pizza deal,2,0,0,2026-06-11
Q005369,FR,Lyon,manicure,0,0,0,2026-06-02
Q005370,FR,Paris,extension de cils,24,0,0,2026-06-06
Q005371,FR,Paris,paintball,15,1,1,2026-06-21
Q005372,FR,Lyon,pilates,23,0,0,2026-06-14
Q005373,FR,Paris,tour en helicoptere,0,0,0,2026-06-16
Q005374,FR,Paris,visite guidee,31,1,0,2026-06-16
Q005375,FR,Lyon,massage duo,1,0,0,2026-06-22
Q005376,FR,Toulouse,paintball,0,0,0,2026-06-18
Q005377,FR,Marseille,saut en parachute,0,0,0,2026-06-08
Q005378,FR,Toulouse,extension de cils,15,0,0,2026-06-14
Q005379,FR,Lyon,vol en montgolfiere,0,0,0,2026-06-27
Q005380,FR,Toulouse,massage sportif,33,0,0,2026-06-02
Q005381,FR,Marseille,saut en parachute,0,0,0,2026-06-16
Q005382,FR,Lyon,crêperie,19,1,0,2026-06-16
Q005383,FR,Paris,ciffeur,0,0,0,2026-06-29
Q005384,FR,Paris,massage dos,13,1,0,2026-06-03
Q005385,FR,Paris,massage dos,2,0,0,2026-06-09
Q005386,FR,Toulouse,paintball,36,0,0,2026-06-06
Q005387,FR,Paris,manucure,0,0,0,2026-06-07
Q005388,FR,Marseille,paintball,4,1,0,2026-06-10
Q005389,FR,Marseille,coach sportif,0,0,0,2026-06-24
Q005390,FR,Lyon,manucure,1,0,0,2026-06-19
Q005391,FR,Paris,visite guidee,20,1,0,2026-06-18
Q005392,FR,Marseille,massage duo,2,0,0,2026-06-24
Q005393,FR,Lyon,karting,2,0,0,2026-06-14
Q005394,FR,Paris,saut en parachute,0,0,0,2026-06-04
Q005395,FR,Paris,sushi,1,0,0,2026-06-03
Q005396,FR,Toulouse,coiffeeur,21,0,0,2026-06-06
Q005397,FR,Lyon,massage thai,1,0,0,2026-06-24
Q005398,FR,Toulouse,extension de cils,0,0,0,2026-06-21
Q005399,FR,Toulouse,tour en helicoptere,0,0,0,2026-06-19
Q005400,FR,Paris,bowling,17,0,0,2026-06-20
Q005401,FR,Paris,vol en montgolfiere,0,0,0,2026-06-27
Q005402,FR,Lyon,restaurant italien,8,1,0,2026-06-27
Q005403,FR,Paris,crossfit,1,0,0,2026-06-26
Q005404,FR,Paris,brunch,20,1,0,2026-06-06
Q005405,FR,Toulouse,visite guidee,38,0,0,2026-06-04
Q005406,FR,Paris,tour en helicoptere,0,0,0,2026-06-10
Q005407,FR,Paris,burger,1,0,0,2026-06-12
Q005408,FR,Paris,paintball,2,0,0,2026-06-27
Q005409,FR,Toulouse,massage dos,2,0,0,2026-06-03
Q005410,FR,Lyon,massage thai,19,0,0,2026-06-13
Q005411,FR,Paris,restaurant italien,2,0,0,2026-06-30
Q005412,FR,Paris,salle de sport,1,0,0,2026-06-06
Q005413,FR,Toulouse,rafting,0,0,0,2026-06-22
Q005414,FR,Paris,massage dos,13,0,0,2026-06-17
Q005415,FR,Paris,bowling,34,0,0,2026-06-25
Q005416,FR,Paris,salle de sport,2,0,0,2026-06-20
Q005417,FR,Lyon,vol en montgolfiere,0,0,0,2026-06-27
Q005418,FR,Paris,massage uuo,2,0,0,2026-06-01
Q005419,FR,Lyon,coloration,4,0,0,2026-06-30
Q005420,FR,Paris,massae dos,1,0,0,2026-06-10
Q005421,FR,Paris,pilates,13,0,0,2026-06-01
Q005422,FR,Lyon,tour en helicoptere,0,0,0,2026-06-29
Q005423,FR,Paris,massage thai,24,1,1,2026-06-10
Q005424,FR,Marseille,cours de yoga,5,0,0,2026-06-20
Q005425,FR,Paris,tour en helicoptere,0,0,0,2026-06-05
Q005426,FR,Paris,massage sportif,10,1,0,2026-06-22
Q005427,FR,Paris,crossfit,7,0,0,2026-06-22
Q005428,FR,Marseille,brunch,1,1,0,2026-06-25
Q005429,FR,Paris,yoga class,2,0,0,2026-06-11
Q005430,FR,Lyon,raating,0,0,0,2026-06-25
Q005431,FR,Lyon,karting,2,0,0,2026-06-14
Q005432,FR,Marseille,manucure,0,0,0,2026-06-30
Q005433,FR,Paris,soin visage,14,1,0,2026-06-20
Q005434,FR,Toulouse,massagethai,5,1,0,2026-06-17
Q005435,FR,Paris,vol en montgolfiere,0,0,0,2026-06-15
Q005436,FR,Marseille,visite guidee,21,0,0,2026-06-08
Q005437,FR,Paris,salle de sport,2,0,0,2026-06-10
Q005438,FR,Lyon,couples massage,19,1,1,2026-06-23
Q005439,FR,Paris,coach sportif,15,0,0,2026-06-09
Q005440,FR,Paris,vol en montgolfiere,0,0,0,2026-06-03
Q005441,FR,Marseille,escape room,2,0,0,2026-06-16
Q005442,FR,Paris,brunch,14,0,0,2026-06-01
Q005443,FR,Paris,massage thai,1,0,0,2026-06-09
Q005444,FR,Paris,karting,0,0,0,2026-06-17
Q005445,FR,Paris,massage thai,0,0,0,2026-06-29
Q005446,FR,Lyon,coloration,1,0,0,2026-06-28
Q005447,FR,Marseille,saut en parachute,0,0,0,2026-06-20
Q005448,FR,Paris,paintball,4,1,1,2026-06-13
Q005449,FR,Paris,salle de sport,15,1,0,2026-06-05
Q005450,FR,Paris,rafting,0,0,0,2026-06-23
Q005451,FR,Lyon,paintball,0,0,0,2026-06-13
Q005452,FR,Paris,soin visage,0,0,0,2026-06-23
Q005453,FR,Paris,vol en montgolfiere,0,0,0,2026-06-17
Q005454,FR,Paris,sushi,1,0,0,2026-06-27
Q005455,FR,Marseille,visite guidee,14,0,0,2026-06-17
Q005456,FR,Lyon,vol en montgolfiere,0,0,0,2026-06-26
Q005457,FR,Paris,cours de yoga,10,0,0,2026-06-17
Q005458,FR,Marseille,massage duo,9,0,0,2026-06-17
Q005459,FR,Paris,bowling,1,0,0,2026-06-22
Q005460,FR,Paris,salle de sport,6,1,1,2026-06-22
Q005461,FR,Paris,tour en helicoptere,0,0,0,2026-06-20
Q005462,FR,Lyon,cours de yoga,11,0,0,2026-06-17
Q005463,FR,Paris,pilates,7,1,1,2026-06-17
Q005464,FR,Paris,visite guidee,0,0,0,2026-06-03
Q005465,FR,Paris,vol en montgolfiere,0,0,0,2026-06-24
Q005466,FR,Paris,brunch,6,0,0,2026-06-03
Q005467,FR,Toulouse,crossfit,4,1,0,2026-06-26
Q005468,FR,Marseille,tour en helicoptere,0,0,0,2026-06-14
Q005469,FR,Lyon,escape game,23,0,0,2026-06-19
Q005470,FR,Marseille,couples massage,9,0,0,2026-06-21
Q005471,FR,Paris,soin visage,21,0,0,2026-06-29
Q005472,FR,Toulouse,paintball,16,0,0,2026-06-20
Q005473,FR,Paris,coloration,30,1,0,2026-06-18
Q005474,FR,Paris,paintball,37,0,0,2026-06-10
Q005475,FR,Lyon,brunch,21,0,0,2026-06-25
Q005476,FR,Paris,soin visage,0,0,0,2026-06-11
Q005477,FR,Marseille,brunch,0,0,0,2026-06-24
Q005478,FR,Lyon,thai massage,2,0,0,2026-06-09
Q005479,FR,Paris,vol en montgolfiere,0,0,0,2026-06-12
Q005480,FR,Paris,brunch,10,0,0,2026-06-22
Q005481,FR,Paris,coiffeur,6,1,0,2026-06-13
Q005482,FR,Paris,bowling,2,1,0,2026-06-04
Q005483,FR,Lyon,crêperie,8,0,0,2026-06-28
Q005484,FR,Marseille,hair colour,0,0,0,2026-06-17
Q005485,FR,Paris,raffting,0,0,0,2026-06-24
Q005486,FR,Paris,coiffeur,24,1,0,2026-06-15
Q005487,FR,Paris,saut en parachute,0,0,0,2026-06-16
Q005488,FR,Paris,coloration,0,0,0,2026-06-06
Q005489,FR,Paris,tour en helicoptere,0,0,0,2026-06-08
Q005490,FR,Paris,paintbull,25,1,0,2026-06-15
Q005491,FR,Paris,massage dos,1,0,0,2026-06-17
Q005492,FR,Lyon,visite guidee,2,0,0,2026-06-06
Q005493,FR,Marseille,haircut,2,0,0,2026-06-25
Q005494,FR,Toulouse,massage sportif,21,0,0,2026-06-22
Q005495,FR,Marseille,coiffeur,19,0,0,2026-06-23
Q005496,FR,Paris,vol en montgolfiere,0,0,0,2026-06-28
Q005497,FR,Paris,vol en monntgolfiere,0,0,0,2026-06-04
Q005498,FR,Toulouse,crossfit,7,1,0,2026-06-02
Q005499,FR,Paris,rafting,0,0,0,2026-06-02
Q005500,FR,Marseille,salle de sport,10,0,0,2026-06-04
Q005501,FR,Paris,manucure,1,0,0,2026-06-29
Q005502,FR,Marseille,salle de sport,2,0,0,2026-06-06
Q005503,FR,Paris,pilates,34,1,1,2026-06-06
Q005504,FR,Toulouse,massage duo,6,1,1,2026-06-15
Q005505,FR,Lyon,sushi,10,1,1,2026-06-10
Q005506,FR,Toulouse,thai massage,2,0,0,2026-06-01
Q005507,FR,Marseille,sushi,1,0,0,2026-06-07
Q005508,FR,Lyon,restaurant italien,2,0,0,2026-06-01
Q005509,FR,Paris,bowliing,33,0,0,2026-06-12
Q005510,FR,Marseille,manucure,30,0,0,2026-06-18
Q005511,FR,Marseille,massage dao,0,0,0,2026-06-19
Q005512,FR,Paris,bowling,25,0,0,2026-06-18
Q005513,FR,Lyon,crêperie,9,0,0,2026-06-03
Q005514,FR,Marseille,tour en helicoptere,0,0,0,2026-06-06
Q005515,FR,Marseille,rafting,0,0,0,2026-06-23
Q005516,FR,Paris,karting,0,0,0,2026-06-30
Q005517,FR,Lyon,soin visage,24,1,0,2026-06-05
Q005518,FR,Lyon,salle de sport,32,0,0,2026-06-18
Q005519,FR,Marseille,rafting,0,0,0,2026-06-11
Q005520,FR,Lyon,cours de yoga,21,1,0,2026-06-22
Q005521,FR,Marseille,coach sportif,18,0,0,2026-06-01
Q005522,FR,Paris,vol en mntgolfiere,0,0,0,2026-06-03
Q005523,FR,Marseille,sushi,16,1,0,2026-06-11
Q005524,FR,Marseille,restaurant italien,19,0,0,2026-06-04
Q005525,FR,Marseille,coiffeur,13,1,1,2026-06-14
Q005526,FR,Toulouse,steak dinner,37,0,0,2026-06-23
Q005527,FR,Toulouse,karting,22,1,0,2026-06-10
Q005528,FR,Paris,massage duo,1,0,0,2026-06-13
Q005529,FR,Paris,massage sportif,13,0,0,2026-06-27
Q005530,FR,Paris,paintball,18,0,0,2026-06-14
Q005531,FR,Paris,sushi,2,0,0,2026-06-16
Q005532,FR,Lyon,massage thai,12,1,0,2026-06-02
Q005533,FR,Paris,coach sportif,12,1,0,2026-06-11
Q005534,FR,Paris,massage thai,8,1,1,2026-06-04
Q005535,FR,Paris,rafting,0,0,0,2026-06-04
Q005536,FR,Paris,city tour,17,0,0,2026-06-22
Q005537,FR,Paris,pilates,19,0,0,2026-06-29
Q005538,FR,Toulouse,crossfit,0,0,0,2026-06-03
Q005539,FR,Paris,massage os,22,1,1,2026-06-09
Q005540,FR,Paris,brunch,5,1,1,2026-06-28
Q005541,FR,Paris,korting,19,0,0,2026-06-19
Q005542,FR,Lyon,bowling,1,0,0,2026-06-17
Q005543,FR,Lyon,crossfit,17,1,0,2026-06-08
Q005544,FR,Lyon,crossfit,2,1,0,2026-06-19
Q005545,FR,Paris,coloation,2,0,0,2026-06-18
Q005546,FR,Paris,vol en montgolfiere,0,0,0,2026-06-22
Q005547,FR,Paris,massag duo,7,0,0,2026-06-05
Q005548,FR,Paris,visite guidee,21,1,0,2026-06-02
Q005549,FR,Paris,visite guidee,21,1,1,2026-06-01
Q005550,FR,Paris,couples massage,8,0,0,2026-06-24
Q005551,FR,Paris,rafting,0,0,0,2026-06-25
Q005552,FR,Toulouse,crêperie,26,0,0,2026-06-01
Q005553,FR,Paris,crossfit,24,0,0,2026-06-10
Q005554,FR,Lyon,saut en parachute,0,0,0,2026-06-26
Q005555,FR,Lyon,thai massage,11,1,0,2026-06-09
Q005556,FR,Marseille,saut en parachute,0,0,0,2026-06-27
Q005557,FR,Lyon,raoting,0,0,0,2026-06-04
Q005558,FR,Paris,tour en helicoptere,0,0,0,2026-06-18
Q005559,FR,Paris,tour en helicoptere,0,0,0,2026-06-02
Q005560,FR,Paris,paintball,14,0,0,2026-06-10
Q005561,FR,Paris,coach sportif,19,1,1,2026-06-06
Q005562,FR,Marseille,crêeerie,0,0,0,2026-06-02
Q005563,FR,Paris,salle de sport,16,0,0,2026-06-05
Q005564,FR,Lyon,crossfit,2,0,0,2026-06-29
Q005565,FR,Marseille,escape game,7,1,0,2026-06-24
Q005566,FR,Marseille,brunch,1,0,0,2026-06-30
Q005567,FR,Marseille,coloration,15,0,0,2026-06-01
Q005568,FR,Lyon,karting,2,0,0,2026-06-19
Q005569,FR,Marseille,karting,14,1,0,2026-06-27
Q005570,FR,Lyon,visite guidee,2,0,0,2026-06-20
Q005571,FR,Toulouse,vol en montgolfiere,0,0,0,2026-06-17
Q005572,FR,Paris,deep tissue massage,0,0,0,2026-06-03
Q005573,FR,Marseille,burger,0,0,0,2026-06-15
Q005574,FR,Paris,saut en parachute,0,0,0,2026-06-14
Q005575,FR,Paris,saut en parachute,0,0,0,2026-06-12
Q005576,FR,Paris,massage dos,0,0,0,2026-06-02
Q005577,FR,Paris,soin visage,1,0,0,2026-06-22
Q005578,FR,Marseille,salle de sport,2,1,0,2026-06-28
Q005579,FR,Paris,escape game,10,0,0,2026-06-25
Q005580,FR,Paris,extension de cils,24,0,0,2026-06-22
Q005581,FR,Paris,massage sportif,38,0,0,2026-06-15
Q005582,FR,Paris,restaurant italien,2,0,0,2026-06-09
Q005583,FR,Marseille,go karting,2,0,0,2026-06-01
Q005584,FR,Paris,soin visage,11,1,0,2026-06-25
Q005585,FR,Marseille,vol en montgolfiere,0,0,0,2026-06-08
Q005586,FR,Lyon,extension de cils,16,1,0,2026-06-11
Q005587,FR,Paris,saut en parachute,0,0,0,2026-06-09
Q005588,FR,Marseille,bowling,25,1,1,2026-06-01
Q005589,FR,Paris,coiffeur,6,0,0,2026-06-03
Q005590,FR,Lyon,crêperie,14,1,0,2026-06-10
Q005591,FR,Paris,soin visage,7,1,0,2026-06-25
Q005592,FR,Paris,cours de yoga,36,1,1,2026-06-12
Q005593,FR,Paris,saut en parachute,0,0,0,2026-06-05
Q005594,FR,Paris,gym,2,0,0,2026-06-03
Q005595,FR,Toulouse,bureer,20,1,0,2026-06-30
Q005596,FR,Paris,massage sportif,1,0,0,2026-06-12
Q005597,FR,Paris,exttension de cils,1,0,0,2026-06-18
Q005598,FR,Lyon,crossfit,20,1,0,2026-06-12
Q005599,FR,Paris,paintball,11,1,0,2026-06-23
Q005600,FR,Paris,visite guidee,1,0,0,2026-06-17
Q005601,FR,Toulouse,restaurant italien,8,0,0,2026-06-25
Q005602,FR,Paris,massage thai,24,0,0,2026-06-27
Q005603,FR,Paris,manucure,4,0,0,2026-06-06
Q005604,FR,Lyon,brunch,24,1,1,2026-06-05
Q005605,FR,Paris,salle de sort,0,0,0,2026-06-03
Q005606,FR,Paris,massage duo,0,0,0,2026-06-29
Q005607,FR,Paris,tour en helicoptere,0,0,0,2026-06-23
Q005608,FR,Paris,crossfit,18,0,0,2026-06-07
Q005609,FR,Paris,masuage dos,40,0,0,2026-06-06
Q005610,FR,Lyon,sushi,4,0,0,2026-06-23
Q005611,FR,Paris,thai massage,2,0,0,2026-06-08
Q005612,FR,Paris,tour en helicoptere,0,0,0,2026-06-29
Q005613,FR,Lyon,pilates,0,0,0,2026-06-24
Q005614,FR,Paris,rafting,0,0,0,2026-06-27
Q005615,FR,Lyon,brrunch,0,0,0,2026-06-02
Q005616,FR,Paris,manucure,13,0,0,2026-06-20
Q005617,FR,Marseille,coach sportif,12,0,0,2026-06-04
Q005618,FR,Toulouse,crossfit,25,1,1,2026-06-12
Q005619,FR,Lyon,vol en montgolfiere,0,0,0,2026-06-12
Q005620,FR,Paris,massage duo,0,0,0,2026-06-27
Q005621,FR,Paris,crossft,19,1,1,2026-06-20
Q005622,FR,Lyon,pilates,2,1,0,2026-06-01
Q005623,FR,Toulouse,rfting,0,0,0,2026-06-27
Q005624,FR,Paris,pilates,14,1,0,2026-06-15
Q005625,FR,Paris,karting,17,1,0,2026-06-04
Q005626,FR,Toulouse,rafting,0,0,0,2026-06-17
Q005627,FR,Marseille,soin visage,29,1,0,2026-06-03
Q005628,FR,Marseille,salle de sport,2,0,0,2026-06-17
Q005629,FR,Toulouse,brnch,2,0,0,2026-06-19
Q005630,FR,Lyon,massage thai,13,0,0,2026-06-19
Q005631,FR,Lyon,saut en parachute,0,0,0,2026-06-16
Q005632,FR,Paris,raftng,0,0,0,2026-06-30
Q005633,FR,Toulouse,haircut,1,0,0,2026-06-08
Q005634,FR,Paris,paintball,7,1,0,2026-06-11
Q005635,FR,Lyon,tour en helicoptere,0,0,0,2026-06-17
Q005636,FR,Paris,restaurant italien,20,1,0,2026-06-13
Q005637,FR,Paris,vol en montgolfiere,0,0,0,2026-06-04
Q005638,FR,Marseille,rafting,0,0,0,2026-06-15
Q005639,FR,Lyon,salle de sport,1,0,0,2026-06-02
Q005640,FR,Lyon,brunch,21,0,0,2026-06-17
Q005641,FR,Paris,coiffeur,1,0,0,2026-06-25
Q005642,FR,Lyon,karting,6,1,0,2026-06-28
Q005643,FR,Lyon,restaurant italien,2,0,0,2026-06-06
Q005644,FR,Marseille,manucure,0,0,0,2026-06-19
Q005645,FR,Paris,city tour,1,0,0,2026-06-26
Q005646,FR,Lyon,escape game,20,1,1,2026-06-26
Q005647,FR,Paris,bowling,0,0,0,2026-06-25
Q005648,FR,Paris,curs de yoga,0,0,0,2026-06-26
Q005649,FR,Lyon,karting,1,0,0,2026-06-26
Q005650,FR,Toulouse,brunch,2,0,0,2026-06-10
Q005651,FR,Paris,coiffeur,14,1,0,2026-06-25
Q005652,FR,Paris,coach sportif,13,0,0,2026-06-07
Q005653,FR,Marseille,coloration,12,1,0,2026-06-29
Q005654,FR,Paris,crêperie,1,0,0,2026-06-10
Q005655,FR,Lyon,coach sportif,9,1,0,2026-06-25
Q005656,FR,Marseille,massage thai,2,0,0,2026-06-22
Q005657,FR,Paris,extension de cils,0,0,0,2026-06-22
Q005658,FR,Marseille,gym,0,0,0,2026-06-06
Q005659,FR,Paris,karting,24,1,1,2026-06-11
Q005660,FR,Lyon,pilates,21,0,0,2026-06-19
Q005661,FR,Marseille,go karting,2,0,0,2026-06-02
Q005662,FR,Paris,restaurant ialien,2,0,0,2026-06-08
Q005663,FR,Marseille,visite guidee,23,0,0,2026-06-19
Q005664,FR,Marseille,visite guidee,31,0,0,2026-06-03
Q005665,FR,Paris,tour en helicoptere,0,0,0,2026-06-09
Q005666,FR,Paris,salle de sport,25,1,0,2026-06-26
Q005667,FR,Paris,saut en parachute,0,0,0,2026-06-06
Q005668,FR,Marseille,extension de cils,10,1,1,2026-06-02
Q005669,FR,Paris,masssage dos,0,0,0,2026-06-20
Q005670,FR,Marseille,karting,6,1,0,2026-06-22
Q005671,FR,Paris,coach sportif,1,0,0,2026-06-11
Q005672,FR,Paris,massaage dos,5,0,0,2026-06-17
Q005673,FR,Paris,restaurant italien,25,0,0,2026-06-04
Q005674,FR,Paris,visite guidee,25,1,1,2026-06-30
Q005675,FR,Marseille,cours de yoga,10,0,0,2026-06-04
Q005676,FR,Paris,vol en montgolfiere,0,0,0,2026-06-18
Q005677,FR,Paris,restaurant italien,0,0,0,2026-06-28
Q005678,FR,Paris,facial,1,0,0,2026-06-06
Q005679,FR,Marseille,extension de cils,0,0,0,2026-06-30
Q005680,FR,Paris,karting,13,1,0,2026-06-28
Q005681,FR,Paris,massage thai,0,0,0,2026-06-18
Q005682,FR,Paris,extension de cils,11,0,0,2026-06-23
Q005683,FR,Marseille,salle de sport,2,0,0,2026-06-20
Q005684,FR,Marseille,salle de sport,1,0,0,2026-06-18
Q005685,FR,Paris,crêperie,10,0,0,2026-06-01
Q005686,FR,Marseille,visite guidee,10,1,1,2026-06-04
Q005687,FR,Toulouse,escape game,2,0,0,2026-06-10
Q005688,FR,Paris,sushi,17,1,0,2026-06-19
Q005689,FR,Paris,massage dos,19,1,0,2026-06-11
Q005690,FR,Paris,sushi,7,1,0,2026-06-20
Q005691,FR,Lyon,restaurant italien,0,0,0,2026-06-27
Q005692,FR,Paris,salle de sport,4,1,0,2026-06-11
Q005693,FR,Lyon,saut en parachute,0,0,0,2026-06-22
Q005694,FR,Lyon,salle de sport,20,1,0,2026-06-04
Q005695,FR,Paris,personal trainer,1,0,0,2026-06-18
Q005696,FR,Lyon,coloration,14,0,0,2026-06-16
Q005697,FR,Marseille,burger,0,0,0,2026-06-26
Q005698,FR,Paris,pilates,21,0,0,2026-06-10
Q005699,FR,Lyon,coloration,0,0,0,2026-06-04
Q005700,FR,Paris,massage dos,1,0,0,2026-06-27
Q005701,FR,Marseille,massage thai,12,1,0,2026-06-05
Q005702,FR,Lyon,personal trainer,38,0,0,2026-06-04
Q005703,FR,Paris,soin visage,6,0,0,2026-06-04
Q005704,FR,Paris,karting,0,0,0,2026-06-08
Q005705,FR,Paris,brunch,25,0,0,2026-06-03
Q005706,FR,Toulouse,coach sportif,1,0,0,2026-06-02
Q005707,FR,Paris,karting,2,0,0,2026-06-05
Q005708,FR,Paris,sports massage,2,0,0,2026-06-29
Q005709,FR,Toulouse,massage dos,1,0,0,2026-06-06
Q005710,FR,Marseille,soin visage,1,0,0,2026-06-09
Q005711,FR,Lyon,brunch,26,0,0,2026-06-05
Q005712,FR,Marseille,crêperie,0,0,0,2026-06-19
Q005713,FR,Lyon,escaie game,8,0,0,2026-06-21
Q005714,FR,Paris,saut en parachute,0,0,0,2026-06-04
Q005715,FR,Marseille,massage dos,10,1,1,2026-06-01
Q005716,FR,Paris,crossfit,21,0,0,2026-06-12
Q005717,FR,Lyon,crêperie,1,0,0,2026-06-29
Q005718,FR,Paris,coach sportif,7,1,1,2026-06-20
Q005719,FR,Paris,soin isage,15,0,0,2026-06-30
Q005720,FR,Paris,extension de cils,2,0,0,2026-06-04
Q005721,FR,Toulouse,paintball,1,1,0,2026-06-24
Q005722,FR,Lyon,karting,0,0,0,2026-06-15
Q005723,FR,Paris,cours de yoga,12,1,0,2026-06-12
Q005724,FR,Paris,extension de cils,11,0,0,2026-06-27
Q005725,FR,Paris,tour en helicoptere,0,0,0,2026-06-16
Q005726,FR,Paris,crêpperie,15,1,1,2026-06-16
Q005727,FR,Paris,burger,0,0,0,2026-06-17
Q005728,FR,Toulouse,saut en parachute,0,0,0,2026-06-22
Q005729,FR,Marseille,massage dos,0,0,0,2026-06-01
Q005730,FR,Paris,manucure,0,0,0,2026-06-23
Q005731,FR,Marseille,cours de yoga,8,0,0,2026-06-02
Q005732,FR,Paris,pilates,1,1,0,2026-06-23
Q005733,FR,Lyon,soin visage,12,1,1,2026-06-13
Q005734,FR,Paris,brunch,1,0,0,2026-06-18
Q005735,FR,Paris,pilates,37,0,0,2026-06-07
Q005736,FR,Lyon,coiefeur,27,0,0,2026-06-15
Q005737,FR,Marseille,steak dinner,2,0,0,2026-06-03
Q005738,FR,Marseille,visite guiee,5,1,1,2026-06-05
Q005739,FR,Paris,brunch,2,0,0,2026-06-24
Q005740,FR,Marseille,sushi,6,0,0,2026-06-05
Q005741,FR,Paris,escape game,0,0,0,2026-06-07
Q005742,FR,Toulouse,coach sportif,23,1,1,2026-06-01
Q005743,FR,Paris,manucure,24,0,0,2026-06-16
Q005744,FR,Marseille,salle de sport,0,0,0,2026-06-01
Q005745,FR,Paris,go karting,0,0,0,2026-06-11
Q005746,FR,Marseille,escape game,1,0,0,2026-06-01
Q005747,FR,Paris,restaurant italien,23,1,0,2026-06-05
Q005748,FR,Paris,saut en parachute,0,0,0,2026-06-12
Q005749,FR,Paris,cours de yoga,18,1,0,2026-06-07
Q005750,FR,Paris,crêperie,16,0,0,2026-06-23
Q005751,FR,Marseille,salle de sport,11,0,0,2026-06-17
Q005752,FR,Paris,saut en parachute,0,0,0,2026-06-14
Q005753,FR,Lyon,karting,10,1,1,2026-06-01
Q005754,FR,Lyon,coach spportif,2,0,0,2026-06-07
Q005755,FR,Paris,brunch,1,0,0,2026-06-12
Q005756,FR,Paris,extension de cils,0,0,0,2026-06-17
Q005757,FR,Toulouse,burger,19,1,1,2026-06-15
Q005758,FR,Marseille,karting,23,0,0,2026-06-19
Q005759,FR,Paris,massage dos,15,1,0,2026-06-26
Q005760,FR,Toulouse,thai massage,24,0,0,2026-06-26
Q005761,FR,Paris,personal trainer,1,1,0,2026-06-11
Q005762,FR,Paris,crossfit,9,1,0,2026-06-01
Q005763,FR,Paris,cours de yoga,23,1,0,2026-06-06
Q005764,FR,Paris,susshi,13,0,0,2026-06-20
Q005765,FR,Lyon,massage sportif,11,0,0,2026-06-05
Q005766,FR,Marseille,visite guidee,12,0,0,2026-06-23
Q005767,FR,Paris,coiffeur,4,0,0,2026-06-07
Q005768,FR,Paris,visite guidee,14,0,0,2026-06-30
Q005769,FR,Marseille,massage dos,1,0,0,2026-06-07
Q005770,FR,Toulouse,soin visage,1,0,0,2026-06-29
Q005771,FR,Marseille,coiffeur,19,0,0,2026-06-22
Q005772,FR,Toulouse,saut en parachute,0,0,0,2026-06-05
Q005773,FR,Marseille,crossfit,1,0,0,2026-06-06
Q005774,FR,Lyon,coiffeur,19,0,0,2026-06-08
Q005775,FR,Marseille,massage thai,2,0,0,2026-06-02
Q005776,FR,Marseille,massage sportif,2,0,0,2026-06-04
Q005777,FR,Lyon,soin visage,34,1,0,2026-06-11
Q005778,FR,Marseille,coach sportif,2,0,0,2026-06-19
Q005779,FR,Marseille,escape game,8,0,0,2026-06-29
Q005780,FR,Lyon,back massage,2,0,0,2026-06-12
Q005781,FR,Paris,coloration,1,0,0,2026-06-17
Q005782,FR,Paris,massage dos,15,0,0,2026-06-24
Q005783,FR,Paris,crossfit,14,0,0,2026-06-03
Q005784,FR,Marseille,personal trainer,0,0,0,2026-06-07
Q005785,FR,Marseille,pilates,15,0,0,2026-06-16
Q005786,FR,Paris,saut en parachute,0,0,0,2026-06-22
Q005787,FR,Paris,coiffeur,17,0,0,2026-06-15
Q005788,FR,Paris,coach sportif,1,0,0,2026-06-30
Q005789,FR,Toulouse,massage thai,8,0,0,2026-06-05
Q005790,FR,Paris,sushi,26,0,0,2026-06-15
Q005791,FR,Toulouse,thai massage,0,0,0,2026-06-24
Q005792,FR,Lyon,soin visege,19,0,0,2026-06-29
Q005793,FR,Toulouse,tour en helicoptere,0,0,0,2026-06-17
Q005794,FR,Toulouse,massage duo,18,0,0,2026-06-30
Q005795,FR,Paris,tour en helicoptere,0,0,0,2026-06-23
Q005796,FR,Paris,manuure,11,0,0,2026-06-30
Q005797,FR,Paris,crossfit,5,0,0,2026-06-28
Q005798,FR,Paris,escape game,2,0,0,2026-06-13
Q005799,FR,Toulouse,extension de cils,23,1,0,2026-06-24
Q005800,FR,Toulouse,escape game,1,0,0,2026-06-10
Q005801,FR,Paris,extension de cils,24,0,0,2026-06-08
Q005802,FR,Lyon,tour en helicoptere,0,0,0,2026-06-11
Q005803,FR,Toulouse,pilates,0,0,0,2026-06-25
Q005804,FR,Paris,massage sportif,2,0,0,2026-06-28
Q005805,FR,Lyon,pilates,12,0,0,2026-06-27
Q005806,FR,Toulouse,vol en montgolfiere,0,0,0,2026-06-02
Q005807,FR,Lyon,escape game,5,1,1,2026-06-04
Q005808,FR,Lyon,massage duo,13,0,0,2026-06-12
Q005809,FR,Toulouse,bunch,18,0,0,2026-06-11
Q005810,FR,Marseille,karting,1,0,0,2026-06-26
Q005811,FR,Lyon,coloration,4,1,0,2026-06-27
Q005812,FR,Lyon,crossfit,1,0,0,2026-06-21
Q005813,FR,Lyon,sushi,0,0,0,2026-06-25
Q005814,FR,Paris,couples massage,2,0,0,2026-06-24
Q005815,FR,Paris,massage duo,2,0,0,2026-06-21
Q005816,FR,Paris,sports massage,28,1,0,2026-06-04
Q005817,FR,Marseille,crêperie,0,0,0,2026-06-29
Q005818,FR,Lyon,soin visage,0,0,0,2026-06-10
Q005819,FR,Toulouse,manucure,1,0,0,2026-06-13
Q005820,FR,Lyon,massage dos,1,0,0,2026-06-13
Q005821,FR,Lyon,manucure,1,0,0,2026-06-23
Q005822,FR,Marseille,vol en montgolfiere,0,0,0,2026-06-03
Q005823,FR,Lyon,massage duo,4,0,0,2026-06-07
Q005824,FR,Paris,manucure,23,1,0,2026-06-07
Q005825,FR,Paris,saut en parachute,0,0,0,2026-06-18
Q005826,FR,Lyon,pilates,6,0,0,2026-06-13
Q005827,FR,Toulouse,vol en montgolfiere,0,0,0,2026-06-29
Q005828,FR,Paris,saut en parachute,0,0,0,2026-06-10
Q005829,FR,Lyon,brunch,28,1,0,2026-06-30
Q005830,FR,Lyon,coloration,1,0,0,2026-06-18
Q005831,FR,Toulouse,coiffeur,32,0,0,2026-06-25
Q005832,FR,Paris,tour en helicoptere,0,0,0,2026-06-20
Q005833,FR,Paris,rafting,0,0,0,2026-06-11
Q005834,FR,Toulouse,rafting,0,0,0,2026-06-20
Q005835,FR,Toulouse,brunch,9,0,0,2026-06-07
Q005836,FR,Paris,cours de yoga,2,0,0,2026-06-29
Q005837,FR,Paris,rafting,0,0,0,2026-06-16
Q005838,FR,Paris,tour en helicoptere,0,0,0,2026-06-28
Q005839,FR,Toulouse,pilates,11,1,1,2026-06-14
Q005840,FR,Paris,massage dos,26,0,0,2026-06-05
Q005841,FR,Marseille,burgeer,1,0,0,2026-06-19
Q005842,FR,Marseille,escape room,1,0,0,2026-06-08
Q005843,FR,Paris,restaurant italien,21,1,1,2026-06-18
Q005844,FR,Toulouse,vol en montgolfiere,0,0,0,2026-06-08
Q005845,FR,Lyon,sushi,1,0,0,2026-06-28
Q005846,FR,Paris,gym,0,0,0,2026-06-16
Q005847,FR,Marseille,coloration,0,0,0,2026-06-18
Q005848,FR,Paris,burger,2,1,0,2026-06-27
Q005849,FR,Paris,coloration,7,0,0,2026-06-15
Q005850,FR,Lyon,crossfit,0,0,0,2026-06-06
Q005851,FR,Paris,bowling,14,0,0,2026-06-26
Q005852,FR,Paris,bowling,24,0,0,2026-06-06
Q005853,FR,Lyon,rafting,0,0,0,2026-06-06
Q005854,FR,Paris,visite guidee,2,0,0,2026-06-18
Q005855,FR,Marseille,rafting,0,0,0,2026-06-04
Q005856,FR,Lyon,pilates,22,1,1,2026-06-03
Q005857,FR,Paris,sushi,25,0,0,2026-06-15
Q005858,FR,Lyon,crêperie,0,0,0,2026-06-02
Q005859,FR,Paris,massage sportif,0,0,0,2026-06-02
Q005860,FR,Toulouse,coiffeur,29,1,0,2026-06-25
Q005861,FR,Marseille,massage do,0,0,0,2026-06-27
Q005862,FR,Lyon,escape game,1,0,0,2026-06-12
Q005863,FR,Lyon,escape game,0,0,0,2026-06-26
Q005864,FR,Paris,brunch,15,1,0,2026-06-01
Q005865,FR,Paris,vol en montgolfiere,0,0,0,2026-06-15
Q005866,FR,Paris,personal trainer,12,1,0,2026-06-23
Q005867,FR,Paris,coloration,36,1,0,2026-06-12
Q005868,FR,Paris,saut en parachute,0,0,0,2026-06-29
Q005869,FR,Paris,massage duo,9,0,0,2026-06-12
Q005870,FR,Paris,rafting,0,0,0,2026-06-19
Q005871,FR,Lyon,rafting,0,0,0,2026-06-25
Q005872,FR,Paris,crêperie,21,0,0,2026-06-18
Q005873,FR,Paris,massage sportif,19,1,0,2026-06-28
Q005874,FR,Marseille,massage duo,5,1,0,2026-06-20
Q005875,FR,Marseille,saut en paraciute,0,0,0,2026-06-18
Q005876,FR,Paris,soin visage,19,0,0,2026-06-27
Q005877,FR,Toulouse,soin visage,37,0,0,2026-06-15
Q005878,FR,Lyon,tour en helicoptere,0,0,0,2026-06-05
Q005879,FR,Paris,pilates,18,1,1,2026-06-26
Q005880,FR,Toulouse,rafting,0,0,0,2026-06-18
Q005881,FR,Lyon,coloration,24,1,1,2026-06-15
Q005882,FR,Paris,soin visage,7,1,0,2026-06-05
Q005883,FR,Paris,massage thai,4,0,0,2026-06-23
Q005884,FR,Paris,massage sportiif,4,0,0,2026-06-12
Q005885,FR,Paris,massage duo,26,0,0,2026-06-28
Q005886,FR,Marseille,manucure,0,0,0,2026-06-12
Q005887,FR,Paris,extension de cils,0,0,0,2026-06-23
Q005888,FR,Lyon,extension de cils,14,1,0,2026-06-05
Q005889,FR,Paris,coloration,1,0,0,2026-06-19
Q005890,FR,Paris,extension de cils,1,0,0,2026-06-08
Q005891,FR,Paris,extension de cils,14,0,0,2026-06-04
Q005892,FR,Lyon,plates,17,1,0,2026-06-13
Q005893,FR,Paris,sushi,20,1,1,2026-06-05
Q005894,FR,Marseille,salle de sport,5,1,0,2026-06-24
Q005895,FR,Paris,rafting,0,0,0,2026-06-02
Q005896,FR,Marseille,massage thai,0,0,0,2026-06-17
Q005897,FR,Marseille,sushi,18,1,1,2026-06-18
Q005898,FR,Paris,massage dos,2,0,0,2026-06-09
Q005899,FR,Toulouse,soin visage,0,0,0,2026-06-17
Q005900,FR,Paris,son visage,40,0,0,2026-06-11
Q005901,FR,Paris,karting,8,0,0,2026-06-30
Q005902,FR,Toulouse,tour en helicoptere,0,0,0,2026-06-14
Q005903,FR,Paris,brunch,6,1,0,2026-06-09
Q005904,FR,Lyon,soin visage,0,0,0,2026-06-15
Q005905,FR,Lyon,escape game,1,0,0,2026-06-30
Q005906,FR,Paris,burger,0,0,0,2026-06-01
Q005907,FR,Paris,massage thai,4,1,0,2026-06-25
Q005908,FR,Marseille,salle de sport,28,1,1,2026-06-16
Q005909,FR,Paris,rafting,0,0,0,2026-06-15
Q005910,FR,Lyon,brunch,9,0,0,2026-06-27
Q005911,FR,Paris,visite guidee,18,1,0,2026-06-29
Q005912,FR,Marseille,tour en helicoptere,0,0,0,2026-06-21
Q005913,FR,Lyon,burger,14,1,0,2026-06-21
Q005914,FR,Marseille,soiin visage,2,0,0,2026-06-26
Q005915,FR,Paris,massage thai,1,0,0,2026-06-30
Q005916,FR,Marseille,rafting,0,0,0,2026-06-20
Q005917,FR,Paris,paintball,22,1,0,2026-06-04
Q005918,FR,Lyon,bowling,25,0,0,2026-06-23
Q005919,FR,Toulouse,rafting,0,0,0,2026-06-16
Q005920,FR,Marseille,vol en montgolfiere,0,0,0,2026-06-02
Q005921,FR,Paris,escape game,12,1,0,2026-06-27
Q005922,FR,Toulouse,brunch,16,1,1,2026-06-02
Q005923,FR,Paris,vol en montgolfiere,0,0,0,2026-06-01
Q005924,FR,Toulouse,manicure,0,0,0,2026-06-01
Q005925,FR,Paris,pilates,25,1,0,2026-06-16
Q005926,FR,Paris,soin visage,19,0,0,2026-06-13
Q005927,FR,Lyon,crossfit,34,0,0,2026-06-03
Q005928,FR,Toulouse,mssage thai,1,0,0,2026-06-09
Q005929,FR,Paris,rafting,0,0,0,2026-06-21
Q005930,FR,Marseille,haircut,0,0,0,2026-06-27
Q005931,FR,Paris,crossfit,18,1,0,2026-06-05
Q005932,FR,Paris,coloation,1,0,0,2026-06-16
Q005933,FR,Toulouse,pilates,8,1,1,2026-06-30
Q005934,FR,Paris,saut en parachute,0,0,0,2026-06-11
Q005935,FR,Marseille,massage thai,2,0,0,2026-06-25
Q005936,FR,Paris,back massage,0,0,0,2026-06-18
Q005937,FR,Toulouse,pantball,24,1,0,2026-06-16
Q005938,FR,Marseille,crossfit,2,0,0,2026-06-13
Q005939,FR,Paris,sushhi,16,0,0,2026-06-08
Q005940,FR,Toulouse,burger,25,1,0,2026-06-02
Q005941,FR,Paris,bowling,7,1,0,2026-06-26
Q005942,FR,Paris,escape game,0,0,0,2026-06-09
Q005943,FR,Paris,coach sportif,2,0,0,2026-06-09
Q005944,FR,Lyon,paintball,1,0,0,2026-06-09
Q005945,FR,Toulouse,massage thai,1,0,0,2026-06-03
Q005946,FR,Paris,rafting,0,0,0,2026-06-29
Q005947,FR,Marseille,pilates,1,0,0,2026-06-03
Q005948,FR,Paris,brunch,1,0,0,2026-06-09
Q005949,FR,Paris,coloration,0,0,0,2026-06-17
Q005950,FR,Marseille,restaurant italien,17,0,0,2026-06-06
Q005951,FR,Marseille,salle de sport,1,0,0,2026-06-28
Q005952,FR,Paris,coiffeur,18,0,0,2026-06-29
Q005953,FR,Paris,bowling,10,1,0,2026-06-06
Q005954,FR,Lyon,paintball,0,0,0,2026-06-07
Q005955,FR,Paris,coiffeur,12,1,1,2026-06-02
Q005956,FR,Marseille,massage sportif,21,0,0,2026-06-09
Q005957,FR,Paris,coloration,14,0,0,2026-06-25
Q005958,FR,Paris,cours de yoga,1,0,0,2026-06-18
Q005959,FR,Paris,vol en montgolfiere,0,0,0,2026-06-17
Q005960,FR,Toulouse,massage dos,25,0,0,2026-06-28
Q005961,FR,Marseille,visite guidee,8,1,0,2026-06-28
Q005962,FR,Lyon,manucure,0,0,0,2026-06-30
Q005963,FR,Paris,coloration,9,0,0,2026-06-21
Q005964,FR,Marseille,brunch,0,0,0,2026-06-05
Q005965,FR,Toulouse,city tour,2,0,0,2026-06-04
Q005966,FR,Marseille,coach sportif,23,1,0,2026-06-29
Q005967,FR,Paris,massaage thai,15,0,0,2026-06-23
Q005968,FR,Paris,soin visage,0,0,0,2026-06-16
Q005969,FR,Paris,soin visage,14,1,0,2026-06-04
Q005970,FR,Marseille,karting,2,1,0,2026-06-20
Q005971,FR,Paris,soin visage,19,0,0,2026-06-02
Q005972,FR,Lyon,brunch,14,1,0,2026-06-05
Q005973,FR,Marseille,massage duo,36,0,0,2026-06-04
Q005974,FR,Paris,saut en parachute,0,0,0,2026-06-24
Q005975,FR,Lyon,massage thai,7,0,0,2026-06-25
Q005976,FR,Paris,cours de yoga,18,0,0,2026-06-12
Q005977,FR,Toulouse,soin visage,17,1,0,2026-06-05
Q005978,FR,Toulouse,personal trainer,2,0,0,2026-06-12
Q005979,FR,Toulouse,massage sportif,1,0,0,2026-06-13
Q005980,FR,Paris,salle de sport,18,0,0,2026-06-06
Q005981,FR,Lyon,pilates,13,0,0,2026-06-10
Q005982,FR,Paris,salle de port,13,0,0,2026-06-22
Q005983,FR,Paris,paintball,12,0,0,2026-06-26
Q005984,FR,Paris,restaurant italien,30,1,0,2026-06-15
Q005985,FR,Lyon,restaurant italien,20,1,0,2026-06-08
Q005986,FR,Paris,soin visage,24,1,0,2026-06-21
Q005987,FR,Marseille,massage dos,27,0,0,2026-06-28
Q005988,FR,Marseille,escape game,8,1,0,2026-06-02
Q005989,FR,Lyon,coloration,17,0,0,2026-06-11
Q005990,FR,Paris,massage sportif,13,0,0,2026-06-17
Q005991,FR,Paris,coiffeur,18,1,0,2026-06-18
Q005992,FR,Lyon,rafting,0,0,0,2026-06-16
Q005993,FR,Lyon,cours de yoga,18,0,0,2026-06-14
Q005994,FR,Paris,bowling,23,1,0,2026-06-17
Q005995,FR,Marseille,coloration,1,0,0,2026-06-01
Q005996,FR,Paris,tour en helicoptere,0,0,0,2026-06-03
Q005997,FR,Lyon,extension de cels,0,0,0,2026-06-24
Q005998,FR,Paris,massage sportif,34,0,0,2026-06-29
Q005999,FR,Paris,karting,11,0,0,2026-06-24
Q006000,FR,Paris,crossfit,35,1,0,2026-06-06
Q006001,FR,Marseille,vol en montgolfiere,0,0,0,2026-06-24
Q006002,FR,Paris,pieates,7,1,0,2026-06-18
Q006003,FR,Toulouse,saut en parachute,0,0,0,2026-06-25
Q006004,FR,Marseille,crêperie,5,1,0,2026-06-08
Q006005,FR,Lyon,paintball,1,1,0,2026-06-30
Q006006,FR,Toulouse,extension de cils,40,0,0,2026-06-01
Q006007,FR,Paris,salle d sport,15,1,1,2026-06-19
Q006008,FR,Lyon,brunch,0,0,0,2026-06-02
Q006009,FR,Paris,restaurant italien,20,1,0,2026-06-05
Q006010,FR,Toulouse,crêperie,0,0,0,2026-06-05
Q006011,FR,Paris,escape ame,17,0,0,2026-06-27
Q006012,FR,Lyon,vol en montgolfiere,0,0,0,2026-06-18
Q006013,FR,Lyon,tour en helicoptere,0,0,0,2026-06-23
Q006014,FR,Lyon,coach sportif,22,0,0,2026-06-27
Q006015,FR,Lyon,massage dos,4,1,0,2026-06-28
Q006016,FR,Paris,visite guidee,18,0,0,2026-06-12
Q006017,FR,Paris,massage sportif,5,1,0,2026-06-15
Q006018,FR,Toulouse,escape game,2,0,0,2026-06-21
Q006019,FR,Paris,massage duo,2,0,0,2026-06-23
Q006020,FR,Paris,soin visage,12,1,0,2026-06-12
Q006021,FR,Paris,massage duo,22,0,0,2026-06-12
Q006022,FR,Marseille,tour en helicoptere,0,0,0,2026-06-05
Q006023,FR,Paris,sushi,19,1,0,2026-06-14
Q006024,FR,Paris,cours de yoga,4,0,0,2026-06-18
Q006025,FR,Lyon,visite guidee,14,0,0,2026-06-16
Q006026,FR,Paris,extension de cils,23,1,0,2026-06-23
Q006027,FR,Paris,karting,2,1,0,2026-06-23
Q006028,FR,Paris,visite guidee,2,0,0,2026-06-08
Q006029,FR,Paris,crossfit,0,0,0,2026-06-28
Q006030,FR,Paris,extension de cils,30,1,0,2026-06-11
Q006031,FR,Marseille,pilates,23,1,1,2026-06-10
Q006032,FR,Paris,saut en parachute,0,0,0,2026-06-07
Q006033,FR,Marseille,vol en montgolfiere,0,0,0,2026-06-20
Q006034,FR,Paris,massage sportif,0,0,0,2026-06-19
Q006035,FR,Paris,soin visage,26,0,0,2026-06-05
Q006036,FR,Lyon,coach sportif,2,0,0,2026-06-23
Q006037,FR,Paris,coach sportif,13,1,0,2026-06-05
Q006038,FR,Paris,crossfit,25,1,0,2026-06-17
Q006039,FR,Paris,rafting,0,0,0,2026-06-26
Q006040,FR,Marseille,brunch,0,0,0,2026-06-30
Q006041,FR,Paris,coiffeur,12,0,0,2026-06-06
Q006042,FR,Paris,karting,7,1,0,2026-06-23
Q006043,FR,Toulouse,eyelash extensions,33,0,0,2026-06-03
Q006044,FR,Marseille,volen montgolfiere,0,0,0,2026-06-14
Q006045,FR,Paris,vol en montgolfiere,0,0,0,2026-06-12
Q006046,FR,Marseille,escape game,18,0,0,2026-06-25
Q006047,FR,Paris,bowling,12,0,0,2026-06-23
Q006048,FR,Lyon,coiffeur,7,0,0,2026-06-30
Q006049,FR,Paris,coiffeur,8,1,0,2026-06-03
Q006050,FR,Lyon,burger,1,0,0,2026-06-03
Q006051,FR,Paris,yoga class,1,1,0,2026-06-03
Q006052,FR,Paris,massage sportif,4,0,0,2026-06-07
Q006053,FR,Paris,visite guidee,0,0,0,2026-06-03
Q006054,FR,Lyon,massagge sportif,22,0,0,2026-06-03
Q006055,FR,Lyon,escape game,5,0,0,2026-06-30
Q006056,FR,Paris,massage dos,21,1,1,2026-06-11
Q006057,FR,Lyon,massage duo,2,0,0,2026-06-04
Q006058,FR,Toulouse,rafting,0,0,0,2026-06-10
Q006059,FR,Marseille,cours de  yoga,19,1,1,2026-06-02
Q006060,FR,Paris,karting,20,1,0,2026-06-21
Q006061,FR,Paris,saut en parachute,0,0,0,2026-06-13
Q006062,FR,Paris,tour en helicoptere,0,0,0,2026-06-18
Q006063,FR,Lyon,vol en montgolfiere,0,0,0,2026-06-30
Q006064,FR,Paris,crossfit,33,0,0,2026-06-06
Q006065,FR,Paris,paintball,20,1,0,2026-06-15
Q006066,FR,Lyon,manicure,1,0,0,2026-06-12
Q006067,FR,Paris,rafting,0,0,0,2026-06-21
Q006068,FR,Paris,massagee duo,11,0,0,2026-06-14
Q006069,FR,Paris,personal trainer,18,0,0,2026-06-29
Q006070,FR,Lyon,visite guidee,1,0,0,2026-06-02
Q006071,FR,Marseille,soin visage,32,0,0,2026-06-18
Q006072,FR,Paris,massage siortif,14,1,0,2026-06-10
Q006073,FR,Marseille,bowling,0,0,0,2026-06-18
Q006074,FR,Paris,pizza deal,2,0,0,2026-06-03
Q006075,FR,Marseille,burger,2,0,0,2026-06-16
Q006076,FR,Lyon,sushi,24,1,1,2026-06-15
Q006077,FR,Lyon,escape room,1,0,0,2026-06-19
Q006078,FR,Lyon,coiffeur,0,0,0,2026-06-03
Q006079,FR,Paris,bowling,0,0,0,2026-06-08
Q006080,FR,Paris,paintball,1,0,0,2026-06-12
Q006081,FR,Paris,tour en helicoptere,0,0,0,2026-06-21
Q006082,FR,Paris,cours de yoga,22,1,0,2026-06-27
Q006083,FR,Paris,coiffeur,17,1,1,2026-06-28
Q006084,ES,Sevilla,vuelo en helicoptero,0,0,0,2026-06-14
Q006085,ES,Madrid,brunch,20,1,1,2026-06-09
Q006086,ES,Madrid,tour ciudad,4,1,0,2026-06-20
Q006087,ES,Madrid,limpieza facial,2,0,0,2026-06-25
Q006088,ES,Valencia,crossfit,4,1,0,2026-06-01
Q006089,ES,Barcelona,crossfit,1,0,0,2026-06-29
Q006090,ES,Madrid,entrnador personal,0,0,0,2026-06-14
Q006091,ES,Barcelona,gimnasio,11,1,0,2026-06-10
Q006092,ES,Sevilla,paintball,13,0,0,2026-06-21
Q006093,ES,Barcelona,masaje espalda,12,1,1,2026-06-10
Q006094,ES,Valencia,pilates,1,0,0,2026-06-22
Q006095,ES,Madrid,clase de yoga,12,0,0,2026-06-09
Q006096,ES,Sevilla,paintball,1,0,0,2026-06-09
Q006097,ES,Madrid,brunch,16,0,0,2026-06-12
Q006098,ES,Barcelona,masaje descontracturante,2,0,0,2026-06-21
Q006099,ES,Madrid,hamburguesa,37,0,0,2026-06-12
Q006100,ES,Madrid,masaje espalda,14,0,0,2026-06-10
Q006101,ES,Sevilla,tapas,1,0,0,2026-06-02
Q006102,ES,Madrid,rafting,0,0,0,2026-06-01
Q006103,ES,Sevilla,escape room,7,1,0,2026-06-25
Q006104,ES,Madrid,gimnasio,21,1,1,2026-06-04
Q006105,ES,Barcelona,pilates,2,0,0,2026-06-04
Q006106,ES,Barcelona,manicura,0,0,0,2026-06-29
Q006107,ES,Barcelona,entrenador personal,4,1,0,2026-06-23
Q006108,ES,Valencia,masaje descontracturante,11,0,0,2026-06-14
Q006109,ES,Sevilla,karting,0,0,0,2026-06-12
Q006110,ES,Barcelona,manicuura,0,0,0,2026-06-16
Q006111,ES,Madrid,peluqueria,6,0,0,2026-06-29
Q006112,ES,Valencia,masaje descontracturante,13,1,0,2026-06-07
Q006113,ES,Madrid,pilates,22,0,0,2026-06-27
Q006114,ES,Barcelona,crossfit,2,0,0,2026-06-19
Q006115,ES,Sevilla,paracaidismo,0,0,0,2026-06-24
Q006116,ES,Madrid,clase de yoga,0,0,0,2026-06-15
Q006117,ES,Madrid,clase de yoga,17,1,0,2026-06-03
Q006118,ES,Barcelona,peluqueria,32,0,0,2026-06-26
Q006119,ES,Barcelona,arrocerea,0,0,0,2026-06-30
Q006120,ES,Barcelona,vuelo en helicoptero,0,0,0,2026-06-15
Q006121,ES,Sevilla,vuelo en helicoptero,0,0,0,2026-06-27
Q006122,ES,Barcelona,gimnasio,10,0,0,2026-06-01
Q006123,ES,Madrid,brunch,2,0,0,2026-06-07
Q006124,ES,Sevilla,crossfiit,2,0,0,2026-06-26
Q006125,ES,Barcelona,limpieza facial,33,0,0,2026-06-05
Q006126,ES,Madrid,sushi,0,0,0,2026-06-24
Q006127,ES,Madrid,manicura,1,0,0,2026-06-14
Q006128,ES,Valencia,vuelo en helicoptero,0,0,0,2026-06-09
Q006129,ES,Sevilla,paintball,14,0,0,2026-06-16
Q006130,ES,Madrid,extensiones pestañas,1,0,0,2026-06-23
Q006131,ES,Madrid,tour ciudad,9,0,0,2026-06-21
Q006132,ES,Madrid,gimnasio,18,1,1,2026-06-10
Q006133,ES,Valencia,back massage,30,1,0,2026-06-12
Q006134,ES,Madrid,paintball,23,1,0,2026-06-14
Q006135,ES,Madrid,raftng,0,0,0,2026-06-18
Q006136,ES,Valencia,limpieza facial,1,0,0,2026-06-11
Q006137,ES,Madrid,vuelo en helicoptero,0,0,0,2026-06-04
Q006138,ES,Sevilla,tinte pelo,1,0,0,2026-06-03
Q006139,ES,Valencia,yoga class,1,0,0,2026-06-19
Q006140,ES,Madrid,tinte pelo,0,0,0,2026-06-12
Q006141,ES,Madrid,clase de yoga,22,1,0,2026-06-02
Q006142,ES,Madrid,limpieza facial,6,1,1,2026-06-21
Q006143,ES,Valencia,karting,0,0,0,2026-06-11
Q006144,ES,Madrid,paracaidismo,0,0,0,2026-06-09
Q006145,ES,Valencia,crossfit,0,0,0,2026-06-02
Q006146,ES,Valencia,vuelo en helicoptero,0,0,0,2026-06-17
Q006147,ES,Barcelona,escape room,13,0,0,2026-06-02
Q006148,ES,Madrid,masaje en pareja,2,0,0,2026-06-23
Q006149,ES,Valencia,crssfit,18,1,1,2026-06-11
Q006150,ES,Madrid,rafting,0,0,0,2026-06-06
Q006151,ES,Madrid,paseo en globo,0,0,0,2026-06-24
Q006152,ES,Madrid,peluqueria,1,0,0,2026-06-10
Q006153,ES,Madrid,arroceria,9,0,0,2026-06-25
Q006154,ES,Valencia,extensiones pestañas,2,1,0,2026-06-19
Q006155,ES,Valencia,escape room,2,0,0,2026-06-18
Q006156,ES,Barcelona,masaje en pareja,4,1,1,2026-06-21
Q006157,ES,Barcelona,tinte pelo,37,0,0,2026-06-21
Q006158,ES,Valencia,extensiones pestañas,9,0,0,2026-06-15
Q006159,ES,Madrid,bolera,18,1,0,2026-06-29
Q006160,ES,Madrid,manicura,2,1,0,2026-06-17
Q006161,ES,Sevilla,masaje esoalda,24,0,0,2026-06-16
Q006162,ES,Valencia,bolera,2,0,0,2026-06-17
Q006163,ES,Valencia,arroceria,0,0,0,2026-06-14
Q006164,ES,Barcelona,limpieza facial,0,0,0,2026-06-29
Q006165,ES,Madrid,masaje descontracturante,4,0,0,2026-06-17
Q006166,ES,Madrid,paracaidismo,0,0,0,2026-06-04
Q006167,ES,Madrid,vuelo en helicoptero,0,0,0,2026-06-07
Q006168,ES,Madrid,tinte pelo,24,1,0,2026-06-23
Q006169,ES,Barcelona,entrenador personal,8,1,1,2026-06-12
Q006170,ES,Valencia,rafting,0,0,0,2026-06-08
Q006171,ES,Barcelona,extensiones pestañas,25,1,0,2026-06-16
Q006172,ES,Sevilla,paracaidismo,0,0,0,2026-06-06
Q006173,ES,Valencia,vuelo en helicoptero,0,0,0,2026-06-01
Q006174,ES,Madrid,masaje espalda,31,0,0,2026-06-25
Q006175,ES,Madrid,paintball,8,1,0,2026-06-07
Q006176,ES,Sevilla,rafting,0,0,0,2026-06-04
Q006177,ES,Barcelona,masaje descontracturante,14,1,0,2026-06-22
Q006178,ES,Valencia,brunch,0,0,0,2026-06-03
Q006179,ES,Madrid,peluqueria,14,0,0,2026-06-13
Q006180,ES,Madrid,entrenador personal,11,1,0,2026-06-25
Q006181,ES,Madrid,tinte pelo,0,0,0,2026-06-22
Q006182,ES,Madrid,clase de yoga,15,1,0,2026-06-18
Q006183,ES,Valencia,clase de yoga,0,0,0,2026-06-01
Q006184,ES,Madrid,tour ciudad,6,1,0,2026-06-17
Q006185,ES,Madrid,masaje espalda,5,1,0,2026-06-16
Q006186,ES,Sevilla,karting,1,1,0,2026-06-27
Q006187,ES,Madrid,vuelo en helicoptero,0,0,0,2026-06-03
Q006188,ES,Madrid,sushi,1,0,0,2026-06-01
Q006189,ES,Valencia,masaje espalda,24,0,0,2026-06-14
Q006190,ES,Madrid,sushi,2,1,0,2026-06-20
Q006191,ES,Madrid,tour ciudad,4,0,0,2026-06-24
Q006192,ES,Madrid,vuelo en helicoptero,0,0,0,2026-06-01
Q006193,ES,Barcelona,masaje tailandes,10,1,0,2026-06-10
Q006194,ES,Madrid,limpieza facial,5,1,0,2026-06-21
Q006195,ES,Valencia,masaje descontracturante,1,0,0,2026-06-26
Q006196,ES,Madrid,peluqueria,12,1,0,2026-06-10
Q006197,ES,Barcelona,extensiones pestañas,8,1,1,2026-06-30
Q006198,ES,Barcelona,sushi,9,1,0,2026-06-28
Q006199,ES,Madrid,vuelo en helicoptero,0,0,0,2026-06-15
Q006200,ES,Barcelona,manicura,12,0,0,2026-06-21
Q006201,ES,Sevilla,rafting,0,0,0,2026-06-20
Q006202,ES,Valencia,gimnasio,24,0,0,2026-06-14
Q006203,ES,Madrid,pilates,1,0,0,2026-06-25
Q006204,ES,Valencia,clase de yoga,16,1,0,2026-06-19
Q006205,ES,Madrid,extensiones pestañas,25,1,1,2026-06-13
Q006206,ES,Madrid,pilates,1,1,1,2026-06-04
Q006207,ES,Barcelona,clase de yoga,24,0,0,2026-06-06
Q006208,ES,Madrid,sushi,11,1,0,2026-06-12
Q006209,ES,Valencia,rafting,0,0,0,2026-06-28
Q006210,ES,Sevilla,crossfit,25,0,0,2026-06-13
Q006211,ES,Valencia,paintball,20,0,0,2026-06-08
Q006212,ES,Madrid,peluqueria,4,0,0,2026-06-25
Q006213,ES,Madrid,vuelo en helicoptero,0,0,0,2026-06-13
Q006214,ES,Barcelona,rafting,0,0,0,2026-06-26
Q006215,ES,Madrid,arroceria,0,0,0,2026-06-20
Q006216,ES,Madrid,brunch,21,1,0,2026-06-08
Q006217,ES,Madrid,rafting,0,0,0,2026-06-04
Q006218,ES,Madrid,arroceria,21,1,0,2026-06-19
Q006219,ES,Barcelona,masaje tailandes,8,1,0,2026-06-29
Q006220,ES,Barcelona,vuelo en helicoptero,0,0,0,2026-06-08
Q006221,ES,Barcelona,tour ciudad,2,0,0,2026-06-03
Q006222,ES,Madrid,escapee room,12,1,0,2026-06-01
Q006223,ES,Barcelona,masaje tailandes,6,1,1,2026-06-22
Q006224,ES,Madrid,gimnasio,13,0,0,2026-06-24
Q006225,ES,Madrid,gimnasio,1,0,0,2026-06-26
Q006226,ES,Barcelona,extensiones pestañas,2,0,0,2026-06-22
Q006227,ES,Valencia,rafting,0,0,0,2026-06-08
Q006228,ES,Madrid,clase de yoga,29,0,0,2026-06-25
Q006229,ES,Barcelona,clase de yoga,16,0,0,2026-06-14
Q006230,ES,Madrid,sushi,0,0,0,2026-06-01
Q006231,ES,Madrid,paseo en globo,0,0,0,2026-06-15
Q006232,ES,Madrid,paracaidismo,0,0,0,2026-06-27
Q006233,ES,Barcelona,sushi,17,1,0,2026-06-24
Q006234,ES,Madrid,clase de yoga,0,0,0,2026-06-25
Q006235,ES,Sevilla,clase de yoga,4,0,0,2026-06-07
Q006236,ES,Madrid,arroceria,1,0,0,2026-06-02
Q006237,ES,Madrid,sushi,16,0,0,2026-06-25
Q006238,ES,Madrid,kartinng,5,0,0,2026-06-09
Q006239,ES,Madrid,arroceria,0,0,0,2026-06-03
Q006240,ES,Barcelona,deep tissue massage,0,0,0,2026-06-04
Q006241,ES,Madrid,paseo en globo,0,0,0,2026-06-02
Q006242,ES,Sevilla,paintball,1,0,0,2026-06-29
Q006243,ES,Sevilla,masaje descontracturante,10,1,1,2026-06-22
Q006244,ES,Barcelona,tintee pelo,0,0,0,2026-06-02
Q006245,ES,Madrid,entrenador personal,13,1,0,2026-06-28
Q006246,ES,Madrid,paintball,31,0,0,2026-06-19
Q006247,ES,Valencia,paseo en globo,0,0,0,2026-06-12
Q006248,ES,Madrid,clase de yoga,12,0,0,2026-06-22
Q006249,ES,Madrid,clase de yoga,12,1,0,2026-06-07
Q006250,ES,Barcelona,sushi,33,1,0,2026-06-30
Q006251,ES,Barcelona,rafting,0,0,0,2026-06-11
Q006252,ES,Valencia,bolera,10,1,0,2026-06-23
Q006253,ES,Barcelona,limpieza facial,25,1,1,2026-06-23
Q006254,ES,Sevilla,clase de yoga,2,0,0,2026-06-17
Q006255,ES,Madrid,peluqueria,6,1,0,2026-06-23
Q006256,ES,Sevilla,vuelo en helicoptero,0,0,0,2026-06-20
Q006257,ES,Valencia,paracaidismo,0,0,0,2026-06-30
Q006258,ES,Valencia,limpieza facial,1,0,0,2026-06-25
Q006259,ES,Barcelona,arroceria,7,1,0,2026-06-30
Q006260,ES,Barcelona,peluqueria,22,0,0,2026-06-12
Q006261,ES,Madrid,paseo en globo,0,0,0,2026-06-08
Q006262,ES,Barcelona,hair colour,1,0,0,2026-06-06
Q006263,ES,Madrid,hamburguesa,1,0,0,2026-06-22
Q006264,ES,Valencia,arroceria,1,0,0,2026-06-28
Q006265,ES,Madrid,crossfit,13,1,0,2026-06-08
Q006266,ES,Valencia,arroceria,29,0,0,2026-06-21
Q006267,ES,Barcelona,paintball,2,0,0,2026-06-13
Q006268,ES,Madrid,rafting,0,0,0,2026-06-02
Q006269,ES,Madrid,hamburguesa,1,0,0,2026-06-21
Q006270,ES,Madrid,personal trainer,19,1,0,2026-06-01
Q006271,ES,Madrid,peluqueria,24,0,0,2026-06-18
Q006272,ES,Madrid,tour ciudad,6,0,0,2026-06-06
Q006273,ES,Sevilla,pilates,5,1,1,2026-06-18
Q006274,ES,Barcelona,city tour,2,0,0,2026-06-12
Q006275,ES,Madrid,entrenador personal,0,0,0,2026-06-10
Q006276,ES,Barcelona,karting,0,0,0,2026-06-24
Q006277,ES,Sevilla,escape room,20,0,0,2026-06-02
Q006278,ES,Madrid,rafting,0,0,0,2026-06-06
Q006279,ES,Madrid,masaje en pareja,19,1,1,2026-06-10
Q006280,ES,Valencia,limpieeza facial,13,1,0,2026-06-13
Q006281,ES,Madrid,gimnasio,19,0,0,2026-06-29
Q006282,ES,Sevilla,gimnasio,16,1,0,2026-06-26
Q006283,ES,Madrid,masaje en pareja,6,0,0,2026-06-15
Q006284,ES,Madrid,crossfit,0,0,0,2026-06-22
Q006285,ES,Barcelona,entrenador personal,8,1,0,2026-06-21
Q006286,ES,Madrid,masaje espalda,18,0,0,2026-06-25
Q006287,ES,Sevilla,masaje en pareja,0,0,0,2026-06-30
Q006288,ES,Barcelona,pilates,23,1,1,2026-06-23
Q006289,ES,Barcelona,masaje en pareja,14,0,0,2026-06-21
Q006290,ES,Madrid,hamburguesa,2,0,0,2026-06-14
Q006291,ES,Barcelona,peluqueria,0,0,0,2026-06-01
Q006292,ES,Madrid,peluqueria,0,0,0,2026-06-25
Q006293,ES,Barcelona,masaje en pareja,2,0,0,2026-06-21
Q006294,ES,Valencia,paracaidismo,0,0,0,2026-06-04
Q006295,ES,Madrid,escape room,4,1,0,2026-06-13
Q006296,ES,Valencia,masaje tailandes,25,0,0,2026-06-30
Q006297,ES,Valencia,limpieza facial,14,1,0,2026-06-14
Q006298,ES,Madrid,entrenador personal,7,1,0,2026-06-05
Q006299,ES,Madrid,extensiones pestañas,1,0,0,2026-06-22
Q006300,ES,Sevilla,paseo en globo,0,0,0,2026-06-25
Q006301,ES,Madrid,hamburguesa,6,1,1,2026-06-03
Q006302,ES,Valencia,paseo en globo,0,0,0,2026-06-03
Q006303,ES,Madrid,tapas,14,1,0,2026-06-04
Q006304,ES,Madrid,paintbell,6,0,0,2026-06-20
Q006305,ES,Madrid,tinte pelo,23,1,0,2026-06-06
Q006306,ES,Madrid,pilates,9,0,0,2026-06-18
Q006307,ES,Madrid,pilates,24,0,0,2026-06-04
Q006308,ES,Sevilla,paracaidismo,0,0,0,2026-06-29
Q006309,ES,Madrid,paaracaidismo,0,0,0,2026-06-20
Q006310,ES,Madrid,karting,2,0,0,2026-06-23
Q006311,ES,Sevilla,tinte elo,17,1,0,2026-06-05
Q006312,ES,Madrid,extensiones pestañas,1,0,0,2026-06-01
Q006313,ES,Valencia,sushi,7,1,0,2026-06-09
Q006314,ES,Barcelona,sushi,13,1,0,2026-06-04
Q006315,ES,Madrid,tapas,30,0,0,2026-06-23
Q006316,ES,Barcelona,arroceria,17,0,0,2026-06-22
Q006317,ES,Valencia,tinte pelo,4,1,1,2026-06-24
Q006318,ES,Valencia,tour ciudad,24,1,0,2026-06-03
Q006319,ES,Barcelona,masaje en pareja,19,1,0,2026-06-22
Q006320,ES,Madrid,masaje descontracturante,1,0,0,2026-06-02
Q006321,ES,Barcelona,entrenador personal,15,0,0,2026-06-15
Q006322,ES,Madrid,clase de yoga,33,0,0,2026-06-11
Q006323,ES,Madrid,raftinng,0,0,0,2026-06-11
Q006324,ES,Madrid,raftiing,0,0,0,2026-06-05
Q006325,ES,Barcelona,paintball,0,0,0,2026-06-20
Q006326,ES,Madrid,masaje descontracturante,19,1,1,2026-06-04
Q006327,ES,Madrid,sushi,2,0,0,2026-06-12
Q006328,ES,Madrid,facial,1,0,0,2026-06-12
Q006329,ES,Madrid,sushi,16,1,0,2026-06-24
Q006330,ES,Barcelona,vuelo en helicoptero,0,0,0,2026-06-09
Q006331,ES,Madrid,rafting,0,0,0,2026-06-08
Q006332,ES,Madrid,tinte pelo,8,0,0,2026-06-03
Q006333,ES,Madrid,masaje en  pareja,18,1,0,2026-06-03
Q006334,ES,Barcelona,peluqueria,10,1,0,2026-06-12
Q006335,ES,Madrid,bunch,1,0,0,2026-06-20
Q006336,ES,Madrid,paseo en globo,0,0,0,2026-06-17
Q006337,ES,Valencia,masaje descontracturante,13,0,0,2026-06-14
Q006338,ES,Valencia,entrenador personal,5,1,0,2026-06-06
Q006339,ES,Valencia,pilates,4,0,0,2026-06-24
Q006340,ES,Barcelona,sushi,2,0,0,2026-06-17
Q006341,ES,Madrid,masaje tailandes,1,0,0,2026-06-25
Q006342,ES,Madrid,tinte pelo,1,0,0,2026-06-01
Q006343,ES,Madrid,sushi,10,0,0,2026-06-28
Q006344,ES,Sevilla,brunch,22,1,1,2026-06-20
Q006345,ES,Madrid,susshi,1,0,0,2026-06-25
Q006346,ES,Madrid,hamburguesa,6,1,1,2026-06-05
Q006347,ES,Madrid,limpieza faial,1,0,0,2026-06-08
Q006348,ES,Madrid,masaje tailandes,0,0,0,2026-06-13
Q006349,ES,Valencia,manicura,13,1,1,2026-06-28
Q006350,ES,Sevilla,bolera,2,0,0,2026-06-25
Q006351,ES,Madrid,arroceria,6,1,1,2026-06-23
Q006352,ES,Madrid,crossfit,25,1,1,2026-06-19
Q006353,ES,Sevilla,tour ciudad,25,1,0,2026-06-13
Q006354,ES,Barcelona,masaje tailandes,2,0,0,2026-06-22
Q006355,ES,Madrid,limpieza facial,9,1,1,2026-06-03
Q006356,ES,Valencia,masaje descontracturante,22,0,0,2026-06-22
Q006357,ES,Madrid,thai massage,34,1,0,2026-06-03
Q006358,ES,Barcelona,masaje en pareja,4,0,0,2026-06-20
Q006359,ES,Valencia,masaje descontracturante,9,0,0,2026-06-23
Q006360,ES,Madrid,escape room,36,0,0,2026-06-26
Q006361,ES,Sevilla,back massage,1,0,0,2026-06-16
Q006362,ES,Madrid,crossfit,12,0,0,2026-06-20
Q006363,ES,Madrid,paracaidismo,0,0,0,2026-06-08
Q006364,ES,Madrid,escaperoom,2,0,0,2026-06-10
Q006365,ES,Valencia,peluqueria,11,0,0,2026-06-02
Q006366,ES,Barcelona,rafting,0,0,0,2026-06-30
Q006367,ES,Madrid,crosssfit,1,0,0,2026-06-26
Q006368,ES,Valencia,peluqueria,2,0,0,2026-06-22
Q006369,ES,Madrid,paseo en globo,0,0,0,2026-06-24
Q006370,ES,Barcelona,passeo en globo,0,0,0,2026-06-25
Q006371,ES,Sevilla,paracaidismo,0,0,0,2026-06-20
Q006372,ES,Barcelona,masaje espalda,19,1,1,2026-06-03
Q006373,ES,Madrid,bolera,0,0,0,2026-06-12
Q006374,ES,Valencia,karting,15,1,1,2026-06-08
Q006375,ES,Valencia,rafting,0,0,0,2026-06-15
Q006376,ES,Madrid,yoga class,2,0,0,2026-06-12
Q006377,ES,Sevilla,limpieza facial,22,0,0,2026-06-18
Q006378,ES,Madrid,clase de yoga,35,0,0,2026-06-02
Q006379,ES,Madrid,clase de yoga,6,1,1,2026-06-27
Q006380,ES,Valencia,paracaidismo,0,0,0,2026-06-01
Q006381,ES,Madrid,masaje tailandes,0,0,0,2026-06-15
Q006382,ES,Madrid,rafting,0,0,0,2026-06-06
Q006383,ES,Madrid,masaje en pareja,24,1,0,2026-06-08
Q006384,ES,Barcelona,tour ciudad,14,0,0,2026-06-09
Q006385,ES,Madrid,back massage,2,0,0,2026-06-23
Q006386,ES,Madrid,arroceria,0,0,0,2026-06-10
Q006387,ES,Barcelona,escape room,23,0,0,2026-06-25
Q006388,ES,Valencia,paeo en globo,0,0,0,2026-06-28
Q006389,ES,Madrid,paintball,2,0,0,2026-06-05
Q006390,ES,Valencia,arroceria,2,0,0,2026-06-02
Q006391,ES,Barcelona,peluqueria,9,1,0,2026-06-11
Q006392,ES,Madrid,paintball,1,1,1,2026-06-02
Q006393,ES,Barcelona,masaje espalda,20,1,0,2026-06-09
Q006394,ES,Valencia,masaje en pareja,7,1,1,2026-06-05
Q006395,ES,Sevilla,clase de yoga,19,0,0,2026-06-22
Q006396,ES,Madrid,paseo en globo,0,0,0,2026-06-11
Q006397,ES,Valencia,masaje en pareja,2,0,0,2026-06-18
Q006398,ES,Valencia,sports massage,1,0,0,2026-06-17
Q006399,ES,Madrid,crossfit,1,0,0,2026-06-27
Q006400,ES,Madrid,brunch,22,1,1,2026-06-07
Q006401,ES,Barcelona,rafting,0,0,0,2026-06-04
Q006402,ES,Valencia,paracaidismo,0,0,0,2026-06-11
Q006403,ES,Madrid,rafting,0,0,0,2026-06-07
Q006404,ES,Madrid,gimnasio,24,1,1,2026-06-13
Q006405,ES,Valencia,extensiones pestañas,1,0,0,2026-06-15
Q006406,ES,Madrid,vuelo en helicopterro,0,0,0,2026-06-01
Q006407,ES,Sevilla,hamburguesa,7,1,0,2026-06-03
Q006408,ES,Sevilla,limpieza facial,13,0,0,2026-06-19
Q006409,ES,Valencia,arroceria,23,0,0,2026-06-12
Q006410,ES,Sevilla,raafting,0,0,0,2026-06-18
Q006411,ES,Madrid,masaje espalda,1,0,0,2026-06-01
Q006412,ES,Sevilla,tour ciudad,14,1,0,2026-06-22
Q006413,ES,Barcelona,masaje descontracturante,19,1,0,2026-06-30
Q006414,ES,Madrid,pilates,20,1,1,2026-06-03
Q006415,ES,Barcelona,rafting,0,0,0,2026-06-02
Q006416,ES,Madrid,masaje espalda,0,0,0,2026-06-23
Q006417,ES,Madrid,rafting,0,0,0,2026-06-02
Q006418,ES,Madrid,limpieza facial,19,1,0,2026-06-17
Q006419,ES,Valencia,masaje descontracturante,0,0,0,2026-06-29
Q006420,ES,Madrid,gimnasio,24,0,0,2026-06-29
Q006421,ES,Sevilla,limpieza facial,4,1,1,2026-06-11
Q006422,ES,Madrid,gimnasio,30,0,0,2026-06-01
Q006423,ES,Madrid,tour ciudad,16,1,1,2026-06-23
Q006424,ES,Sevilla,clase de yoga,8,0,0,2026-06-28
Q006425,ES,Madrid,limpieza facial,23,0,0,2026-06-13
Q006426,ES,Madrid,masaje en pareja,1,1,0,2026-06-29
Q006427,ES,Valencia,paseo en globo,0,0,0,2026-06-12
Q006428,ES,Madrid,extensiones pestañas,4,0,0,2026-06-11
Q006429,ES,Valencia,paseo en globo,0,0,0,2026-06-24
Q006430,ES,Valencia,tour ciudad,0,0,0,2026-06-10
Q006431,ES,Barcelona,masaje espalda,16,1,0,2026-06-07
Q006432,ES,Valencia,vuelo en helicoptero,0,0,0,2026-06-02
Q006433,ES,Madrid,crosssfit,19,0,0,2026-06-21
Q006434,ES,Madrid,masaje descontracturante,15,0,0,2026-06-10
Q006435,ES,Sevilla,masaje descontracturante,18,0,0,2026-06-27
Q006436,ES,Barcelona,paseo en globo,0,0,0,2026-06-10
Q006437,ES,Sevilla,rafting,0,0,0,2026-06-17
Q006438,ES,Valencia,clase de yoga,2,0,0,2026-06-28
Q006439,ES,Valencia,bolera,0,0,0,2026-06-14
Q006440,ES,Madrid,paintball,1,1,0,2026-06-08
Q006441,ES,Madrid,pilates,15,1,0,2026-06-19
Q006442,ES,Madrid,paseo en globo,0,0,0,2026-06-05
Q006443,ES,Barcelona,extensiones pestañas,1,1,0,2026-06-08
Q006444,ES,Madrid,brunch,0,0,0,2026-06-15
Q006445,ES,Valencia,sushi,24,1,0,2026-06-07
Q006446,ES,Valencia,masaje espalda,25,0,0,2026-06-05
Q006447,ES,Madrid,extensiones pestañas,2,0,0,2026-06-12
Q006448,ES,Barcelona,entrenador personal,20,0,0,2026-06-19
Q006449,ES,Madrid,haircut,2,0,0,2026-06-28
Q006450,ES,Madrid,personal trainer,2,0,0,2026-06-10
Q006451,ES,Madrid,paintball,22,1,0,2026-06-30
Q006452,ES,Madrid,bolera,23,1,0,2026-06-08
Q006453,ES,Madrid,arroceria,31,0,0,2026-06-07
Q006454,ES,Madrid,masaje espalda,24,1,0,2026-06-07
Q006455,ES,Madrid,arroceria,1,0,0,2026-06-10
Q006456,ES,Madrid,pilates,17,0,0,2026-06-04
Q006457,ES,Madrid,manicura,17,1,1,2026-06-30
Q006458,ES,Sevilla,vuelo en helicoptero,0,0,0,2026-06-20
Q006459,ES,Barcelona,limpieza facial,5,0,0,2026-06-27
Q006460,ES,Valencia,peluqueria,1,0,0,2026-06-01
Q006461,ES,Sevilla,paseo en globo,0,0,0,2026-06-18
Q006462,ES,Barcelona,gimnasio,17,0,0,2026-06-29
Q006463,ES,Barcelona,paseo en globo,0,0,0,2026-06-24
Q006464,ES,Barcelona,entrenador personal,4,0,0,2026-06-28
Q006465,ES,Madrid,crossfit,0,0,0,2026-06-10
Q006466,ES,Madrid,karting,11,1,1,2026-06-04
Q006467,ES,Valencia,hamburguesa,8,0,0,2026-06-16
Q006468,ES,Madrid,rafting,0,0,0,2026-06-27
Q006469,ES,Barcelona,rafting,0,0,0,2026-06-10
Q006470,ES,Madrid,arroceria,23,1,1,2026-06-11
Q006471,ES,Sevilla,escaperoom,0,0,0,2026-06-02
Q006472,ES,Valencia,manicura,25,0,0,2026-06-03
Q006473,ES,Barcelona,vuelo en helicoptero,0,0,0,2026-06-09
Q006474,ES,Valencia,gimnasio,15,0,0,2026-06-27
Q006475,ES,Madrid,clase de yoga,1,0,0,2026-06-09
Q006476,ES,Madrid,masaje en pareja,1,0,0,2026-06-15
Q006477,ES,Valencia,paracaidismo,0,0,0,2026-06-30
Q006478,ES,Valencia,limpieza facial,2,0,0,2026-06-21
Q006479,ES,Madrid,paracaidismo,0,0,0,2026-06-24
Q006480,ES,Madrid,paracaidismo,0,0,0,2026-06-26
Q006481,ES,Valencia,sushi,1,0,0,2026-06-15
Q006482,ES,Madrid,tinte pelo,17,0,0,2026-06-29
Q006483,ES,Sevilla,masaje tailandes,2,0,0,2026-06-09
Q006484,ES,Barcelona,masaje espalda,2,0,0,2026-06-06
Q006485,ES,Madrid,paracaidismo,0,0,0,2026-06-29
Q006486,ES,Madrid,arroceria,2,1,0,2026-06-29
Q006487,ES,Sevilla,masaje descontracturante,34,1,0,2026-06-29
Q006488,ES,Madrid,hamburguesa,16,1,0,2026-06-13
Q006489,ES,Barcelona,pilates,25,0,0,2026-06-17
Q006490,ES,Valencia,masaje tailandes,2,0,0,2026-06-28
Q006491,ES,Madrid,tinte pelo,8,0,0,2026-06-18
Q006492,ES,Barcelona,tour ciudad,20,1,1,2026-06-08
Q006493,ES,Madrid,clase de yoga,5,1,1,2026-06-27
Q006494,ES,Madrid,gimnasio,14,1,0,2026-06-08
Q006495,ES,Valencia,crossfit,0,0,0,2026-06-08
Q006496,ES,Madrid,arroceria,13,1,0,2026-06-30
Q006497,ES,Sevilla,karting,30,0,0,2026-06-04
Q006498,ES,Sevilla,crossfit,5,1,0,2026-06-22
Q006499,ES,Sevilla,gimnasio,2,0,0,2026-06-05
Q006500,ES,Barcelona,entrenador personal,0,0,0,2026-06-06
Q006501,ES,Madrid,tinte pelo,6,1,1,2026-06-24
Q006502,ES,Madrid,brunch,6,1,0,2026-06-29
Q006503,ES,Valencia,tour ciudad,11,1,1,2026-06-23
Q006504,ES,Valencia,peluqeria,5,0,0,2026-06-11
Q006505,ES,Valencia,masaje en pareja,12,0,0,2026-06-05
Q006506,ES,Sevilla,peluqueria,0,0,0,2026-06-18
Q006507,ES,Madrid,gimnasio,12,1,0,2026-06-24
Q006508,ES,Valencia,paseo en globo,0,0,0,2026-06-07
Q006509,ES,Madrid,masaje tailandes,23,0,0,2026-06-07
Q006510,ES,Madrid,back massage,1,0,0,2026-06-27
Q006511,ES,Valencia,paseo en globo,0,0,0,2026-06-28
Q006512,ES,Madrid,entrenador personal,2,1,0,2026-06-13
Q006513,ES,Barcelona,entrenador personal,11,1,0,2026-06-28
Q006514,ES,Valencia,sports massage,2,0,0,2026-06-24
Q006515,ES,Madrid,rafting,0,0,0,2026-06-12
Q006516,ES,Madrid,escape room,20,0,0,2026-06-29
Q006517,ES,Madrid,masaje tailanees,2,0,0,2026-06-14
Q006518,ES,Madrid,entrenador personal,18,0,0,2026-06-06
Q006519,ES,Valencia,extensiones pestañas,21,0,0,2026-06-23
Q006520,ES,Madrid,facial,11,0,0,2026-06-09
Q006521,ES,Sevilla,entrenador personal,1,0,0,2026-06-04
Q006522,ES,Barcelona,rafting,0,0,0,2026-06-10
Q006523,ES,Madrid,crossfit,1,0,0,2026-06-19
Q006524,ES,Madrid,masaje descontracturante,1,0,0,2026-06-02
Q006525,ES,Madrid,bolera,2,0,0,2026-06-06
Q006526,ES,Barcelona,go karting,16,0,0,2026-06-13
Q006527,ES,Madrid,vuelo en helicoptero,0,0,0,2026-06-18
Q006528,ES,Barcelona,masaje tailanddes,20,1,0,2026-06-03
Q006529,ES,Valencia,go karting,18,0,0,2026-06-29
Q006530,ES,Barcelona,masaje descontracturante,20,0,0,2026-06-08
Q006531,ES,Madrid,masaje tailandes,0,0,0,2026-06-07
Q006532,ES,Madrid,crossfit,21,1,0,2026-06-17
Q006533,ES,Madrid,paracaidismo,0,0,0,2026-06-30
Q006534,ES,Valencia,paintball,24,0,0,2026-06-08
Q006535,ES,Valencia,peluqueria,0,0,0,2026-06-08
Q006536,ES,Valencia,couples massage,0,0,0,2026-06-21
Q006537,ES,Barcelona,masaje espalda,0,0,0,2026-06-18
Q006538,ES,Madrid,paseo en globo,0,0,0,2026-06-24
Q006539,ES,Barcelona,karting,1,0,0,2026-06-21
Q006540,ES,Barcelona,karting,2,0,0,2026-06-06
Q006541,ES,Madrid,crrossfit,1,1,0,2026-06-12
Q006542,ES,Madrid,rafting,0,0,0,2026-06-29
Q006543,ES,Madrid,brunch,18,1,0,2026-06-23
Q006544,ES,Valencia,paintball,2,1,0,2026-06-05
Q006545,ES,Barcelona,escape room,25,1,1,2026-06-09
Q006546,ES,Madrid,city tour,2,0,0,2026-06-14
Q006547,ES,Madrid,entrenador personal,10,1,0,2026-06-17
Q006548,ES,Barcelona,escape room,21,0,0,2026-06-10
Q006549,ES,Madrid,hamburguesa,7,1,1,2026-06-30
Q006550,ES,Barcelona,masaje tailandes,10,1,0,2026-06-10
Q006551,ES,Madrid,sushi,38,0,0,2026-06-12
Q006552,ES,Barcelona,taps,13,0,0,2026-06-02
Q006553,ES,Madrid,peluqueria,4,0,0,2026-06-01
Q006554,ES,Valencia,arroceria,19,1,1,2026-06-16
Q006555,ES,Madrid,sushi,21,1,1,2026-06-10
Q006556,ES,Madrid,brunch,2,0,0,2026-06-27
Q006557,ES,Madrid,manicura,4,1,1,2026-06-04
Q006558,ES,Madrid,sushi,0,0,0,2026-06-17
Q006559,ES,Madrid,escape room,22,1,1,2026-06-12
Q006560,ES,Madrid,rafting,0,0,0,2026-06-11
Q006561,ES,Barcelona,crossfit,24,0,0,2026-06-09
Q006562,ES,Barcelona,paintball,1,0,0,2026-06-27
Q006563,ES,Madrid,clase de yoga,21,1,0,2026-06-28
Q006564,ES,Madrid,rafting,0,0,0,2026-06-11
Q006565,ES,Madrid,vuelo en helicoptero,0,0,0,2026-06-09
Q006566,ES,Barcelona,extensiones pestañas,19,0,0,2026-06-04
Q006567,ES,Madrid,eyelash extensions,1,0,0,2026-06-12
Q006568,ES,Valencia,raffting,0,0,0,2026-06-19
Q006569,ES,Madrid,hamburguesa,14,1,1,2026-06-12
Q006570,ES,Barcelona,manicura,4,1,0,2026-06-01
Q006571,ES,Valencia,escape room,2,1,0,2026-06-27
Q006572,ES,Madrid,pizza deal,2,0,0,2026-06-01
Q006573,ES,Sevilla,karting,2,0,0,2026-06-17
Q006574,ES,Barcelona,masaje tailandes,1,0,0,2026-06-02
Q006575,ES,Valencia,tinte pelo,17,1,0,2026-06-09
Q006576,ES,Madrid,pilates,25,0,0,2026-06-15
Q006577,ES,Valencia,brunch,0,0,0,2026-06-19
Q006578,ES,Madrid,crossfit,24,1,0,2026-06-21
Q006579,ES,Valencia,rafting,0,0,0,2026-06-24
Q006580,ES,Valencia,pilates,1,0,0,2026-06-18
Q006581,ES,Madrid,go karting,1,0,0,2026-06-23
Q006582,ES,Madrid,hair colour,0,0,0,2026-06-01
Q006583,ES,Madrid,paseo en globo,0,0,0,2026-06-28
Q006584,ES,Madrid,clase de yoga,35,0,0,2026-06-23
Q006585,ES,Sevilla,sports massage,2,0,0,2026-06-09
Q006586,ES,Madrid,manicura,1,0,0,2026-06-19
Q006587,ES,Valencia,pilates,30,0,0,2026-06-18
Q006588,ES,Sevilla,extensiones pestañas,0,0,0,2026-06-08
Q006589,ES,Madrid,paracaidismo,0,0,0,2026-06-12
Q006590,ES,Madrid,masaje en pareja,22,1,0,2026-06-19
Q006591,ES,Madrid,brunch,2,0,0,2026-06-28
Q006592,ES,Sevilla,brunch,1,0,0,2026-06-27
Q006593,ES,Madrid,entrenador personal,0,0,0,2026-06-12
Q006594,ES,Barcelona,pilates,2,0,0,2026-06-30
Q006595,ES,Madrid,extensiones pestañas,2,0,0,2026-06-19
Q006596,ES,Valencia,tour ciudad,21,1,0,2026-06-24
Q006597,ES,Barcelona,escape room,1,0,0,2026-06-08
Q006598,ES,Madrid,masaje descontracturante,13,1,0,2026-06-04
Q006599,ES,Madrid,entrenador personal,25,1,0,2026-06-25
Q006600,ES,Sevilla,arroceria,22,0,0,2026-06-19
Q006601,ES,Barcelona,karting,24,1,0,2026-06-14
Q006602,ES,Barcelona,pilates,21,0,0,2026-06-01
Q006603,ES,Madrid,thai massage,2,0,0,2026-06-02
Q006604,ES,Valencia,vuelo en helicoptero,0,0,0,2026-06-06
Q006605,ES,Madrid,clase de yoga,4,1,0,2026-06-27
Q006606,ES,Valencia,entrenador personal,4,1,0,2026-06-23
Q006607,ES,Madrid,crossfit,22,0,0,2026-06-27
Q006608,ES,Madrid,hamburguesa,1,0,0,2026-06-17
Q006609,ES,Valencia,masaje espalda,20,1,1,2026-06-05
Q006610,ES,Barcelona,entrenador personal,24,1,1,2026-06-06
Q006611,ES,Madrid,tour ciudad,10,0,0,2026-06-06
Q006612,ES,Madrid,extensiones pestañas,2,0,0,2026-06-04
Q006613,ES,Madrid,hamburrguesa,1,0,0,2026-06-21
Q006614,ES,Barcelona,masaje espalda,40,0,0,2026-06-14
Q006615,ES,Madrid,entrenador personal,2,0,0,2026-06-18
Q006616,ES,Madrid,gimnasio,0,0,0,2026-06-12
Q006617,ES,Madrid,masaje descontracturante,2,0,0,2026-06-11
Q006618,ES,Barcelona,thai massage,2,0,0,2026-06-18
Q006619,ES,Madrid,peluqueria,2,0,0,2026-06-09
Q006620,ES,Valencia,peluqueria,10,1,1,2026-06-11
Q006621,ES,Sevilla,peluqueria,1,0,0,2026-06-26
Q006622,ES,Barcelona,bowling,1,0,0,2026-06-18
Q006623,ES,Valencia,peluqueria,16,0,0,2026-06-25
Q006624,ES,Madrid,paseo en globo,0,0,0,2026-06-19
Q006625,ES,Madrid,masaje en pareja,2,0,0,2026-06-18
Q006626,ES,Madrid,masaje espalda,10,0,0,2026-06-13
Q006627,ES,Valencia,pilates,16,1,0,2026-06-29
Q006628,ES,Madrid,pilates,25,1,1,2026-06-16
Q006629,ES,Madrid,bolera,0,0,0,2026-06-06
Q006630,ES,Sevilla,paracaidismo,0,0,0,2026-06-22
Q006631,ES,Madrid,tour ciudad,0,0,0,2026-06-23
Q006632,ES,Madrid,personal trainer,1,0,0,2026-06-07
Q006633,ES,Madrid,hamburguesa,0,0,0,2026-06-14
Q006634,ES,Madrid,masaje descontracturante,14,1,0,2026-06-11
Q006635,ES,Madrid,manicura,19,1,1,2026-06-24
Q006636,ES,Valencia,bolera,24,0,0,2026-06-11
Q006637,ES,Madrid,extensiones pestañas,0,0,0,2026-06-09
Q006638,ES,Valencia,tapas,1,0,0,2026-06-16
Q006639,ES,Madrid,paracaidismo,0,0,0,2026-06-01
Q006640,ES,Valencia,vuelo en  helicoptero,0,0,0,2026-06-29
Q006641,ES,Madrid,masaje descontracturante,8,0,0,2026-06-01
Q006642,ES,Barcelona,tinte pelo,12,1,0,2026-06-05
Q006643,ES,Madrid,limpieza facial,4,1,1,2026-06-26
Q006644,ES,Madrid,crossfit,1,0,0,2026-06-15
Q006645,ES,Madrid,masaje tailandes,36,0,0,2026-06-27
Q006646,ES,Madrid,tinte pelo,11,1,1,2026-06-01
Q006647,ES,Valencia,pilaates,0,0,0,2026-06-28
Q006648,ES,Barcelona,brunch,2,1,1,2026-06-10
Q006649,ES,Madrid,paintball,13,0,0,2026-06-16
Q006650,ES,Sevilla,masaje tailandes,2,0,0,2026-06-06
Q006651,ES,Madrid,paintball,38,0,0,2026-06-03
Q006652,ES,Sevilla,tapas,4,1,1,2026-06-30
Q006653,ES,Madrid,masaje espalda,14,0,0,2026-06-30
Q006654,ES,Valencia,peluqueria,20,0,0,2026-06-19
Q006655,ES,Madrid,paracaidismo,0,0,0,2026-06-13
Q006656,ES,Madrid,clase de yoga,12,0,0,2026-06-17
Q006657,ES,Madrid,limpieza facial,15,1,0,2026-06-03
Q006658,ES,Madrid,peluqueria,23,1,0,2026-06-15
Q006659,ES,Madrid,limpieza facial,14,1,1,2026-06-01
Q006660,ES,Valencia,vuelo en helicoptero,0,0,0,2026-06-05
Q006661,ES,Barcelona,tinte pelo,23,1,0,2026-06-27
Q006662,ES,Sevilla,bolera,19,0,0,2026-06-01
Q006663,ES,Madrid,vuelo en helicoptero,0,0,0,2026-06-14
Q006664,ES,Madrid,masaje descontracturante,6,1,0,2026-06-16
Q006665,ES,Valencia,peluqueria,2,0,0,2026-06-30
Q006666,ES,Madrid,tour ciudad,11,1,0,2026-06-05
Q006667,ES,Madrid,masaje tailandes,23,1,1,2026-06-12
Q006668,ES,Barcelona,crossfit,1,1,0,2026-06-24
Q006669,ES,Valencia,crossfit,0,0,0,2026-06-08
Q006670,ES,Madrid,paseo en globo,0,0,0,2026-06-04
Q006671,ES,Madrid,vuelo en helicoptero,0,0,0,2026-06-07
Q006672,ES,Madrid,peluqueria,0,0,0,2026-06-03
Q006673,ES,Barcelona,crossfit,25,1,0,2026-06-22
Q006674,ES,Madrid,paseo en globo,0,0,0,2026-06-10
Q006675,ES,Madrid,hamburguesa,9,0,0,2026-06-12
Q006676,ES,Valencia,hamburguesa,2,0,0,2026-06-18
Q006677,ES,Barcelona,pilates,22,1,1,2026-06-02
Q006678,ES,Madrid,limpieza facial,13,0,0,2026-06-28
Q006679,ES,Barcelona,limpieza facial,14,0,0,2026-06-30
Q006680,ES,Madrid,tinte pelo,9,1,1,2026-06-10
Q006681,ES,Valencia,paracaidismo,0,0,0,2026-06-12
Q006682,ES,Madrid,escape room,1,0,0,2026-06-04
Q006683,ES,Madrid,paintball,24,1,1,2026-06-22
Q006684,ES,Valencia,vuelo en helicoptero,0,0,0,2026-06-23
Q006685,ES,Madrid,tapas,1,0,0,2026-06-06
Q006686,ES,Madrid,extensiones pestañas,15,0,0,2026-06-17
Q006687,ES,Valencia,masaje en pareja,16,1,1,2026-06-28
Q006688,ES,Madrid,masaje tailandes,2,0,0,2026-06-28
Q006689,ES,Madrid,rafting,0,0,0,2026-06-16
Q006690,ES,Madrid,sushi,20,0,0,2026-06-06
Q006691,ES,Madrid,paintball,4,1,0,2026-06-09
Q006692,ES,Madrid,sushi,1,0,0,2026-06-26
Q006693,ES,Madrid,entrenador personal,20,0,0,2026-06-16
Q006694,ES,Madrid,tour ciudad,8,0,0,2026-06-29
Q006695,ES,Madrid,masaje descontracturante,0,0,0,2026-06-22
Q006696,ES,Madrid,escape room,22,1,0,2026-06-18
Q006697,ES,Valencia,tinte pelo,12,0,0,2026-06-10
Q006698,ES,Valencia,rafting,0,0,0,2026-06-06
Q006699,ES,Madrid,masaje en pareja,0,0,0,2026-06-11
Q006700,ES,Madrid,paracaidismo,0,0,0,2026-06-16
Q006701,ES,Madrid,peluqueria,2,1,0,2026-06-06
Q006702,ES,Sevilla,limpieza facual,7,1,0,2026-06-12
Q006703,ES,Barcelona,masaje en pareja,0,0,0,2026-06-15
Q006704,ES,Barcelona,clase de yoga,2,0,0,2026-06-24
Q006705,ES,Madrid,bolera,12,0,0,2026-06-07
Q006706,ES,Madrid,masaje espalda,14,0,0,2026-06-16
Q006707,ES,Valencia,limpieza facial,0,0,0,2026-06-22
Q006708,ES,Sevilla,pilates,0,0,0,2026-06-17
Q006709,ES,Madrid,manicure,1,0,0,2026-06-10
Q006710,ES,Madrid,brunch,4,1,1,2026-06-17
Q006711,ES,Madrid,extensiones pestañas,23,0,0,2026-06-24
Q006712,ES,Madrid,karting,7,0,0,2026-06-01
Q006713,ES,Barcelona,haircut,2,0,0,2026-06-27
Q006714,ES,Madrid,masaje tailandes,24,0,0,2026-06-30
Q006715,ES,Madrid,tour ciudad,2,0,0,2026-06-02
Q006716,ES,Madrid,masaje tailandes,0,0,0,2026-06-28
Q006717,ES,Valencia,crossfit,0,0,0,2026-06-23
Q006718,ES,Sevilla,hamburguesa,19,0,0,2026-06-25
Q006719,ES,Barcelona,gimnasio,37,0,0,2026-06-09
Q006720,ES,Madrid,vuelo en helicoptero,0,0,0,2026-06-27
Q006721,ES,Barcelona,brunch,2,1,0,2026-06-02
Q006722,ES,Madrid,tour ciudad,11,1,0,2026-06-30
Q006723,ES,Madrid,parcaidismo,0,0,0,2026-06-29
Q006724,ES,Madrid,manicura,1,0,0,2026-06-07
Q006725,ES,Valencia,masaje descontracturante,11,0,0,2026-06-08
Q006726,ES,Madrid,masaje descontracturante,1,0,0,2026-06-14
Q006727,ES,Sevilla,thai massage,0,0,0,2026-06-22
Q006728,ES,Madrid,entrenador personal,30,0,0,2026-06-15
Q006729,ES,Valencia,tinte pelo,0,0,0,2026-06-15
Q006730,ES,Madrid,masaje en pareja,2,0,0,2026-06-13
Q006731,ES,Sevilla,masaje espalda,2,0,0,2026-06-03
Q006732,ES,Madrid,peluqueria,1,0,0,2026-06-15
Q006733,ES,Madrid,susai,20,0,0,2026-06-08
Q006734,ES,Madrid,entrenador personal,24,0,0,2026-06-20
Q006735,ES,Madrid,masaje descontracturante,2,1,0,2026-06-17
Q006736,ES,Madrid,escape room,4,1,0,2026-06-10
Q006737,ES,Madrid,bolera,23,1,0,2026-06-10
Q006738,ES,Madrid,sushi,0,0,0,2026-06-30
Q006739,ES,Madrid,paintball,16,0,0,2026-06-14
Q006740,ES,Madrid,brunch,2,1,0,2026-06-10
Q006741,ES,Valencia,sushi,18,1,1,2026-06-22
Q006742,ES,Sevilla,clase de yoga,2,0,0,2026-06-04
Q006743,ES,Madrid,sports massage,2,0,0,2026-06-24
Q006744,ES,Madrid,tinte pelo,10,1,1,2026-06-02
Q006745,ES,Barcelona,brunch,0,0,0,2026-06-22
Q006746,ES,Barcelona,paiacaidismo,0,0,0,2026-06-16
Q006747,ES,Sevilla,paintball,8,1,0,2026-06-02
Q006748,ES,Sevilla,arroceria,24,1,0,2026-06-06
Q006749,ES,Barcelona,paseo en globo,0,0,0,2026-06-06
Q006750,ES,Madrid,masaje espalda,9,1,1,2026-06-26
Q006751,ES,Valencia,vuelo en helicoptero,0,0,0,2026-06-22
Q006752,ES,Valencia,crossfit,0,0,0,2026-06-01
Q006753,ES,Barcelona,vuelo en helicoptero,0,0,0,2026-06-16
Q006754,ES,Valencia,masaje descontracturante,1,0,0,2026-06-01
Q006755,ES,Sevilla,masaje descontracturante,16,1,0,2026-06-08
Q006756,ES,Sevilla,clase de yoga,4,1,1,2026-06-05
Q006757,ES,Madrid,arroceria,1,0,0,2026-06-28
Q006758,ES,Madrid,masaje tailandes,19,0,0,2026-06-27
Q006759,ES,Barcelona,tour ciudad,0,0,0,2026-06-27
Q006760,ES,Barcelona,masaje espalda,21,0,0,2026-06-26
Q006761,ES,Madrid,masaje en pareja,25,1,0,2026-06-23
Q006762,ES,Valencia,masaje espalda,14,1,0,2026-06-20
Q006763,ES,Sevilla,karting,0,0,0,2026-06-23
Q006764,ES,Barcelona,paseo en globo,0,0,0,2026-06-17
Q006765,ES,Madrid,sushi,12,1,0,2026-06-22
Q006766,ES,Barcelona,peluqueria,0,0,0,2026-06-26
Q006767,ES,Barcelona,karting,12,0,0,2026-06-04
Q006768,ES,Barcelona,masaje espallda,9,0,0,2026-06-03
Q006769,ES,Sevilla,hamburguesa,1,0,0,2026-06-16
Q006770,ES,Valencia,masaje en pareja,16,1,1,2026-06-03
Q006771,ES,Madrid,masaje espalda,14,1,0,2026-06-13
Q006772,ES,Madrid,tinte pelo,12,0,0,2026-06-27
Q006773,ES,Madrid,masaje espalda,10,0,0,2026-06-15
Q006774,ES,Madrid,paracaidismo,0,0,0,2026-06-11
Q006775,ES,Valencia,haircut,0,0,0,2026-06-15
Q006776,ES,Barcelona,tour ciudad,1,1,0,2026-06-25
Q006777,ES,Sevilla,maniccura,1,0,0,2026-06-12
Q006778,ES,Madrid,masaje tailandes,24,1,1,2026-06-11
Q006779,ES,Barcelona,masaje descontracturante,1,1,0,2026-06-09
Q006780,ES,Madrid,hamburguesa,13,1,0,2026-06-24
Q006781,ES,Barcelona,paintball,2,0,0,2026-06-12
Q006782,ES,Madrid,limpieza facial,22,0,0,2026-06-13
Q006783,ES,Valencia,escape room,38,0,0,2026-06-19
Q006784,ES,Madrid,entrenadoor personal,18,0,0,2026-06-08
Q006785,ES,Sevilla,hamburguesa,24,0,0,2026-06-06
Q006786,ES,Sevilla,masaje descontracturante,2,0,0,2026-06-21
Q006787,ES,Barcelona,paintball,2,0,0,2026-06-12
Q006788,ES,Madrid,paseo en globo,0,0,0,2026-06-15
Q006789,ES,Sevilla,gimnasio,7,1,0,2026-06-21
Q006790,ES,Madrid,paracaidismo,0,0,0,2026-06-13
Q006791,ES,Madrid,paracaidismo,0,0,0,2026-06-17
Q006792,ES,Valencia,masaje tailandes,1,0,0,2026-06-05
Q006793,ES,Barcelona,karting,17,0,0,2026-06-15
Q006794,ES,Madrid,bolera,1,0,0,2026-06-13
Q006795,ES,Madrid,tinte pelo,35,0,0,2026-06-08
Q006796,ES,Valencia,manicura,6,1,0,2026-06-03
Q006797,ES,Valencia,tinte pelo,39,0,0,2026-06-15
Q006798,ES,Madrid,escape room,6,1,1,2026-06-10
Q006799,ES,Madrid,pilates,14,0,0,2026-06-30
Q006800,ES,Barcelona,sushi,24,0,0,2026-06-18
Q006801,ES,Barcelona,masaje en pareja,17,1,0,2026-06-14
Q006802,ES,Madrid,masaje tailandes,1,0,0,2026-06-30
Q006803,ES,Madrid,karting,23,0,0,2026-06-01
Q006804,ES,Madrid,vuelo en helicoptero,0,0,0,2026-06-20
Q006805,ES,Sevilla,crossfit,2,0,0,2026-06-30
Q006806,ES,Sevilla,bolera,1,0,0,2026-06-25
Q006807,ES,Madrid,brunch,0,0,0,2026-06-08
Q006808,ES,Madrid,pilates,34,0,0,2026-06-13
Q006809,ES,Madrid,gimnasio,1,0,0,2026-06-30
Q006810,ES,Madrid,paracaidismo,0,0,0,2026-06-14
Q006811,ES,Madrid,gimnasio,25,1,0,2026-06-28
Q006812,ES,Madrid,manicura,0,0,0,2026-06-01
Q006813,ES,Madrid,sushi,1,0,0,2026-06-13
Q006814,ES,Madrid,manicura,2,0,0,2026-06-10
Q006815,ES,Madrid,masaje tailandes,19,0,0,2026-06-11
Q006816,ES,Madrid,bolera,0,0,0,2026-06-07
Q006817,ES,Madrid,peluqueria,0,0,0,2026-06-20
Q006818,ES,Valencia,rafting,0,0,0,2026-06-07
Q006819,ES,Valencia,rafting,0,0,0,2026-06-24
Q006820,ES,Barcelona,brunch,2,0,0,2026-06-22
Q006821,ES,Madrid,tapas,9,1,0,2026-06-08
Q006822,ES,Madrid,paintball,10,1,0,2026-06-16
Q006823,ES,Valencia,deep tissue massage,37,0,0,2026-06-23
Q006824,ES,Valencia,masaje espalda,5,0,0,2026-06-25
Q006825,ES,Madrid,paseo en globo,0,0,0,2026-06-07
Q006826,ES,Valencia,rafting,0,0,0,2026-06-02
Q006827,ES,Madrid,bolera,1,0,0,2026-06-17
Q006828,ES,Barcelona,tapas,1,0,0,2026-06-08
Q006829,ES,Valencia,gimnasio,2,0,0,2026-06-22
Q006830,ES,Barcelona,gmnasio,1,0,0,2026-06-17
Q006831,ES,Sevilla,masaje espalda,2,0,0,2026-06-21
Q006832,ES,Valencia,escape room,0,0,0,2026-06-28
Q006833,ES,Valencia,vuelo en helicoptero,0,0,0,2026-06-13
Q006834,ES,Madrid,sushi,37,0,0,2026-06-14
Q006835,ES,Madrid,haircut,1,0,0,2026-06-30
Q006836,ES,Madrid,paseo en globo,0,0,0,2026-06-01
Q006837,ES,Sevilla,arroceriia,2,0,0,2026-06-25
Q006838,ES,Valencia,arroceria,23,0,0,2026-06-22
Q006839,ES,Madrid,manicura,2,0,0,2026-06-14
Q006840,ES,Barcelona,tour ciudad,1,0,0,2026-06-26
Q006841,ES,Madrid,hamburguesa,25,0,0,2026-06-12
Q006842,ES,Madrid,karting,1,0,0,2026-06-13
Q006843,ES,Madrid,escape room,5,1,0,2026-06-12
Q006844,ES,Valencia,sushi,21,0,0,2026-06-01
Q006845,ES,Valencia,personal trainer,1,0,0,2026-06-30
Q006846,ES,Madrid,paseo en globo,0,0,0,2026-06-04
Q006847,ES,Sevilla,clase de yoga,12,0,0,2026-06-19
Q006848,ES,Madrid,tapas,1,0,0,2026-06-06
Q006849,ES,Madrid,paracaidismo,0,0,0,2026-06-16
Q006850,ES,Valencia,sushi,23,0,0,2026-06-29
Q006851,ES,Valencia,manicura,21,0,0,2026-06-06
Q006852,ES,Valencia,sushi,1,0,0,2026-06-28
Q006853,ES,Barcelona,escape room,1,0,0,2026-06-27
Q006854,ES,Madrid,gimnasio,1,0,0,2026-06-11
Q006855,ES,Sevilla,vuelo enhelicoptero,0,0,0,2026-06-24
Q006856,ES,Madrid,masaje descontracturante,18,1,1,2026-06-12
Q006857,ES,Madrid,vuelo en helicoptero,0,0,0,2026-06-10
Q006858,ES,Sevilla,escape room,25,1,0,2026-06-15
Q006859,ES,Madrid,hamburguesa,2,0,0,2026-06-27
Q006860,ES,Madrid,escape room,24,0,0,2026-06-26
Q006861,ES,Barcelona,escape room,27,0,0,2026-06-23
Q006862,ES,Madrid,escape room,1,0,0,2026-06-13
Q006863,ES,Madrid,sushi,1,0,0,2026-06-23
Q006864,ES,Madrid,rafting,0,0,0,2026-06-28
Q006865,ES,Valencia,masaje tailandes,4,1,1,2026-06-06
Q006866,ES,Sevilla,karting,19,1,0,2026-06-14
Q006867,ES,Valencia,paracaidismo,0,0,0,2026-06-08
Q006868,ES,Sevilla,pilates,17,0,0,2026-06-16
Q006869,ES,Madrid,escape room,14,1,0,2026-06-30
Q006870,ES,Madrid,paintball,0,0,0,2026-06-11
Q006871,ES,Madrid,paseo en globo,0,0,0,2026-06-30
Q006872,ES,Madrid,peluqueria,5,0,0,2026-06-01
Q006873,ES,Madrid,rafaing,0,0,0,2026-06-16
Q006874,ES,Madrid,masaje en pareja,2,0,0,2026-06-27
Q006875,ES,Madrid,arroceria,9,0,0,2026-06-10
Q006876,ES,Valencia,tour ciudad,1,1,0,2026-06-05
Q006877,ES,Sevilla,tinte pelo,12,0,0,2026-06-27
Q006878,ES,Valencia,masaje tailandes,4,0,0,2026-06-28
Q006879,ES,Madrid,rafting,0,0,0,2026-06-08
Q006880,ES,Madrid,paintball,14,1,1,2026-06-20
Q006881,ES,Sevilla,manicura,15,1,0,2026-06-26
Q006882,ES,Madrid,paseo en globo,0,0,0,2026-06-02
Q006883,ES,Madrid,manicure,0,0,0,2026-06-12
Q006884,ES,Valencia,masaje espalda,12,1,1,2026-06-30
Q006885,ES,Sevilla,pilates,22,0,0,2026-06-14
Q006886,ES,Madrid,masaje en pareja,6,1,0,2026-06-14
Q006887,ES,Sevilla,masaje tailandes,36,0,0,2026-06-08
Q006888,ES,Barcelona,arroceria,21,1,0,2026-06-29
Q006889,ES,Barcelona,masaje descontracturante,6,1,0,2026-06-15
Q006890,ES,Madrid,sushi,18,1,0,2026-06-27
Q006891,ES,Madrid,clase de yoga,2,0,0,2026-06-02
Q006892,ES,Madrid,masaje en pareja,0,0,0,2026-06-19
Q006893,ES,Madrid,tour ciudad,24,0,0,2026-06-21
Q006894,ES,Barcelona,masaje descontracturante,24,0,0,2026-06-02
Q006895,ES,Madrid,sushi,25,1,0,2026-06-15
Q006896,ES,Madrid,hamburguesa,7,0,0,2026-06-25
Q006897,ES,Sevilla,paracaidismo,0,0,0,2026-06-14
Q006898,ES,Madrid,paracaidismo,0,0,0,2026-06-25
Q006899,ES,Barcelona,gimnesio,2,0,0,2026-06-16
Q006900,ES,Madrid,peluqueia,9,0,0,2026-06-19
Q006901,ES,Sevilla,brunch,4,1,0,2026-06-10
Q006902,ES,Valencia,arroceria,1,0,0,2026-06-07
Q006903,ES,Barcelona,paseo en globo,0,0,0,2026-06-12
Q006904,ES,Sevilla,hamburguesa,14,0,0,2026-06-01
Q006905,ES,Valencia,masaje tailandes,15,1,0,2026-06-08
Q006906,ES,Madrid,paracaidismo,0,0,0,2026-06-16
Q006907,ES,Barcelona,vuelo en helicoptero,0,0,0,2026-06-13
Q006908,ES,Valencia,parocaidismo,0,0,0,2026-06-18
Q006909,ES,Madrid,pilates,23,0,0,2026-06-15
Q006910,ES,Valencia,tour ciudad,7,1,0,2026-06-12
Q006911,ES,Sevilla,caossfit,2,0,0,2026-06-11
Q006912,ES,Valencia,vuelo en helicoptero,0,0,0,2026-06-17
Q006913,ES,Madrid,escape room,2,0,0,2026-06-21
Q006914,ES,Valencia,masaje en pareja,15,1,0,2026-06-23
Q006915,ES,Sevilla,hamburguesa,0,0,0,2026-06-03
Q006916,ES,Barcelona,masaje en pareja,19,1,0,2026-06-01
Q006917,ES,Madrid,bolera,11,1,0,2026-06-05
Q006918,ES,Barcelona,masaje tailandes,0,0,0,2026-06-16
Q006919,ES,Madrid,masaje espalda,11,0,0,2026-06-23
Q006920,ES,Madrid,bolera,2,0,0,2026-06-05
Q006921,ES,Madrid,back massage,10,0,0,2026-06-19
Q006922,ES,Madrid,masaje descontracturante,6,0,0,2026-06-17
Q006923,ES,Madrid,vuelo en helicoptero,0,0,0,2026-06-13
Q006924,ES,Madrid,tour ciudad,0,0,0,2026-06-06
Q006925,ES,Madrid,personal trainer,8,0,0,2026-06-25
Q006926,ES,Barcelona,crossfit,0,0,0,2026-06-11
Q006927,ES,Madrid,rafting,0,0,0,2026-06-09
Q006928,ES,Barcelona,bolera,16,0,0,2026-06-15
Q006929,ES,Madrid,crossfit,1,1,0,2026-06-23
Q006930,ES,Sevilla,paseo en globo,0,0,0,2026-06-30
Q006931,ES,Valencia,limpieza facial,0,0,0,2026-06-03
Q006932,ES,Madrid,paracaidismo,0,0,0,2026-06-30
Q006933,ES,Valencia,gimnasio,0,0,0,2026-06-01
Q006934,ES,Madrid,masaje tailandees,2,0,0,2026-06-13
Q006935,ES,Madrid,hamburguesa,8,1,0,2026-06-18
Q006936,ES,Madrid,tour ciudad,0,0,0,2026-06-12
Q006937,ES,Valencia,crossfit,25,0,0,2026-06-01
Q006938,ES,Valencia,escape room,21,0,0,2026-06-04
Q006939,ES,Valencia,bolera,4,1,0,2026-06-20
Q006940,ES,Madrid,brunch,16,1,0,2026-06-30
Q006941,ES,Barcelona,bolera,0,0,0,2026-06-27
Q006942,ES,Valencia,clase de yoga,14,1,0,2026-06-25
Q006943,ES,Sevilla,tapas,0,0,0,2026-06-06
Q006944,ES,Madrid,tapas,23,1,0,2026-06-11
Q006945,ES,Valencia,masaje tailandes,0,0,0,2026-06-18
Q006946,ES,Madrid,sushi,35,0,0,2026-06-29
Q006947,ES,Valencia,paseo en globo,0,0,0,2026-06-30
Q006948,ES,Madrid,limpieza facial,1,0,0,2026-06-17
Q006949,ES,Madrid,masaje tailandes,6,1,0,2026-06-11
Q006950,ES,Madrid,vuelo en helicoptero,0,0,0,2026-06-08
Q006951,ES,Madrid,escape room,19,1,0,2026-06-14
Q006952,ES,Sevilla,masaje descontracturante,31,0,0,2026-06-14
Q006953,ES,Barcelona,masaje espalda,13,1,0,2026-06-05
Q006954,ES,Madrid,arroceria,19,0,0,2026-06-19
Q006955,ES,Madrid,bolera,6,1,0,2026-06-20
Q006956,ES,Madrid,extensiones pestañas,5,1,1,2026-06-24
Q006957,ES,Madrid,pilates,0,0,0,2026-06-21
Q006958,ES,Madrid,clse de yoga,7,1,0,2026-06-13
Q006959,ES,Madrid,clase de yoga,8,0,0,2026-06-02
Q006960,ES,Madrid,crossfit,22,1,1,2026-06-04
Q006961,ES,Madrid,tinte pelo,28,0,0,2026-06-22
Q006962,ES,Madrid,paracaidismo,0,0,0,2026-06-16
Q006963,ES,Madrid,masaje tailandes,7,1,0,2026-06-15
Q006964,ES,Madrid,tapas,24,1,1,2026-06-09
Q006965,ES,Sevilla,masaje tailandes,23,1,1,2026-06-17
Q006966,ES,Sevilla,peluqueria,1,0,0,2026-06-25
Q006967,ES,Sevilla,brunch,1,1,0,2026-06-01
Q006968,ES,Barcelona,peluqueria,20,1,0,2026-06-21
Q006969,ES,Barcelona,bowling,1,1,1,2026-06-09
Q006970,ES,Madrid,clase de yoga,2,0,0,2026-06-19
Q006971,ES,Valencia,arroceria,33,0,0,2026-06-24
Q006972,ES,Madrid,manicura,21,0,0,2026-06-30
Q006973,ES,Barcelona,extensioones pestañas,0,0,0,2026-06-05
Q006974,ES,Madrid,go karting,2,0,0,2026-06-22
Q006975,ES,Madrid,sushi,0,0,0,2026-06-15
Q006976,ES,Madrid,peluqueria,15,1,0,2026-06-23
Q006977,ES,Barcelona,peluqueria,4,0,0,2026-06-14
Q006978,ES,Sevilla,masaje descontracturante,2,0,0,2026-06-02
Q006979,ES,Madrid,crossfit,21,1,0,2026-06-06
Q006980,ES,Barcelona,rafting,0,0,0,2026-06-14
Q006981,ES,Madrid,masaje espalda,9,0,0,2026-06-14
Q006982,ES,Madrid,entrenador personal,5,0,0,2026-06-14
Q006983,ES,Madrid,extensiones pestañas,14,1,0,2026-06-19
Q006984,ES,Madrid,thai massage,0,0,0,2026-06-22
Q006985,ES,Madrid,sushi,37,0,0,2026-06-29
Q006986,ES,Madrid,bolera,2,0,0,2026-06-28
Q006987,ES,Barcelona,clase de yoga,25,1,1,2026-06-21
Q006988,ES,Sevilla,paracaidismo,0,0,0,2026-06-17
Q006989,ES,Madrid,tour ciudad,18,1,0,2026-06-08
Q006990,ES,Madrid,tinte pelo,18,0,0,2026-06-04
Q006991,ES,Barcelona,sushi,1,0,0,2026-06-27
Q006992,ES,Barcelona,limpieza facial,4,0,0,2026-06-28
Q006993,ES,Barcelona,clase de yoga,16,1,1,2026-06-20
Q006994,ES,Valencia,sushi,9,1,0,2026-06-05
Q006995,ES,Valencia,tinte pelo,1,1,0,2026-06-02
Q006996,ES,Madrid,tapas,1,1,0,2026-06-12
Q006997,ES,Valencia,hamburguesa,2,0,0,2026-06-20
Q006998,ES,Madrid,vuelo en helicoptero,0,0,0,2026-06-11
Q006999,ES,Sevilla,paracaidismo,0,0,0,2026-06-02
Q007000,ES,Valencia,paintball,13,1,0,2026-06-09
Q007001,ES,Sevilla,vuelo en helicoptero,0,0,0,2026-06-23
Q007002,ES,Valencia,tour ciudad,1,0,0,2026-06-05
Q007003,ES,Madrid,hamburguesa,4,1,0,2026-06-27
Q007004,ES,Madrid,extensiones pestañas,8,1,0,2026-06-02
Q007005,ES,Madrid,crossfit,19,1,1,2026-06-30
Q007006,ES,Madrid,gimnasio,11,1,0,2026-06-06
Q007007,ES,Barcelona,arroceria,0,0,0,2026-06-23
Q007008,ES,Madrid,limpieza facial,0,0,0,2026-06-23
Q007009,ES,Madrid,tour ciudad,22,0,0,2026-06-17
Q007010,ES,Sevilla,masaje espalda,2,0,0,2026-06-16
Q007011,ES,Valencia,city tour,2,0,0,2026-06-19
Q007012,ES,Barcelona,indian restaurant,14,1,0,2026-06-26
Q007013,ES,Madrid,facial,0,0,0,2026-06-03
Q007014,ES,Madrid,tour ciudad,8,1,0,2026-06-19
Q007015,ES,Barcelona,masaje descontracturante,13,0,0,2026-06-30
Q007016,ES,Madrid,sushi,0,0,0,2026-06-13
Q007017,ES,Madrid,couples massage,0,0,0,2026-06-26
Q007018,ES,Barcelona,vueli en helicoptero,0,0,0,2026-06-15
Q007019,ES,Barcelona,hamburguesa,2,0,0,2026-06-03
Q007020,ES,Barcelona,paseo en globo,0,0,0,2026-06-25
Q007021,ES,Madrid,paracaidismo,0,0,0,2026-06-03
Q007022,ES,Valencia,extensiones pestañas,2,0,0,2026-06-15
Q007023,ES,Madrid,manicura,1,0,0,2026-06-14
Q007024,ES,Valencia,raiting,0,0,0,2026-06-06
Q007025,ES,Madrid,brunch,24,0,0,2026-06-26
Q007026,ES,Barcelona,gimnasio,1,0,0,2026-06-26
Q007027,ES,Madrid,paintball,23,1,0,2026-06-05
Q007028,ES,Barcelona,peluqueria,0,0,0,2026-06-29
Q007029,ES,Barcelona,sushi,11,0,0,2026-06-21
Q007030,ES,Madrid,crossfit,2,0,0,2026-06-06
Q007031,ES,Barcelona,paseo en globo,0,0,0,2026-06-08
Q007032,ES,Madrid,masaje tailandes,2,0,0,2026-06-21
Q007033,ES,Barcelona,clae de yoga,39,0,0,2026-06-07
Q007034,ES,Barcelona,limpieza facial,13,1,1,2026-06-17
Q007035,ES,Valencia,masaje tailandes,28,0,0,2026-06-01
Q007036,ES,Valencia,rafting,0,0,0,2026-06-28
Q007037,ES,Sevilla,paseo en globo,0,0,0,2026-06-02
Q007038,ES,Valencia,peauqueria,2,0,0,2026-06-03
Q007039,ES,Madrid,masaje descontracturante,26,0,0,2026-06-19
Q007040,ES,Madrid,limpieza facial,10,1,1,2026-06-05
Q007041,ES,Valencia,yoga class,1,1,0,2026-06-02
Q007042,ES,Sevilla,masaje descontracturante,2,0,0,2026-06-21
Q007043,ES,Sevilla,hamburguesa,32,0,0,2026-06-04
Q007044,ES,Madrid,vuelo en helicoptero,0,0,0,2026-06-16
Q007045,ES,Valencia,brunch,2,0,0,2026-06-05
Q007046,ES,Valencia,paseo en globo,0,0,0,2026-06-11
Q007047,ES,Madrid,hamburguesa,17,0,0,2026-06-02
Q007048,ES,Sevilla,tinte pelo,0,0,0,2026-06-24
Q007049,ES,Madrid,maaicura,0,0,0,2026-06-09
Q007050,ES,Valencia,rfting,0,0,0,2026-06-25
Q007051,ES,Madrid,pilates,4,1,1,2026-06-29
Q007052,ES,Madrid,clase de yoga,1,0,0,2026-06-14
Q007053,ES,Barcelona,extensiones pestañas,2,0,0,2026-06-03
Q007054,ES,Madrid,gimnasio,30,1,0,2026-06-14
Q007055,ES,Madrid,manicura,1,0,0,2026-06-13
Q007056,ES,Madrid,rafting,0,0,0,2026-06-10
Q007057,ES,Sevilla,brunch,2,0,0,2026-06-26
Q007058,ES,Madrid,vuelo en helicoptero,0,0,0,2026-06-29
Q007059,ES,Valencia,karting,23,1,0,2026-06-21
Q007060,ES,Madrid,rafting,0,0,0,2026-06-19
Q007061,ES,Madrid,masaje tailandes,9,1,0,2026-06-25
Q007062,ES,Barcelona,rafting,0,0,0,2026-06-03
Q007063,ES,Madrid,masaje espalda,1,0,0,2026-06-25
Q007064,ES,Madrid,bowling,16,0,0,2026-06-21
Q007065,ES,Madrid,manicura,0,0,0,2026-06-03
Q007066,ES,Valencia,pilates,2,0,0,2026-06-06
Q007067,ES,Sevilla,masaje tailandes,23,1,1,2026-06-08
Q007068,ES,Valencia,vuelo en helicoptero,0,0,0,2026-06-11
Q007069,ES,Madrid,brunch,20,0,0,2026-06-18
Q007070,ES,Madrid,masaje en pareja,12,1,1,2026-06-22
Q007071,ES,Madrid,masaje en pareja,1,0,0,2026-06-30
Q007072,ES,Valencia,couples massage,0,0,0,2026-06-10
Q007073,ES,Valencia,vuelo en helicoptero,0,0,0,2026-06-24
Q007074,ES,Barcelona,tpas,5,0,0,2026-06-22
Q007075,ES,Madrid,bolera,16,1,0,2026-06-06
Q007076,ES,Madrid,manicura,25,0,0,2026-06-17
Q007077,ES,Valencia,peluqueria,1,1,0,2026-06-22
Q007078,ES,Madrid,peluqueria,7,1,1,2026-06-13
Q007079,ES,Valencia,masaje descontracturante,2,0,0,2026-06-28
Q007080,ES,Barcelona,masaje tailandes,1,0,0,2026-06-26
Q007081,ES,Madrid,paintball,7,1,0,2026-06-18
Q007082,ES,Sevilla,arroceria,0,0,0,2026-06-29
Q007083,ES,Madrid,paintball,4,0,0,2026-06-18
Q007084,ES,Madrid,manicura,0,0,0,2026-06-06
Q007085,ES,Madrid,back massage,0,0,0,2026-06-02
Q007086,ES,Madrid,vuelo en helicoptero,0,0,0,2026-06-26
Q007087,ES,Madrid,pilates,1,0,0,2026-06-19
Q007088,ES,Madrid,karting,20,1,1,2026-06-01
Q007089,ES,Barcelona,go karting,2,0,0,2026-06-21
Q007090,ES,Sevilla,paintball,2,0,0,2026-06-07
Q007091,ES,Madrid,hamburguesa,0,0,0,2026-06-27
Q007092,ES,Madrid,escape room,20,1,0,2026-06-04
Q007093,ES,Valencia,crossfit,18,0,0,2026-06-21
Q007094,ES,Madrid,escape room,0,0,0,2026-06-29
Q007095,ES,Madrid,bolera,9,0,0,2026-06-14
Q007096,ES,Madrid,vuelo en helicootero,0,0,0,2026-06-02
Q007097,ES,Barcelona,paintball,2,1,1,2026-06-03
Q007098,ES,Madrid,crossfit,1,0,0,2026-06-29
Q007099,ES,Madrid,extensiones pestañas,21,0,0,2026-06-28
Q007100,ES,Madrid,deep tissue massage,1,0,0,2026-06-25
Q007101,ES,Madrid,masaje en pareja,1,0,0,2026-06-19
Q007102,ES,Sevilla,back massage,0,0,0,2026-06-22
Q007103,ES,Madrid,pilates,1,0,0,2026-06-18
Q007104,ES,Madrid,escape room,1,0,0,2026-06-07
Q007105,ES,Madrid,masaje tailandes,2,0,0,2026-06-16
Q007106,ES,Madrid,entrenadorpersonal,18,0,0,2026-06-03
Q007107,ES,Valencia,limpieza facial,19,0,0,2026-06-27
Q007108,ES,Madrid,bolera,0,0,0,2026-06-22
Q007109,ES,Barcelona,tapas,5,1,1,2026-06-05
Q007110,ES,Barcelona,clase de yoga,9,0,0,2026-06-07
Q007111,ES,Madrid,rafting,0,0,0,2026-06-14
Q007112,ES,Valencia,hamburguesa,1,0,0,2026-06-16
Q007113,ES,Madrid,masaje espalda,0,0,0,2026-06-21
Q007114,ES,Madrid,extensiones pestañas,4,0,0,2026-06-22
Q007115,ES,Madrid,masaje en pareja,0,0,0,2026-06-05
Q007116,ES,Madrid,bruunch,18,0,0,2026-06-04
Q007117,ES,Madrid,tinte pelo,38,0,0,2026-06-13
Q007118,ES,Madrid,limpieza facial,0,0,0,2026-06-18
Q007119,ES,Valencia,rafting,0,0,0,2026-06-08
Q007120,ES,Madrid,peluqueria,1,0,0,2026-06-16
Q007121,ES,Barcelona,vuelo en helicoptero,0,0,0,2026-06-29
Q007122,ES,Valencia,clase  de yoga,2,0,0,2026-06-26
Q007123,ES,Madrid,facial,1,0,0,2026-06-13
Q007124,ES,Madrid,paracaidismo,0,0,0,2026-06-04
Q007125,ES,Madrid,pilatis,25,0,0,2026-06-11
Q007126,ES,Barcelona,paracaidismo,0,0,0,2026-06-25
Q007127,ES,Madrid,masaje espalda,6,1,0,2026-06-25
Q007128,ES,Madrid,masaje espalda,20,1,0,2026-06-02
Q007129,ES,Sevilla,paracaidismo,0,0,0,2026-06-11
Q007130,ES,Madrid,manicura,1,0,0,2026-06-11
Q007131,ES,Madrid,entrenador personal,2,0,0,2026-06-11
Q007132,ES,Madrid,pilatos,0,0,0,2026-06-13
Q007133,ES,Valencia,masaje en pareja,12,1,0,2026-06-19
Q007134,ES,Valencia,sushi,19,0,0,2026-06-01
Q007135,ES,Valencia,brunch,10,1,1,2026-06-25
Q007136,ES,Madrid,rafting,0,0,0,2026-06-02
Q007137,ES,Madrid,sushi,2,0,0,2026-06-30
Q007138,ES,Madrid,pilates,37,0,0,2026-06-24
Q007139,ES,Barcelona,clase de yoga,20,0,0,2026-06-13
Q007140,ES,Madrid,gimnasio,19,0,0,2026-06-27
Q007141,ES,Sevilla,crossfit,20,1,1,2026-06-22
Q007142,ES,Valencia,tapas,14,1,0,2026-06-11
Q007143,ES,Valencia,karting,21,0,0,2026-06-25
Q007144,ES,Barcelona,masaje tailandes,1,0,0,2026-06-20
Q007145,ES,Barcelona,entrenador personal,16,0,0,2026-06-27
Q007146,ES,Barcelona,paintball,1,1,1,2026-06-08
Q007147,ES,Barcelona,arroceria,33,0,0,2026-06-19
Q007148,ES,Valencia,tapas,0,0,0,2026-06-08
Q007149,ES,Madrid,gimnasio,6,0,0,2026-06-29
Q007150,ES,Barcelona,sports massage,34,1,0,2026-06-21
Q007151,ES,Madrid,gimnasio,1,0,0,2026-06-18
Q007152,ES,Madrid,tinte pelo,1,0,0,2026-06-22
Q007153,ES,Madrid,manicura,1,0,0,2026-06-10
Q007154,ES,Valencia,vuelo en helicoptero,0,0,0,2026-06-04
Q007155,ES,Madrid,pilates,2,0,0,2026-06-09
Q007156,ES,Sevilla,masaje descontracturante,22,0,0,2026-06-25
Q007157,ES,Sevilla,masaje tailandes,25,1,1,2026-06-05
Q007158,ES,Valencia,manicura,16,1,1,2026-06-13
Q007159,ES,Madrid,paracaidismo,0,0,0,2026-06-03
Q007160,ES,Madrid,rafting,0,0,0,2026-06-20
Q007161,ES,Sevilla,brunch,1,0,0,2026-06-23
Q007162,ES,Valencia,arroceria,23,1,0,2026-06-30
Q007163,ES,Madrid,pilates,28,0,0,2026-06-19
Q007164,ES,Valencia,sushi,13,1,0,2026-06-08
Q007165,ES,Madrid,hamburguesa,1,0,0,2026-06-13
Q007166,ES,Madrid,pilates,1,0,0,2026-06-02
Q007167,ES,Madrid,entrenador personal,7,1,1,2026-06-08
Q007168,ES,Madrid,gimnasio,14,0,0,2026-06-17
Q007169,ES,Madrid,paracaidismo,0,0,0,2026-06-11
Q007170,ES,Madrid,pilates,13,0,0,2026-06-07
Q007171,ES,Valencia,couples massage,2,0,0,2026-06-30
Q007172,ES,Madrid,bolera,19,0,0,2026-06-28
Q007173,ES,Madrid,bolera,8,1,0,2026-06-27
Q007174,ES,Barcelona,masaje descontracturante,2,1,0,2026-06-24
Q007175,ES,Valencia,steak dinner,0,0,0,2026-06-29
Q007176,ES,Madrid,masaje espalda,0,0,0,2026-06-28
Q007177,ES,Sevilla,clase de yoga,7,0,0,2026-06-12
Q007178,ES,Madrid,hamburguesa,21,1,0,2026-06-27
Q007179,ES,Barcelona,karting,16,0,0,2026-06-23
Q007180,ES,Madrid,limpieza facial,37,1,0,2026-06-11
Q007181,ES,Barcelona,susshi,25,0,0,2026-06-30
Q007182,ES,Sevilla,paracaidismo,0,0,0,2026-06-23
Q007183,ES,Madrid,peluqueria,10,0,0,2026-06-30
Q007184,ES,Madrid,masaje tailandes,29,0,0,2026-06-25
Q007185,ES,Madrid,paracaidismo,0,0,0,2026-06-17
Q007186,ES,Madrid,sushi,8,1,1,2026-06-28
Q007187,ES,Barcelona,extensiones pestañas,0,0,0,2026-06-22
Q007188,ES,Barcelona,pilates,2,0,0,2026-06-12
Q007189,ES,Barcelona,masaje espalda,19,1,0,2026-06-11
Q007190,ES,Madrid,extensiones pestañas,25,1,0,2026-06-24
Q007191,ES,Barcelona,limpieza faciaal,22,1,1,2026-06-01
Q007192,ES,Madrid,tapas,16,0,0,2026-06-30
Q007193,ES,Madrid,paseo en globo,0,0,0,2026-06-04
Q007194,ES,Barcelona,manicura,6,1,1,2026-06-14
Q007195,ES,Madrid,sushi,12,0,0,2026-06-22
Q007196,ES,Madrid,limpieza facial,37,0,0,2026-06-27
Q007197,ES,Valencia,limpieza facial,19,0,0,2026-06-13
Q007198,ES,Valencia,masaje en pareja,0,0,0,2026-06-07
Q007199,ES,Sevilla,vuelo en helicoptero,0,0,0,2026-06-23
Q007200,ES,Valencia,masaje espalda,1,0,0,2026-06-11
Q007201,ES,Madrid,brunch,1,0,0,2026-06-02
Q007202,ES,Valencia,crossfit,26,0,0,2026-06-05
Q007203,ES,Sevilla,gimnasio,12,1,0,2026-06-16
Q007204,ES,Madrid,back massage,32,1,0,2026-06-21
Q007205,ES,Madrid,clase de yoga,1,0,0,2026-06-07
Q007206,ES,Valencia,masaje tailandes,2,0,0,2026-06-27
Q007207,ES,Sevilla,paseo en globo,0,0,0,2026-06-28
Q007208,ES,Barcelona,tapas,6,0,0,2026-06-07
Q007209,ES,Valencia,escape room,1,0,0,2026-06-17
Q007210,ES,Madrid,masaje tailandes,8,0,0,2026-06-12
Q007211,ES,Madrid,limpieza facial,13,0,0,2026-06-08
Q007212,ES,Madrid,entrenador personal,12,0,0,2026-06-20
Q007213,ES,Sevilla,gimnasio,0,0,0,2026-06-03
Q007214,ES,Valencia,rafting,0,0,0,2026-06-28
Q007215,ES,Barcelona,eyelash extensions,1,0,0,2026-06-12
Q007216,ES,Madrid,masaje espalda,1,0,0,2026-06-02
Q007217,ES,Barcelona,masaje espalda,7,1,0,2026-06-28
Q007218,ES,Barcelona,paracaidismo,0,0,0,2026-06-11
Q007219,ES,Sevilla,rafting,0,0,0,2026-06-25
Q007220,ES,Madrid,deep tissue massage,2,0,0,2026-06-05
Q007221,ES,Barcelona,paseo en globo,0,0,0,2026-06-12
Q007222,ES,Sevilla,limpieza facial,22,1,0,2026-06-15
Q007223,ES,Madrid,rafting,0,0,0,2026-06-18
Q007224,ES,Sevilla,crossfit,8,1,1,2026-06-30
Q007225,ES,Valencia,crossft,20,1,0,2026-06-23
Q007226,ES,Madrid,manicura,15,1,0,2026-06-02
Q007227,ES,Madrid,clase de yoga,1,1,1,2026-06-24
Q007228,ES,Madrid,sushi,0,0,0,2026-06-22
Q007229,ES,Sevilla,sushi,0,0,0,2026-06-27
Q007230,ES,Valencia,brunch,0,0,0,2026-06-01
Q007231,ES,Madrid,masaje en pareja,0,0,0,2026-06-13
Q007232,ES,Madrid,crossfit,24,0,0,2026-06-21
Q007233,ES,Valencia,hamburguesa,15,1,1,2026-06-22
Q007234,ES,Madrid,rafting,0,0,0,2026-06-17
Q007235,ES,Valencia,masaje descontracturante,39,1,0,2026-06-19
Q007236,ES,Madrid,pilates,2,0,0,2026-06-08
Q007237,ES,Madrid,brunch,0,0,0,2026-06-05
Q007238,ES,Barcelona,entrenador personal,0,0,0,2026-06-21
Q007239,ES,Madrid,karting,2,0,0,2026-06-09
Q007240,ES,Barcelona,sushi,9,0,0,2026-06-14
Q007241,ES,Sevilla,limpieza facial,1,0,0,2026-06-02
Q007242,ES,Barcelona,manicure,20,0,0,2026-06-03
Q007243,ES,Madrid,vuelo en helicoptero,0,0,0,2026-06-10
Q007244,ES,Madrid,masaje en pareja,24,1,1,2026-06-29
Q007245,ES,Valencia,escape room,35,0,0,2026-06-10
Q007246,ES,Madrid,entrenador personal,9,0,0,2026-06-07
Q007247,ES,Madrid,indian restaurant,1,0,0,2026-06-19
Q007248,ES,Barcelona,karting,1,0,0,2026-06-21
Q007249,ES,Madrid,pilates,0,0,0,2026-06-18
Q007250,ES,Barcelona,karting,25,0,0,2026-06-20
Q007251,ES,Valencia,entrenador personal,1,1,0,2026-06-05
Q007252,ES,Barcelona,rafting,0,0,0,2026-06-06
Q007253,ES,Valencia,rafting,0,0,0,2026-06-10
Q007254,ES,Madrid,rafting,0,0,0,2026-06-13
Q007255,ES,Madrid,susi,19,1,0,2026-06-15
Q007256,ES,Madrid,aaroceria,22,0,0,2026-06-23
Q007257,ES,Barcelona,steak dinner,2,0,0,2026-06-29
Q007258,ES,Madrid,paseo en globo,0,0,0,2026-06-29
Q007259,ES,Barcelona,pilates,21,1,1,2026-06-22
Q007260,ES,Valencia,vuelo en helicoptero,0,0,0,2026-06-24
Q007261,ES,Barcelona,bolera,0,0,0,2026-06-30
Q007262,ES,Sevilla,entrenador personal,2,0,0,2026-06-18
Q007263,ES,Barcelona,peloqueria,17,0,0,2026-06-25
Q007264,ES,Barcelona,crossfit,21,0,0,2026-06-17
Q007265,ES,Madrid,escape room,6,1,0,2026-06-10
Q007266,ES,Sevilla,masaje en pareja,10,1,1,2026-06-26
Q007267,ES,Valencia,masaje espalda,31,0,0,2026-06-19
Q007268,ES,Sevilla,pilates,33,0,0,2026-06-22
Q007269,ES,Madrid,limpieza facial,1,0,0,2026-06-04
Q007270,ES,Madrid,bowling,1,0,0,2026-06-27
Q007271,ES,Valencia,clase de yoga,1,0,0,2026-06-21
Q007272,ES,Sevilla,tinte pelo,5,1,1,2026-06-06
Q007273,ES,Valencia,tapas,1,0,0,2026-06-03
Q007274,ES,Valencia,paseo en globo,0,0,0,2026-06-12
Q007275,ES,Valencia,arroceria,2,0,0,2026-06-20
Q007276,ES,Madrid,haircut,1,0,0,2026-06-28
Q007277,ES,Madrid,bolera,16,1,0,2026-06-12
Q007278,ES,Madrid,tinte pelo,0,0,0,2026-06-13
Q007279,ES,Valencia,bolera,24,0,0,2026-06-16
Q007280,ES,Madrid,peluqueria,0,0,0,2026-06-30
Q007281,ES,Barcelona,gimnasio,16,0,0,2026-06-21
Q007282,ES,Madrid,sushi,9,0,0,2026-06-01
Q007283,ES,Madrid,rafting,0,0,0,2026-06-06
Q007284,ES,Sevilla,vuelo en helicoptero,0,0,0,2026-06-19
Q007285,ES,Valencia,gimnasio,1,0,0,2026-06-23
Q007286,ES,Sevilla,limpieza facial,1,0,0,2026-06-13
Q007287,ES,Madrid,masaje en pareja,10,1,1,2026-06-07
Q007288,ES,Valencia,entrenador personal,18,0,0,2026-06-22
Q007289,ES,Madrid,extensiones pestañas,1,0,0,2026-06-01
Q007290,ES,Barcelona,vuelo en helicoptero,0,0,0,2026-06-21
Q007291,ES,Madrid,masaje tailandes,2,1,1,2026-06-14
Q007292,ES,Madrid,karting,10,0,0,2026-06-10
Q007293,ES,Madrid,rafting,0,0,0,2026-06-12
Q007294,ES,Valencia,gimnasio,2,0,0,2026-06-12
Q007295,ES,Barcelona,pilates,0,0,0,2026-06-09
Q007296,ES,Madrid,deep tissue massage,0,0,0,2026-06-22
Q007297,ES,Madrid,rafting,0,0,0,2026-06-25
Q007298,ES,Barcelona,hamburguesa,14,0,0,2026-06-04
Q007299,ES,Sevilla,tour ciudad,9,1,0,2026-06-22
Q007300,ES,Valencia,masaje tailandes,10,1,1,2026-06-02
Q007301,ES,Madrid,paseo en globo,0,0,0,2026-06-29
Q007302,ES,Barcelona,limpieza facial,0,0,0,2026-06-29
Q007303,ES,Barcelona,rafting,0,0,0,2026-06-11
Q007304,ES,Sevilla,tapas,5,1,0,2026-06-03
Q007305,ES,Madrid,paintball,16,0,0,2026-06-24
Q007306,ES,Barcelona,crossfit,18,1,0,2026-06-25
Q007307,ES,Madrid,crossfit,17,1,0,2026-06-12
Q007308,ES,Madrid,tinte pelo,21,1,1,2026-06-28
Q007309,ES,Madrid,paintball,0,0,0,2026-06-19
Q007310,ES,Valencia,masaje espalda,14,1,0,2026-06-21
Q007311,ES,Madrid,rafting,0,0,0,2026-06-10
Q007312,ES,Sevilla,limpieza facial,18,1,1,2026-06-09
Q007313,ES,Valencia,karting,22,1,0,2026-06-07
Q007314,ES,Madrid,rafting,0,0,0,2026-06-03
Q007315,ES,Madrid,crossfit,6,0,0,2026-06-24
Q007316,ES,Madrid,paracaidismo,0,0,0,2026-06-18
Q007317,ES,Madrid,masaje tailandes,2,0,0,2026-06-16
Q007318,ES,Valencia,paracaidismo,0,0,0,2026-06-02
Q007319,ES,Barcelona,manicure,1,0,0,2026-06-27
Q007320,ES,Madrid,entrenador personal,2,0,0,2026-06-22
Q007321,ES,Madrid,paintball,1,0,0,2026-06-30
Q007322,ES,Valencia,tour ciudad,18,1,0,2026-06-02
Q007323,ES,Madrid,escape room,6,1,1,2026-06-20
Q007324,ES,Madrid,sushi,18,0,0,2026-06-01
Q007325,ES,Barcelona,peluqueria,13,0,0,2026-06-06
Q007326,ES,Barcelona,tinte pelo,2,0,0,2026-06-21
Q007327,ES,Valencia,manicura,0,0,0,2026-06-01
Q007328,ES,Madrid,masaje en pareja,0,0,0,2026-06-21
Q007329,ES,Madrid,sushi,8,1,1,2026-06-18
Q007330,ES,Madrid,paseo en globo,0,0,0,2026-06-06
Q007331,ES,Madrid,clase de yoga,2,0,0,2026-06-25
Q007332,ES,Madrid,tapas,2,0,0,2026-06-18
Q007333,ES,Valencia,gimnasio,5,1,0,2026-06-25
Q007334,ES,Barcelona,extensiones pestañas,2,0,0,2026-06-18
Q007335,ES,Madrid,eyelash extensions,1,0,0,2026-06-02
Q007336,ES,Valencia,masaje descontracturante,1,0,0,2026-06-10
Q007337,ES,Barcelona,hamburguesa,25,1,0,2026-06-07
Q007338,ES,Madrid,vuelo en helicoptero,0,0,0,2026-06-27
Q007339,ES,Madrid,clase de yoga,15,0,0,2026-06-27
Q007340,ES,Madrid,sushi,13,0,0,2026-06-09
Q007341,ES,Madrid,paracaidismo,0,0,0,2026-06-02
Q007342,ES,Barcelona,crossfit,1,0,0,2026-06-04
Q007343,ES,Barcelona,brunch,10,0,0,2026-06-21
Q007344,ES,Madrid,masajeeen pareja,2,0,0,2026-06-06
Q007345,ES,Madrid,crossfit,24,0,0,2026-06-24
Q007346,ES,Barcelona,escape room,22,1,0,2026-06-07
Q007347,ES,Madrid,peluqueria,10,1,1,2026-06-30
Q007348,ES,Madrid,paintball,33,1,0,2026-06-14
Q007349,ES,Madrid,branch,15,0,0,2026-06-16
Q007350,ES,Barcelona,paracaidismo,0,0,0,2026-06-18
Q007351,ES,Madrid,masaje espalda,18,0,0,2026-06-26
Q007352,ES,Barcelona,rafting,0,0,0,2026-06-19
Q007353,ES,Barcelona,masaje descontracturante,18,1,0,2026-06-17
Q007354,ES,Madrid,karting,5,1,1,2026-06-06
Q007355,ES,Barcelona,rafting,0,0,0,2026-06-11
Q007356,ES,Madrid,gimnasio,38,1,1,2026-06-23
Q007357,ES,Madrid,extensiones pestañas,5,0,0,2026-06-27
Q007358,ES,Madrid,crossfit,6,1,0,2026-06-25
Q007359,ES,Madrid,extensiones pestañas,0,0,0,2026-06-17
Q007360,ES,Sevilla,haircut,1,0,0,2026-06-05
Q007361,ES,Valencia,pilates,6,1,1,2026-06-05
Q007362,ES,Madrid,paracaidismo,0,0,0,2026-06-23
Q007363,ES,Valencia,extensiones pestañas,15,1,0,2026-06-03
Q007364,ES,Valencia,vuelo en helicoptero,0,0,0,2026-06-22
Q007365,ES,Valencia,karting,6,1,0,2026-06-08
Q007366,ES,Valencia,tour ciudad,14,1,0,2026-06-08
Q007367,ES,Madrid,clase de yoga,14,0,0,2026-06-09
Q007368,ES,Barcelona,masaje espalda,1,0,0,2026-06-16
Q007369,ES,Madrid,tinte pelo,1,0,0,2026-06-30
Q007370,ES,Madrid,clase de yoga,18,1,0,2026-06-28
Q007371,ES,Madrid,sports massage,0,0,0,2026-06-30
Q007372,ES,Madrid,paracaidismo,0,0,0,2026-06-21
Q007373,ES,Madrid,back massage,0,0,0,2026-06-16
Q007374,ES,Madrid,tapas,1,0,0,2026-06-14
Q007375,ES,Madrid,rafting,0,0,0,2026-06-14
Q007376,ES,Sevilla,masaje tailandes,16,1,0,2026-06-22
Q007377,ES,Madrid,rating,0,0,0,2026-06-01
Q007378,ES,Valencia,tour ciudad,16,1,1,2026-06-07
Q007379,ES,Madrid,extensiones pestañas,2,0,0,2026-06-20
Q007380,ES,Madrid,tinte pelo,29,1,0,2026-06-13
Q007381,ES,Barcelona,gimnasio,14,1,0,2026-06-21
Q007382,ES,Madrid,clase de yoga,2,0,0,2026-06-01
Q007383,ES,Madrid,city tour,2,0,0,2026-06-02
Q007384,ES,Madrid,masaje descontracturante,14,0,0,2026-06-20
Q007385,ES,Barcelona,tapas,5,1,0,2026-06-01
Q007386,ES,Valencia,brunch,9,0,0,2026-06-20
Q007387,ES,Madrid,tapas,24,0,0,2026-06-05
Q007388,ES,Madrid,paintball,15,1,1,2026-06-12
Q007389,ES,Madrid,masaje tailandes,8,0,0,2026-06-08
Q007390,ES,Madrid,paintball,2,1,0,2026-06-08
Q007391,ES,Valencia,masaje descontracturante,24,1,0,2026-06-11
Q007392,ES,Madrid,karting,0,0,0,2026-06-01
Q007393,ES,Madrid,arroceria,1,0,0,2026-06-30
Q007394,ES,Madrid,maniura,20,1,0,2026-06-21
Q007395,ES,Madrid,peluqueria,15,1,0,2026-06-17
Q007396,ES,Barcelona,masaje tailandes,0,0,0,2026-06-25
Q007397,ES,Sevilla,pizza deal,0,0,0,2026-06-11
Q007398,ES,Madrid,manicura,18,0,0,2026-06-14
Q007399,ES,Valencia,entrenador personal,23,1,0,2026-06-07
Q007400,ES,Madrid,deep tissue massage,0,0,0,2026-06-17
Q007401,ES,Madrid,paracaidismo,0,0,0,2026-06-06
Q007402,ES,Madrid,paseo en globo,0,0,0,2026-06-29
Q007403,ES,Madrid,eyelash extensions,1,0,0,2026-06-08
Q007404,ES,Barcelona,paseo en globo,0,0,0,2026-06-01
Q007405,ES,Barcelona,paintball,17,1,0,2026-06-02
Q007406,ES,Madrid,steak dinner,0,0,0,2026-06-14
Q007407,ES,Madrid,pilates,2,0,0,2026-06-25
Q007408,ES,Sevilla,gym,1,0,0,2026-06-27
Q007409,ES,Madrid,crossfit,0,0,0,2026-06-30
Q007410,ES,Valencia,brunch,1,0,0,2026-06-15
Q007411,ES,Madrid,brunch,0,0,0,2026-06-12
Q007412,ES,Madrid,crossfit,1,0,0,2026-06-14
Q007413,ES,Barcelona,paracaidismo,0,0,0,2026-06-05
Q007414,ES,Barcelona,peluqueria,16,0,0,2026-06-09
Q007415,ES,Barcelona,escape room,9,0,0,2026-06-20
Q007416,ES,Madrid,entrenador personal,2,0,0,2026-06-04
Q007417,ES,Madrid,crossffit,19,1,0,2026-06-14
Q007418,ES,Valencia,escape room,2,0,0,2026-06-22
Q007419,ES,Madrid,gimnasio,1,1,0,2026-06-18
Q007420,ES,Madrid,entrenador personal,22,0,0,2026-06-07
Q007421,ES,Madrid,paracaidismo,0,0,0,2026-06-23
Q007422,ES,Madrid,tapas,6,0,0,2026-06-11
Q007423,ES,Valencia,pilates,24,1,0,2026-06-09
Q007424,ES,Barcelona,paracaidismo,0,0,0,2026-06-09
Q007425,ES,Valencia,rafting,0,0,0,2026-06-30
Q007426,ES,Madrid,peluqueria,1,0,0,2026-06-15
Q007427,ES,Valencia,crossfit,0,0,0,2026-06-01
Q007428,ES,Valencia,karting,19,0,0,2026-06-14
Q007429,ES,Valencia,tinte pelo,15,1,0,2026-06-10
Q007430,ES,Barcelona,brunch,21,1,1,2026-06-27
Q007431,ES,Madrid,tapas,19,1,0,2026-06-02
Q007432,ES,Valencia,brunch,19,0,0,2026-06-22
Q007433,ES,Madrid,hamburguesa,14,0,0,2026-06-09
Q007434,ES,Madrid,masaje tailandes,14,0,0,2026-06-02
Q007435,ES,Sevilla,paintball,2,0,0,2026-06-15
Q007436,ES,Madrid,entrenador personal,4,0,0,2026-06-07
Q007437,ES,Valencia,paseo en globo,0,0,0,2026-06-06
Q007438,ES,Barcelona,pilates,17,0,0,2026-06-15
Q007439,ES,Madrid,paintball,2,0,0,2026-06-10
Q007440,ES,Madrid,sushi,2,0,0,2026-06-17
Q007441,ES,Valencia,karting,0,0,0,2026-06-25
Q007442,ES,Barcelona,brunch,1,0,0,2026-06-27
Q007443,ES,Barcelona,crossfit,7,0,0,2026-06-20
Q007444,ES,Madrid,peluqueria,0,0,0,2026-06-17
Q007445,ES,Madrid,extensiones pestañas,1,0,0,2026-06-02
Q007446,ES,Valencia,taps,1,0,0,2026-06-07
Q007447,ES,Sevilla,gimnasio,1,0,0,2026-06-07
Q007448,ES,Barcelona,limpieza facial,18,1,0,2026-06-19
Q007449,ES,Valencia,pilates,1,0,0,2026-06-06
Q007450,ES,Valencia,crossfit,0,0,0,2026-06-21
Q007451,ES,Valencia,paseo en globo,0,0,0,2026-06-29
Q007452,ES,Barcelona,manicura,10,1,0,2026-06-12
Q007453,ES,Barcelona,masaje descontracturante,11,1,0,2026-06-18
Q007454,ES,Barcelona,karting,7,1,1,2026-06-19
Q007455,ES,Madrid,masaje tailandes,15,1,0,2026-06-06
Q007456,ES,Madrid,gimnasio,1,0,0,2026-06-24
Q007457,ES,Valencia,masaje en pareja,30,0,0,2026-06-02
Q007458,ES,Valencia,tinte pelo,2,0,0,2026-06-27
Q007459,ES,Barcelona,extensiones pestañas,24,1,0,2026-06-21
Q007460,ES,Madrid,paseo en globo,0,0,0,2026-06-28
Q007461,ES,Sevilla,crossfit,19,1,1,2026-06-21
Q007462,ES,Madrid,entrenador personal,0,0,0,2026-06-28
Q007463,ES,Madrid,masaje descontracturante,25,0,0,2026-06-07
Q007464,ES,Valencia,masaje espalda,7,0,0,2026-06-17
Q007465,ES,Madrid,karting,18,1,1,2026-06-10
Q007466,ES,Barcelona,paracaidismo,0,0,0,2026-06-04
Q007467,ES,Madrid,entrenador personal,16,1,1,2026-06-23
Q007468,ES,Barcelona,crossfit,22,1,1,2026-06-21
Q007469,ES,Madrid,escape room,19,0,0,2026-06-12
Q007470,ES,Barcelona,masaje descontracturante,0,0,0,2026-06-18
Q007471,ES,Sevilla,rafting,0,0,0,2026-06-30
Q007472,ES,Madrid,entrenador personal,15,1,1,2026-06-19
Q007473,ES,Valencia,peluqueria,25,0,0,2026-06-18
Q007474,ES,Madrid,crossfit,25,1,1,2026-06-03
Q007475,ES,Barcelona,couples massage,40,0,0,2026-06-02
Q007476,ES,Sevilla,paracaidismo,0,0,0,2026-06-17
Q007477,ES,Madrid,hamburguesa,13,1,0,2026-06-13
Q007478,ES,Madrid,musaje descontracturante,0,0,0,2026-06-20
Q007479,ES,Madrid,paracaidismo,0,0,0,2026-06-21
Q007480,ES,Madrid,manicura,4,1,1,2026-06-20
Q007481,ES,Madrid,masaje en pareja,12,0,0,2026-06-24
Q007482,ES,Valencia,masaje en pareja,22,0,0,2026-06-05
Q007483,ES,Madrid,tinte  pelo,0,0,0,2026-06-12
Q007484,ES,Sevilla,masaje descontracturante,4,0,0,2026-06-21
Q007485,ES,Valencia,peluqueria,11,0,0,2026-06-29
Q007486,ES,Madrid,masaje tailandes,2,1,0,2026-06-08
Q007487,ES,Madrid,extensiones pestañas,23,1,0,2026-06-28
Q007488,ES,Barcelona,paracaidismo,0,0,0,2026-06-17
Q007489,ES,Madrid,deep tissue massage,0,0,0,2026-06-24
Q007490,ES,Madrid,manicura,4,0,0,2026-06-08
Q007491,ES,Barcelona,masaje en pareja,6,0,0,2026-06-19
Q007492,ES,Valencia,brunch,33,0,0,2026-06-10
Q007493,ES,Sevilla,sushi,2,1,0,2026-06-16
Q007494,ES,Madrid,sushi,17,1,0,2026-06-19
Q007495,ES,Madrid,gimnasio,0,0,0,2026-06-08
Q007496,ES,Sevilla,masaje tailandes,1,0,0,2026-06-13
Q007497,ES,Sevilla,bolera,0,0,0,2026-06-07
Q007498,ES,Madrid,maasaje en pareja,18,0,0,2026-06-21
Q007499,ES,Valencia,masaje descontracturante,20,1,0,2026-06-05
Q007500,ES,Madrid,hamburguesa,38,1,0,2026-06-05
Q007501,ES,Valencia,paracaidismo,0,0,0,2026-06-08
Q007502,ES,Madrid,couples massage,1,0,0,2026-06-26
Q007503,ES,Sevilla,tinte pelo,31,0,0,2026-06-18
Q007504,ES,Valencia,masaje espalda,19,1,0,2026-06-20
Q007505,ES,Madrid,limpieza facial,0,0,0,2026-06-14
Q007506,ES,Barcelona,hamburguesa,1,0,0,2026-06-17
Q007507,ES,Valencia,sushi,20,0,0,2026-06-27
Q007508,ES,Sevilla,paracaidismo,0,0,0,2026-06-05
Q007509,ES,Valencia,limpieza facial,0,0,0,2026-06-19
Q007510,ES,Barcelona,paracaidismo,0,0,0,2026-06-18
Q007511,ES,Barcelona,clase de yoga,2,0,0,2026-06-24
Q007512,ES,Madrid,tinte pelo,24,0,0,2026-06-07
Q007513,ES,Barcelona,arroeria,2,0,0,2026-06-17
Q007514,ES,Barcelona,masaje descontraturante,1,0,0,2026-06-05
Q007515,ES,Valencia,masaje en pareja,13,0,0,2026-06-08
Q007516,ES,Madrid,masaje en pareja,0,0,0,2026-06-27
Q007517,ES,Valencia,entrenador personal,2,0,0,2026-06-27
Q007518,ES,Madrid,hamburguesa,13,1,1,2026-06-10
Q007519,ES,Madrid,vuelo en helicoptero,0,0,0,2026-06-01
Q007520,ES,Madrid,paracaidismo,0,0,0,2026-06-01
Q007521,ES,Valencia,pilates,1,0,0,2026-06-13
Q007522,ES,Valencia,limpieza facial,17,0,0,2026-06-25
Q007523,ES,Madrid,bolera,2,0,0,2026-06-24
Q007524,ES,Madrid,steak dinner,2,0,0,2026-06-28
Q007525,ES,Valencia,clase de yoga,18,1,0,2026-06-19
Q007526,ES,Madrid,paseo en globo,0,0,0,2026-06-24
Q007527,ES,Madrid,pilates,10,0,0,2026-06-18
Q007528,ES,Madrid,brunch,25,0,0,2026-06-18
Q007529,ES,Madrid,eyelash extensions,2,0,0,2026-06-07
Q007530,ES,Madrid,extensiones pestañas,22,1,0,2026-06-30
Q007531,ES,Madrid,brunch,34,0,0,2026-06-10
Q007532,ES,Valencia,tour ciudad,1,0,0,2026-06-16
Q007533,ES,Barcelona,rafting,0,0,0,2026-06-26
Q007534,ES,Barcelona,bolera,24,0,0,2026-06-30
Q007535,ES,Valencia,entrenador personal,0,0,0,2026-06-23
Q007536,ES,Madrid,back massage,12,0,0,2026-06-23
Q007537,ES,Sevilla,clase de yoga,17,1,0,2026-06-06
Q007538,ES,Barcelona,masaje tailandes,2,0,0,2026-06-10
Q007539,ES,Valencia,brunch,15,1,0,2026-06-21
Q007540,ES,Valencia,tinte pelo,13,1,1,2026-06-07
Q007541,ES,Madrid,masaje tailandes,1,0,0,2026-06-08
Q007542,ES,Barcelona,tinte pelo,1,0,0,2026-06-23
Q007543,ES,Madrid,manicura,0,0,0,2026-06-28
Q007544,ES,Valencia,tapas,25,1,1,2026-06-19
Q007545,ES,Barcelona,manicura,2,0,0,2026-06-01
Q007546,ES,Barcelona,masaje tailandes,2,0,0,2026-06-26
Q007547,ES,Madrid,velo en helicoptero,0,0,0,2026-06-29
Q007548,ES,Madrid,paracaidismo,0,0,0,2026-06-10
Q007549,ES,Valencia,karting,2,0,0,2026-06-05
Q007550,ES,Barcelona,arroceria,1,0,0,2026-06-29
Q007551,ES,Madrid,limpieza facial,1,0,0,2026-06-10
Q007552,ES,Madrid,manicura,0,0,0,2026-06-13
Q007553,ES,Madrid,pilates,19,1,1,2026-06-23
Q007554,ES,Barcelona,crossfit,21,0,0,2026-06-07
Q007555,ES,Barcelona,limpieza facial,1,0,0,2026-06-04
Q007556,ES,Madrid,pilates,21,0,0,2026-06-13
Q007557,ES,Madrid,tinte pelo,13,1,0,2026-06-24
Q007558,ES,Madrid,entrenador personal,4,0,0,2026-06-21
Q007559,ES,Barcelona,extensiones pestañas,35,1,0,2026-06-08
Q007560,ES,Sevilla,bolera,4,0,0,2026-06-22
Q007561,ES,Madrid,paracaidismo,0,0,0,2026-06-08
Q007562,ES,Sevilla,paseo en globo,0,0,0,2026-06-13
Q007563,ES,Madrid,limpieza facial,30,1,0,2026-06-05
Q007564,ES,Barcelona,extensiones peutañas,36,0,0,2026-06-09
Q007565,ES,Sevilla,pilates,8,0,0,2026-06-13
Q007566,ES,Madrid,clase de yoga,7,1,0,2026-06-02
Q007567,ES,Valencia,entrenador personal,10,1,0,2026-06-30
Q007568,ES,Madrid,brunch,1,0,0,2026-06-26
Q007569,ES,Madrid,masaje descontracturante,21,1,0,2026-06-11
Q007570,ES,Sevilla,paseo en globo,0,0,0,2026-06-10
Q007571,ES,Sevilla,tinte pelo,2,0,0,2026-06-29
Q007572,ES,Valencia,tinte pelo,1,0,0,2026-06-15
Q007573,ES,Valencia,raftng,0,0,0,2026-06-15
Q007574,ES,Madrid,crossfit,14,0,0,2026-06-25
Q007575,ES,Sevilla,arroceria,0,0,0,2026-06-19
Q007576,ES,Barcelona,masaje espalda,17,1,0,2026-06-26
Q007577,ES,Madrid,masaje espalda,2,0,0,2026-06-05
Q007578,ES,Valencia,entrenador personal,1,0,0,2026-06-01
Q007579,ES,Madrid,paracaidismo,0,0,0,2026-06-14
Q007580,ES,Barcelona,masaje descontracturante,22,0,0,2026-06-06
Q007581,ES,Barcelona,clase de yoga,2,0,0,2026-06-16
Q007582,ES,Valencia,tapas,29,1,0,2026-06-17
Q007583,ES,Barcelona,tinte pelo,2,1,1,2026-06-20
Q007584,ES,Madrid,hamburguesa,15,0,0,2026-06-29
Q007585,ES,Valencia,paintball,0,0,0,2026-06-22
Q007586,ES,Barcelona,paintball,9,1,0,2026-06-21
Q007587,ES,Madrid,raffting,0,0,0,2026-06-10
Q007588,ES,Madrid,brunch,2,0,0,2026-06-17
Q007589,ES,Madrid,escape reom,4,0,0,2026-06-19
Q007590,ES,Sevilla,crossft,1,1,0,2026-06-04
Q007591,ES,Madrid,masaje enn pareja,22,1,0,2026-06-13
Q007592,ES,Barcelona,masaje en pareja,10,1,1,2026-06-24
Q007593,ES,Madrid,tapas,0,0,0,2026-06-03
Q007594,ES,Madrid,paracaidismo,0,0,0,2026-06-16
Q007595,ES,Madrid,peluqueria,0,0,0,2026-06-30
Q007596,ES,Barcelona,paracaaidismo,0,0,0,2026-06-07
Q007597,ES,Madrid,gimnasio,2,0,0,2026-06-13
Q007598,ES,Madrid,brunch,0,0,0,2026-06-15
Q007599,ES,Valencia,paracaidismo,0,0,0,2026-06-18
Q007600,ES,Madrid,bolera,17,1,1,2026-06-12
Q007601,ES,Madrid,pilates,1,0,0,2026-06-10
Q007602,ES,Madrid,masaje tailandes,17,1,0,2026-06-16
Q007603,ES,Valencia,extensiones pestañas,13,0,0,2026-06-19
Q007604,ES,Madrid,masaje espalda,21,1,1,2026-06-08
Q007605,ES,Madrid,bolera,35,0,0,2026-06-14
Q007606,ES,Madrid,paracaiismo,0,0,0,2026-06-21
Q007607,ES,Valencia,masaje en pareja,0,0,0,2026-06-28
Q007608,ES,Madrid,couples massage,38,0,0,2026-06-14
Q007609,ES,Madrid,entrenador personal,16,1,1,2026-06-15
Q007610,ES,Valencia,masaje tailandes,0,0,0,2026-06-27
Q007611,ES,Madrid,brunch,0,0,0,2026-06-04
Q007612,ES,Barcelona,paseo en globo,0,0,0,2026-06-16
Q007613,ES,Madrid,sushi,20,0,0,2026-06-13
Q007614,ES,Madrid,crossfit,4,0,0,2026-06-25
Q007615,ES,Barcelona,manicura,0,0,0,2026-06-20
Q007616,ES,Madrid,masaje en pareja,5,1,0,2026-06-05
Q007617,ES,Sevilla,escape room,22,1,1,2026-06-14
Q007618,ES,Madrid,escape room,0,0,0,2026-06-25
Q007619,ES,Valencia,masaje espalda,1,0,0,2026-06-23
Q007620,ES,Valencia,tinte pelo,11,1,0,2026-06-11
Q007621,ES,Barcelona,hamburguesa,28,0,0,2026-06-06
Q007622,ES,Madrid,escape room,1,0,0,2026-06-23
Q007623,ES,Madrid,paracaidismo,0,0,0,2026-06-11
Q007624,ES,Barcelona,peluqueria,16,1,0,2026-06-29
Q007625,ES,Valencia,crossfit,36,1,0,2026-06-05
Q007626,ES,Barcelona,karting,39,1,0,2026-06-22
Q007627,ES,Valencia,paseo en globo,0,0,0,2026-06-15
Q007628,ES,Madrid,tinte pelo,1,0,0,2026-06-15
Q007629,ES,Valencia,limpieza facial,24,1,1,2026-06-09
Q007630,ES,Madrid,gimnasio,10,0,0,2026-06-17
Q007631,ES,Madrid,clase de yoga,1,0,0,2026-06-28
Q007632,ES,Madrid,masaje tailandes,17,1,0,2026-06-22
Q007633,ES,Barcelona,karting,2,0,0,2026-06-24
Q007634,ES,Barcelona,masaje descontracturante,2,0,0,2026-06-25
Q007635,ES,Barcelona,entrenador personal,13,1,0,2026-06-08
Q007636,ES,Barcelona,taaas,14,1,0,2026-06-16
Q007637,ES,Valencia,masaje en pareja,20,0,0,2026-06-05
Q007638,ES,Valencia,sshi,8,0,0,2026-06-22
Q007639,ES,Madrid,tour ciudad,9,1,0,2026-06-18
Q007640,ES,Madrid,indian restaurant,1,0,0,2026-06-14
Q007641,ES,Valencia,crossfit,2,0,0,2026-06-05
Q007642,ES,Barcelona,masaje en pareja,1,0,0,2026-06-02
Q007643,ES,Madrid,hamburguesa,0,0,0,2026-06-02
Q007644,ES,Valencia,tapas,1,0,0,2026-06-17
Q007645,ES,Valencia,crossfit,2,0,0,2026-06-14
Q007646,ES,Madrid,peluqueria,1,0,0,2026-06-18
Q007647,ES,Barcelona,arrocerria,8,0,0,2026-06-08
Q007648,ES,Madrid,karting,27,1,0,2026-06-17
Q007649,ES,Madrid,arroceria,16,0,0,2026-06-07
Q007650,ES,Barcelona,rafting,0,0,0,2026-06-23
Q007651,ES,Valencia,paseo en globo,0,0,0,2026-06-08
Q007652,ES,Valencia,vuelo en helicoptero,0,0,0,2026-06-16
Q007653,ES,Madrid,masaje espalda,19,1,1,2026-06-27
Q007654,ES,Sevilla,extensiones pestañas,20,0,0,2026-06-02
Q007655,ES,Sevilla,sushi,22,0,0,2026-06-10
Q007656,ES,Madrid,crossfit,23,0,0,2026-06-06
Q007657,ES,Madrid,brunch,1,0,0,2026-06-24
Q007658,ES,Madrid,clase de yoga,0,0,0,2026-06-01
Q007659,ES,Valencia,sushi,0,0,0,2026-06-21
Q007660,ES,Madrid,tour ciudad,23,0,0,2026-06-24
Q007661,ES,Sevilla,paracaidismo,0,0,0,2026-06-17
Q007662,ES,Barcelona,rafting,0,0,0,2026-06-16
Q007663,ES,Sevilla,brunch,20,1,0,2026-06-19
Q007664,ES,Valencia,pizza deal,2,0,0,2026-06-04
Q007665,ES,Madrid,limpieza facial,24,0,0,2026-06-02
Q007666,ES,Barcelona,karting,11,1,1,2026-06-03
Q007667,ES,Madrid,karrting,2,0,0,2026-06-30
Q007668,ES,Barcelona,vuelo en helicoptero,0,0,0,2026-06-15
Q007669,ES,Valencia,extensiones pestañas,1,0,0,2026-06-23
Q007670,ES,Valencia,sushi,2,1,0,2026-06-20
Q007671,ES,Valencia,masaje espalda,4,1,1,2026-06-01
Q007672,ES,Valencia,arroceria,0,0,0,2026-06-19
Q007673,ES,Barcelona,tinte pelo,0,0,0,2026-06-03
Q007674,ES,Madrid,tinte pelo,4,1,0,2026-06-05
Q007675,ES,Barcelona,crossfit,0,0,0,2026-06-07
Q007676,ES,Valencia,masaje tailandes,0,0,0,2026-06-15
Q007677,ES,Sevilla,crossfit,23,0,0,2026-06-09
Q007678,ES,Madrid,masaje en pareja,22,0,0,2026-06-28
Q007679,ES,Madrid,rafting,0,0,0,2026-06-29
Q007680,ES,Sevilla,paracaidismo,0,0,0,2026-06-27
Q007681,ES,Madrid,rafting,0,0,0,2026-06-15
Q007682,ES,Madrid,rafting,0,0,0,2026-06-28
Q007683,ES,Valencia,sushi,9,0,0,2026-06-03
Q007684,ES,Barcelona,arroceria,8,1,1,2026-06-12
Q007685,ES,Barcelona,tour ciudad,12,0,0,2026-06-10
Q007686,ES,Madrid,paracaidismo,0,0,0,2026-06-16
Q007687,ES,Madrid,extensaones pestañas,1,0,0,2026-06-13
Q007688,ES,Madrid,vuelo en helicoptero,0,0,0,2026-06-19
Q007689,ES,Madrid,escape room,8,1,1,2026-06-25
Q007690,ES,Sevilla,pilates,0,0,0,2026-06-22
Q007691,ES,Madrid,facial,1,0,0,2026-06-19
Q007692,ES,Barcelona,entrrenador personal,0,0,0,2026-06-10
Q007693,ES,Barcelona,bolera,16,1,1,2026-06-19
Q007694,ES,Valencia,brunch,5,0,0,2026-06-17
Q007695,ES,Madrid,pilates,2,0,0,2026-06-14
Q007696,ES,Sevilla,pilates,1,1,1,2026-06-08
Q007697,ES,Barcelona,entrenadoor personal,18,0,0,2026-06-24
Q007698,ES,Barcelona,entrenador personal,20,0,0,2026-06-16
Q007699,ES,Barcelona,tapas,0,0,0,2026-06-15
Q007700,ES,Madrid,masaje descontracturante,16,1,0,2026-06-05
Q007701,ES,Madrid,limpieza facial,2,0,0,2026-06-15
Q007702,ES,Madrid,crossfit,0,0,0,2026-06-06
Q007703,ES,Madrid,vuelo en helicoptero,0,0,0,2026-06-09
Q007704,ES,Barcelona,tinte pelo,0,0,0,2026-06-18
Q007705,ES,Madrid,rafting,0,0,0,2026-06-23
Q007706,ES,Barcelona,vuelo en helicoptero,0,0,0,2026-06-26
Q007707,ES,Valencia,escape room,12,0,0,2026-06-27
Q007708,ES,Madrid,thai massage,2,1,0,2026-06-28
Q007709,ES,Barcelona,arroceria,1,0,0,2026-06-17
Q007710,ES,Madrid,masaje espalda,13,0,0,2026-06-09
Q007711,ES,Sevilla,tour ciudad,2,0,0,2026-06-25
Q007712,ES,Valencia,gimnasio,17,0,0,2026-06-17
Q007713,ES,Barcelona,masaje en pareja,2,0,0,2026-06-13
Q007714,ES,Madrid,paintball,0,0,0,2026-06-28
Q007715,ES,Madrid,masaje espalda,18,1,1,2026-06-20
Q007716,ES,Madrid,masaje en pareja,1,0,0,2026-06-15
Q007717,ES,Madrid,limpieza facial,22,1,0,2026-06-24
Q007718,ES,Valencia,arroceria,14,1,1,2026-06-26
Q007719,ES,Madrid,escape room,14,1,0,2026-06-12
Q007720,ES,Madrid,masaje descontracturante,0,0,0,2026-06-18
Q007721,ES,Madrid,limpieza facial,2,0,0,2026-06-19
Q007722,ES,Madrid,pilates,9,0,0,2026-06-28
Q007723,ES,Valencia,puintball,0,0,0,2026-06-22
Q007724,ES,Madrid,arroceria,0,0,0,2026-06-29
Q007725,ES,Sevilla,hamburguesa,1,1,0,2026-06-14
Q007726,ES,Barcelona,haircut,0,0,0,2026-06-18
Q007727,ES,Madrid,bolera,1,0,0,2026-06-09
Q007728,ES,Madrid,tour ciudad,8,1,1,2026-06-13
Q007729,ES,Valencia,rafting,0,0,0,2026-06-06
Q007730,ES,Valencia,peluqueeria,28,0,0,2026-06-15
Q007731,ES,Madrid,karting,13,0,0,2026-06-22
Q007732,ES,Barcelona,gimnasio,2,0,0,2026-06-03
Q007733,ES,Madrid,bolera,17,0,0,2026-06-11
Q007734,ES,Madrid,rafting,0,0,0,2026-06-10
Q007735,ES,Madrid,raftng,0,0,0,2026-06-16
Q007736,ES,Madrid,karting,15,1,0,2026-06-28
Q007737,ES,Madrid,tour ciudad,1,1,0,2026-06-23
Q007738,ES,Valencia,tapas,0,0,0,2026-06-30
Q007739,ES,Madrid,back massage,2,0,0,2026-06-13
Q007740,ES,Valencia,tour ciedad,0,0,0,2026-06-04
Q007741,ES,Valencia,vuelo en helicoptero,0,0,0,2026-06-02
Q007742,ES,Madrid,pilates,2,0,0,2026-06-15
Q007743,ES,Valencia,taps,9,1,0,2026-06-20
Q007744,ES,Madrid,rafting,0,0,0,2026-06-06
Q007745,ES,Sevilla,couples massage,1,0,0,2026-06-21
Q007746,ES,Madrid,facial,0,0,0,2026-06-07
Q007747,ES,Madrid,masaje descontracturante,0,0,0,2026-06-20
Q007748,ES,Madrid,masaje descontracturante,21,0,0,2026-06-21
Q007749,ES,Madrid,paracaidismo,0,0,0,2026-06-05
Q007750,ES,Madrid,arroceria,2,0,0,2026-06-05
Q007751,ES,Valencia,masaje en pareja,21,1,0,2026-06-04
Q007752,ES,Valencia,paseo en globo,0,0,0,2026-06-14
Q007753,ES,Madrid,vuelo en helicoptero,0,0,0,2026-06-04
Q007754,ES,Sevilla,paracaidismo,0,0,0,2026-06-29
Q007755,ES,Valencia,crossfit,23,1,1,2026-06-10
Q007756,ES,Madrid,gimnaoio,25,1,1,2026-06-04
Q007757,ES,Madrid,masaje en pareja,2,0,0,2026-06-18
Q007758,ES,Madrid,gimnasio,1,0,0,2026-06-28
Q007759,ES,Madrid,sushi,0,0,0,2026-06-02
Q007760,ES,Madrid,rafting,0,0,0,2026-06-10
Q007761,ES,Madrid,sushi,19,0,0,2026-06-16
Q007762,ES,Sevilla,hambuoguesa,24,1,1,2026-06-15
Q007763,ES,Madrid,rafting,0,0,0,2026-06-15
Q007764,ES,Barcelona,sushi,25,0,0,2026-06-24
Q007765,ES,Barcelona,sushi,1,0,0,2026-06-25
Q007766,ES,Barcelona,back massage,0,0,0,2026-06-25
Q007767,ES,Barcelona,sushi,6,0,0,2026-06-01
Q007768,ES,Madrid,brunch,21,0,0,2026-06-22
Q007769,ES,Madrid,entrenador personal,12,0,0,2026-06-08
Q007770,ES,Madrid,extensiones pestañas,25,1,1,2026-06-11
Q007771,ES,Valencia,paseo en globo,0,0,0,2026-06-29
Q007772,ES,Madrid,tour ciudad,1,0,0,2026-06-21
Q007773,ES,Barcelona,escape room,18,1,0,2026-06-05
Q007774,ES,Madrid,arroceria,17,0,0,2026-06-02
Q007775,ES,Madrid,vuelo en helicoptero,0,0,0,2026-06-30
Q007776,ES,Barcelona,clase de yoga,4,1,1,2026-06-25
Q007777,ES,Madrid,paracaidismo,0,0,0,2026-06-17
Q007778,ES,Barcelona,vuelo en helicoptero,0,0,0,2026-06-15
Q007779,ES,Valencia,tapas,2,0,0,2026-06-08
Q007780,ES,Sevilla,hamburguesa,1,0,0,2026-06-16
Q007781,ES,Madrid,paracaidismo,0,0,0,2026-06-19
Q007782,ES,Madrid,tinte pelo,0,0,0,2026-06-13
Q007783,ES,Madrid,brunch,25,1,0,2026-06-22
Q007784,ES,Barcelona,masaje espalda,22,1,0,2026-06-14
Q007785,ES,Madrid,escape room,17,1,0,2026-06-06
Q007786,ES,Barcelona,raffting,0,0,0,2026-06-28
Q007787,ES,Sevilla,vuelo en helioptero,0,0,0,2026-06-08
Q007788,ES,Madrid,crossfit,0,0,0,2026-06-10
Q007789,ES,Madrid,masaje tailandes,2,1,0,2026-06-22
Q007790,ES,Madrid,peluqueria,38,0,0,2026-06-21
Q007791,ES,Madrid,masaje descontracturante,22,0,0,2026-06-16
Q007792,ES,Valencia,manicure,36,1,0,2026-06-07
Q007793,ES,Valencia,extensiones pestañas,26,0,0,2026-06-08
Q007794,ES,Valencia,paintball,40,1,0,2026-06-15
Q007795,ES,Valencia,city tour,18,1,0,2026-06-07
Q007796,ES,Valencia,hamburguesa,14,1,0,2026-06-08
Q007797,ES,Valencia,arroceria,15,0,0,2026-06-18
Q007798,ES,Valencia,arroceria,19,1,0,2026-06-16
Q007799,ES,Barcelona,deep tissue massage,2,0,0,2026-06-13
Q007800,ES,Barcelona,limpieza facial,5,1,0,2026-06-17
Q007801,ES,Madrid,paracaidismo,0,0,0,2026-06-06
Q007802,ES,Valencia,limpieza facial,2,0,0,2026-06-27
Q007803,ES,Sevilla,bolera,20,0,0,2026-06-22
Q007804,ES,Sevilla,paseo en globo,0,0,0,2026-06-23
Q007805,ES,Madrid,brunch,28,0,0,2026-06-16
Q007806,ES,Madrid,pilates,11,1,0,2026-06-27
Q007807,ES,Madrid,masaje descontracturante,27,1,0,2026-06-27
Q007808,ES,Madrid,peluqueria,20,0,0,2026-06-08
Q007809,ES,Valencia,masaje descontracturante,1,0,0,2026-06-26
Q007810,ES,Madrid,escape room,1,0,0,2026-06-08
Q007811,ES,Valencia,vuelo en helicoptero,0,0,0,2026-06-02
Q007812,ES,Madrid,paseo en globo,0,0,0,2026-06-12
Q007813,ES,Barcelona,escape room,23,1,1,2026-06-21
Q007814,ES,Madrid,tapas,1,0,0,2026-06-03
Q007815,ES,Barcelona,extensiones pestañas,1,0,0,2026-06-18
Q007816,ES,Madrid,karting,10,0,0,2026-06-06
Q007817,ES,Madrid,peluqueria,30,0,0,2026-06-21
Q007818,ES,Valencia,entrenador personal,11,1,0,2026-06-26
Q007819,ES,Barcelona,brunih,2,0,0,2026-06-30
Q007820,ES,Barcelona,sushi,1,1,0,2026-06-08
Q007821,ES,Barcelona,gimnasio,13,1,1,2026-06-27
Q007822,ES,Madrid,masaje tailandes,2,1,0,2026-06-09
Q007823,ES,Valencia,rafting,0,0,0,2026-06-16
Q007824,ES,Valencia,tour ciudad,25,1,1,2026-06-12
Q007825,ES,Madrid,paracaidismo,0,0,0,2026-06-13
Q007826,ES,Madrid,karting,2,0,0,2026-06-12
Q007827,ES,Madrid,brunch,10,1,0,2026-06-18
Q007828,ES,Barcelona,arroceria,13,1,1,2026-06-07
Q007829,ES,Valencia,masaje tailandes,9,0,0,2026-06-11
Q007830,ES,Valencia,tinte pelo,2,1,0,2026-06-30
Q007831,ES,Madrid,tourciudad,21,1,1,2026-06-15
Q007832,ES,Madrid,sports massage,2,0,0,2026-06-17
Q007833,ES,Barcelona,clase de yoga,2,0,0,2026-06-09
Q007834,ES,Madrid,bolera,19,0,0,2026-06-08
Q007835,ES,Madrid,paracaidismo,0,0,0,2026-06-02
Q007836,ES,Barcelona,manicura,1,0,0,2026-06-06
Q007837,ES,Sevilla,paseo en gllobo,0,0,0,2026-06-20
Q007838,ES,Madrid,peluqueria,2,1,0,2026-06-14
Q007839,ES,Valencia,paseo en globo,0,0,0,2026-06-18
Q007840,ES,Sevilla,paracaidismo,0,0,0,2026-06-01
Q007841,ES,Valencia,masaje en pareja,5,1,0,2026-06-05
Q007842,ES,Barcelona,paseo en globo,0,0,0,2026-06-10
Q007843,ES,Valencia,tapas,1,0,0,2026-06-09
Q007844,ES,Valencia,rafting,0,0,0,2026-06-05
Q007845,ES,Valencia,pizza deal,1,0,0,2026-06-04
Q007846,ES,Sevilla,tour ciudad,36,0,0,2026-06-27
Q007847,ES,Barcelona,crossfit,0,0,0,2026-06-09
Q007848,ES,Madrid,tour ciudad,2,0,0,2026-06-01
Q007849,ES,Madrid,indian restaurant,2,0,0,2026-06-02
Q007850,ES,Madrid,tinte pelo,21,1,0,2026-06-28
Q007851,ES,Madrid,bolera,0,0,0,2026-06-20
Q007852,ES,Barcelona,vuelo en helicoptero,0,0,0,2026-06-12
Q007853,ES,Madrid,escape room,17,1,0,2026-06-16
Q007854,ES,Madrid,arroceria,0,0,0,2026-06-22
Q007855,ES,Barcelona,tinte pelo,11,0,0,2026-06-23
Q007856,ES,Madrid,pilates,0,0,0,2026-06-04
Q007857,ES,Madrid,limpieza facial,5,1,1,2026-06-02
Q007858,ES,Madrid,limpieza facial,22,0,0,2026-06-21
Q007859,ES,Valencia,paracaidismo,0,0,0,2026-06-30
Q007860,ES,Madrid,masaje tailandes,14,1,1,2026-06-05
Q007861,ES,Valencia,masaje descontracturante,1,0,0,2026-06-19
Q007862,ES,Madrid,clase de yoga,10,1,0,2026-06-23
Q007863,ES,Madrid,masaje tailandes,16,0,0,2026-06-05
Q007864,ES,Madrid,escape room,2,0,0,2026-06-12
Q007865,ES,Sevilla,rafting,0,0,0,2026-06-27
Q007866,ES,Madrid,arroceria,2,0,0,2026-06-14
Q007867,ES,Madrid,paracaidismo,0,0,0,2026-06-10
Q007868,ES,Barcelona,vuelo en helicoptero,0,0,0,2026-06-17
Q007869,ES,Valencia,paseo en globo,0,0,0,2026-06-29
Q007870,ES,Sevilla,manicura,23,0,0,2026-06-03
Q007871,ES,Sevilla,tinte pelo,1,0,0,2026-06-18
Q007872,ES,Barcelona,pilates,0,0,0,2026-06-25
Q007873,ES,Barcelona,crossfit,7,0,0,2026-06-15
Q007874,ES,Barcelona,paseo en globo,0,0,0,2026-06-28
Q007875,ES,Barcelona,peluqueria,2,0,0,2026-06-04
Q007876,ES,Madrid,paracaidismo,0,0,0,2026-06-08
Q007877,ES,Valencia,paracaidismo,0,0,0,2026-06-18
Q007878,ES,Madrid,hair colour,0,0,0,2026-06-09
Q007879,ES,Valencia,clase de yoga,0,0,0,2026-06-23
Q007880,ES,Barcelona,masaje en pareja,22,1,0,2026-06-04
Q007881,ES,Madrid,masaje espalda,0,0,0,2026-06-15
Q007882,ES,Valencia,facial,0,0,0,2026-06-02
Q007883,ES,Valencia,rafting,0,0,0,2026-06-20
Q007884,ES,Valencia,crossfit,19,0,0,2026-06-30
Q007885,ES,Barcelona,sushi,35,0,0,2026-06-04
Q007886,ES,Barcelona,masaje descontracturante,10,1,0,2026-06-17
Q007887,ES,Barcelona,sushi,0,0,0,2026-06-22
Q007888,ES,Valencia,clase de yoga,25,0,0,2026-06-07
Q007889,ES,Madrid,maaje descontracturante,10,1,0,2026-06-03
Q007890,ES,Madrid,tinte pelo,2,1,1,2026-06-03
Q007891,ES,Madrid,brunch,33,0,0,2026-06-27
Q007892,ES,Madrid,gimnasio,0,0,0,2026-06-15
Q007893,ES,Sevilla,limpieza facial,33,0,0,2026-06-17
Q007894,ES,Madrid,sports massage,1,0,0,2026-06-27
Q007895,ES,Barcelona,rafting,0,0,0,2026-06-17
Q007896,ES,Madrid,tapas,0,0,0,2026-06-07
Q007897,ES,Madrid,sushi,19,0,0,2026-06-06
Q007898,ES,Madrid,indian restaurant,0,0,0,2026-06-14
Q007899,ES,Madrid,karting,1,0,0,2026-06-25
Q007900,ES,Barcelona,limpieza facial,0,0,0,2026-06-27
Q007901,ES,Barcelona,brunch,2,0,0,2026-06-02
Q007902,ES,Madrid,pilates,1,0,0,2026-06-21
Q007903,ES,Valencia,extensiones pestañas,1,0,0,2026-06-19
Q007904,ES,Madrid,tinte pelo,11,1,1,2026-06-17
Q007905,ES,Madrid,paseo en globo,0,0,0,2026-06-28
Q007906,ES,Madrid,sports massage,1,0,0,2026-06-29
Q007907,ES,Madrid,rafting,0,0,0,2026-06-06
Q007908,ES,Barcelona,sushi,9,0,0,2026-06-23
Q007909,ES,Sevilla,arroceria,17,0,0,2026-06-23
Q007910,ES,Madrid,clase de yoga,1,0,0,2026-06-20
Q007911,ES,Valencia,clase de yoga,2,0,0,2026-06-15
Q007912,ES,Valencia,brunch,1,0,0,2026-06-26
Q007913,ES,Valencia,pilates,2,0,0,2026-06-30
Q007914,ES,Barcelona,tapas,32,0,0,2026-06-06
Q007915,ES,Barcelona,raftig,0,0,0,2026-06-01
Q007916,ES,Barcelona,masaje en pareja,0,0,0,2026-06-28
Q007917,ES,Madrid,hamburguesa,1,0,0,2026-06-06
Q007918,ES,Barcelona,gimnasio,14,0,0,2026-06-28
Q007919,ES,Madrid,masajje espalda,15,1,0,2026-06-26
Q007920,ES,Madrid,extensiones pestañas,22,1,1,2026-06-19
Q007921,ES,Valencia,manicura,1,1,1,2026-06-23
Q007922,ES,Madrid,manicura,4,1,1,2026-06-22
Q007923,ES,Sevilla,vuelu en helicoptero,0,0,0,2026-06-15
Q007924,ES,Barcelona,extensiones pestañas,12,0,0,2026-06-29
Q007925,ES,Madrid,gym,1,0,0,2026-06-12
Q007926,ES,Barcelona,paseo en globo,0,0,0,2026-06-23
Q007927,ES,Madrid,tour ciudad,1,0,0,2026-06-25
Q007928,ES,Madrid,paseo en globo,0,0,0,2026-06-13
Q007929,ES,Madrid,karting,10,1,0,2026-06-22
Q007930,ES,Madrid,masaje en pareja,21,1,0,2026-06-25
Q007931,ES,Madrid,paracaidismo,0,0,0,2026-06-25
Q007932,ES,Madrid,paintball,2,0,0,2026-06-26
Q007933,ES,Valencia,pilates,16,0,0,2026-06-10
Q007934,ES,Sevilla,clase de yoga,13,0,0,2026-06-25
Q007935,ES,Madrid,yoga class,1,0,0,2026-06-05
Q007936,ES,Madrid,entrenador personal,11,0,0,2026-06-29
Q007937,ES,Madrid,arroceria,15,1,1,2026-06-10
Q007938,ES,Madrid,masaje espalda,0,0,0,2026-06-20
Q007939,ES,Madrid,gimnasio,9,0,0,2026-06-06
Q007940,ES,Valencia,karting,21,1,0,2026-06-18
Q007941,ES,Barcelona,tour ciudad,24,1,0,2026-06-30
Q007942,ES,Barcelona,paseo en globo,0,0,0,2026-06-22
Q007943,ES,Madrid,rofting,0,0,0,2026-06-29
Q007944,ES,Madrid,rafting,0,0,0,2026-06-03
Q007945,ES,Madrid,escape room,12,1,1,2026-06-13
Q007946,ES,Valencia,clase de yoga,2,0,0,2026-06-10
Q007947,ES,Valencia,karting,20,1,0,2026-06-26
Q007948,ES,Madrid,tapas,23,0,0,2026-06-27
Q007949,ES,Barcelona,masaje en pareja,11,1,0,2026-06-15
Q007950,ES,Sevilla,paseo en globo,0,0,0,2026-06-14
Q007951,ES,Madrid,limpieza facial,13,1,0,2026-06-09
Q007952,ES,Madrid,sports massage,2,0,0,2026-06-03
Q007953,ES,Madrid,peluqueria,12,1,0,2026-06-18
Q007954,ES,Madrid,vuelo en helicoptero,0,0,0,2026-06-05
Q007955,ES,Madrid,vuelo en helicptero,0,0,0,2026-06-07
Q007956,ES,Barcelona,limpieza facial,21,1,1,2026-06-28
Q007957,ES,Madrid,tour ciudad,18,0,0,2026-06-20
Q007958,ES,Barcelona,masaje en paareja,1,0,0,2026-06-08
Q007959,ES,Madrid,paseo en globo,0,0,0,2026-06-20
Q007960,ES,Valencia,tour ciudad,1,0,0,2026-06-22
Q007961,ES,Madrid,gimnasio,0,0,0,2026-06-30
Q007962,ES,Madrid,limpieza facial,14,1,0,2026-06-26
Q007963,ES,Madrid,masaje espalda,29,1,0,2026-06-30
Q007964,ES,Valencia,clase de yoga,16,1,0,2026-06-10
Q007965,ES,Barcelona,masaje tailandes,15,1,0,2026-06-26
Q007966,ES,Barcelona,manicura,14,1,0,2026-06-26
Q007967,ES,Madrid,paracaidismo,0,0,0,2026-06-24
Q007968,ES,Barcelona,extensiones pestañas,0,0,0,2026-06-28
Q007969,ES,Madrid,sushi,8,0,0,2026-06-03
Q007970,ES,Valencia,manicura,13,0,0,2026-06-30
Q007971,ES,Valencia,limpieza facial,14,1,0,2026-06-09
Q007972,ES,Madrid,bolera,1,1,0,2026-06-25
Q007973,ES,Madrid,bolera,2,0,0,2026-06-18
Q007974,ES,Sevilla,paseo en globo,0,0,0,2026-06-19
Q007975,ES,Madrid,brunch,15,1,1,2026-06-05
Q007976,ES,Madrid,masaje tailandes,0,0,0,2026-06-02
Q007977,ES,Valencia,tappas,20,1,0,2026-06-05
Q007978,ES,Madrid,tinte pelo,0,0,0,2026-06-19
Q007979,ES,Valencia,pilates,10,0,0,2026-06-10
Q007980,ES,Valencia,brunch,4,0,0,2026-06-20
Q007981,ES,Valencia,back massage,2,0,0,2026-06-21
Q007982,ES,Madrid,paintball,12,0,0,2026-06-25
Q007983,ES,Barcelona,escae room,21,0,0,2026-06-13
Q007984,ES,Madrid,rafting,0,0,0,2026-06-11
Q007985,ES,Valencia,arroceria,9,0,0,2026-06-11
Q007986,ES,Barcelona,hamburguesa,1,0,0,2026-06-11
Q007987,ES,Barcelona,crossfit,21,1,1,2026-06-14
Q007988,ES,Madrid,tpas,1,0,0,2026-06-09
Q007989,ES,Valencia,masaje descontracturante,0,0,0,2026-06-07
Q007990,ES,Barcelona,clase de yoga,16,0,0,2026-06-23
Q007991,ES,Barcelona,pilates,0,0,0,2026-06-05
Q007992,ES,Sevilla,raftinng,0,0,0,2026-06-20
Q007993,ES,Madrid,pilates,0,0,0,2026-06-11
Q007994,ES,Madrid,maasaje en pareja,0,0,0,2026-06-14
Q007995,ES,Madrid,masaje tailandes,20,0,0,2026-06-28
Q007996,ES,Sevilla,escape room,23,0,0,2026-06-09
Q007997,ES,Barcelona,tour ciudad,23,1,0,2026-06-15
Q007998,ES,Madrid,masaje en pareja,12,1,1,2026-06-29
Q007999,ES,Madrid,paintball,36,0,0,2026-06-05
Q008000,ES,Madrid,masaje tailandes,1,0,0,2026-06-13
Q008001,ES,Valencia,tapas,27,0,0,2026-06-21
Q008002,ES,Barcelona,escpe room,22,1,0,2026-06-29
Q008003,ES,Valencia,masaje en pareja,0,0,0,2026-06-14
Q008004,ES,Valencia,masaje espalda,13,0,0,2026-06-05
Q008005,ES,Madrid,masaje espalda,21,0,0,2026-06-26
Q008006,ES,Madrid,clase de yoga,14,0,0,2026-06-28
Q008007,ES,Valencia,limpieza facial,23,1,0,2026-06-22
Q008008,ES,Madrid,rafting,0,0,0,2026-06-03
Q008009,ES,Madrid,masaje espalda,0,0,0,2026-06-17
Q008010,ES,Madrid,brunch,2,0,0,2026-06-15
Q008011,ES,Madrid,escape room,1,0,0,2026-06-08
Q008012,ES,Madrid,masaje descontracturante,13,1,0,2026-06-19
Q008013,ES,Valencia,vuelo en helicoptero,0,0,0,2026-06-16
Q008014,ES,Madrid,escape room,13,1,0,2026-06-03
Q008015,ES,Madrid,brunch,20,0,0,2026-06-10
Q008016,ES,Valencia,masaje tailandes,2,0,0,2026-06-29
Q008017,ES,Madrid,entrenador personal,13,1,1,2026-06-09
Q008018,ES,Valencia,escape room,18,0,0,2026-06-07
Q008019,ES,Madrid,bowling,0,0,0,2026-06-17
Q008020,ES,Madrid,masaje espalda,1,0,0,2026-06-22
Q008021,ES,Barcelona,gym,2,0,0,2026-06-13
Q008022,ES,Madrid,arroceria,25,1,0,2026-06-11
Q008023,ES,Madrid,hamburguesa,8,0,0,2026-06-07
Q008024,ES,Madrid,limpieza facial,2,0,0,2026-06-14
Q008025,ES,Madrid,hamburguesa,9,1,0,2026-06-07
Q008026,ES,Madrid,pilates,0,0,0,2026-06-25
Q008027,ES,Madrid,paseo en globo,0,0,0,2026-06-19
Q008028,ES,Barcelona,escape room,16,1,0,2026-06-14
Q008029,ES,Madrid,peluqueria,7,1,0,2026-06-12
Q008030,ES,Madrid,escape room,0,0,0,2026-06-20
Q008031,ES,Madrid,vuelo en helicoptero,0,0,0,2026-06-14
Q008032,ES,Madrid,crossfit,0,0,0,2026-06-26
Q008033,ES,Barcelona,clase de yoga,23,0,0,2026-06-23
Q008034,ES,Madrid,sushi,0,0,0,2026-06-23
Q008035,ES,Madrid,sushi,1,0,0,2026-06-25
Q008036,ES,Madrid,masaje descontracturante,0,0,0,2026-06-08
Q008037,ES,Madrid,manicura,15,1,0,2026-06-06
Q008038,ES,Madrid,peluqueria,15,0,0,2026-06-20
Q008039,ES,Madrid,escape room,12,1,0,2026-06-19
Q008040,ES,Valencia,bolera,4,1,0,2026-06-15
Q008041,ES,Barcelona,yoga class,0,0,0,2026-06-18
Q008042,ES,Madrid,rafting,0,0,0,2026-06-22
Q008043,ES,Sevilla,vuelo en helicoptero,0,0,0,2026-06-24
Q008044,ES,Madrid,bolera,16,0,0,2026-06-26
Q008045,ES,Madrid,personal trainer,0,0,0,2026-06-13
Q008046,ES,Madrid,rafting,0,0,0,2026-06-24
Q008047,ES,Barcelona,masaje espalda,20,1,0,2026-06-13
Q008048,ES,Madrid,entrenador personal,7,1,0,2026-06-12
Q008049,ES,Madrid,extensiones pestñas,1,0,0,2026-06-18
Q008050,ES,Barcelona,rafting,0,0,0,2026-06-19
Q008051,ES,Valencia,tour ciudad,23,0,0,2026-06-02
Q008052,ES,Madrid,steak dinner,12,1,0,2026-06-06
Q008053,ES,Valencia,hambuguesa,13,0,0,2026-06-20
Q008054,ES,Madrid,crossfit,1,0,0,2026-06-21
Q008055,ES,Madrid,karting,6,0,0,2026-06-17
Q008056,ES,Madrid,peluqueria,16,1,0,2026-06-11
Q008057,ES,Sevilla,limpieza facial,24,0,0,2026-06-28
Q008058,ES,Madrid,vuelo en helicoptero,0,0,0,2026-06-08
Q008059,ES,Madrid,masaje tailandes,14,1,0,2026-06-05
Q008060,ES,Madrid,indian restaurant,0,0,0,2026-06-26
Q008061,ES,Barcelona,crossfit,12,1,0,2026-06-02
Q008062,ES,Valencia,karting,2,0,0,2026-06-29
Q008063,ES,Valencia,vuelo en helicoptero,0,0,0,2026-06-22
Q008064,ES,Madrid,sushi,1,0,0,2026-06-10
Q008065,ES,Madrid,karting,21,0,0,2026-06-25
Q008066,ES,Barcelona,vuelo en helicoptero,0,0,0,2026-06-21
Q008067,ES,Madrid,vuelo en helicoptero,0,0,0,2026-06-15
Q008068,ES,Barcelona,gimnasio,16,1,1,2026-06-14
Q008069,ES,Barcelona,masaje en pareja,21,1,1,2026-06-28
Q008070,ES,Madrid,brunch,0,0,0,2026-06-05
Q008071,ES,Madrid,tapas,2,0,0,2026-06-24
Q008072,ES,Madrid,paintball,11,1,0,2026-06-30
Q008073,ES,Madrid,karting,38,0,0,2026-06-04
Q008074,ES,Madrid,brunch,21,1,0,2026-06-17
Q008075,ES,Valencia,extensiones pestañas,1,0,0,2026-06-10
Q008076,ES,Barcelona,masaje espalda,5,0,0,2026-06-14
Q008077,ES,Barcelona,masaje espalda,14,1,1,2026-06-03
Q008078,ES,Barcelona,paseo en  globo,0,0,0,2026-06-21
Q008079,ES,Madrid,sushi,24,0,0,2026-06-16
Q008080,ES,Madrid,karting,10,0,0,2026-06-24
Q008081,PL,Gdańsk,pilates,8,0,0,2026-06-23
Q008082,PL,Warszawa,lot balonem,0,0,0,2026-06-26
Q008083,PL,Kraków,burger,20,1,0,2026-06-12
Q008084,PL,Warszawa,brunch,18,0,0,2026-06-22
Q008085,PL,Warszawa,hair colour,1,0,0,2026-06-19
Q008086,PL,Warszawa,oczyszczanie twarzy,15,0,0,2026-06-21
Q008087,PL,Warszawa,siłownia,1,0,0,2026-06-10
Q008088,PL,Gdańsk,kręgle,40,1,0,2026-06-07
Q008089,PL,Kraków,masaż pleców,8,0,0,2026-06-30
Q008090,PL,Kraków,trener personalny,0,0,0,2026-06-14
Q008091,PL,Gdańsk,joga,24,0,0,2026-06-10
Q008092,PL,Gdańsk,lot balonem,0,0,0,2026-06-02
Q008093,PL,Gdańsk,gokarty,2,0,0,2026-06-12
Q008094,PL,Gdańsk,lot helokopterem,0,0,0,2026-06-23
Q008095,PL,Wrocław,lot helikopterem,0,0,0,2026-06-03
Q008096,PL,Warszawa,masaż tajski,0,0,0,2026-06-02
Q008097,PL,Wrocław,rafting,0,0,0,2026-06-02
Q008098,PL,Kraków,oczyszczanie twarzy,18,1,1,2026-06-24
Q008099,PL,Warszawa,restauracja włoska,1,0,0,2026-06-14
Q008100,PL,Wrocław,masaż tajski,1,0,0,2026-06-05
Q008101,PL,Wrocław,manicure,0,0,0,2026-06-16
Q008102,PL,Wrocław,burger,17,1,1,2026-06-12
Q008103,PL,Wrocław,gokarty,19,1,0,2026-06-04
Q008104,PL,Warszawa,masaż tajski,8,1,1,2026-06-13
Q008105,PL,Kraków,sushi,15,0,0,2026-06-11
Q008106,PL,Gdańsk,trener personalny,0,0,0,2026-06-27
Q008107,PL,Warszawa,gokarty,6,1,1,2026-06-16
Q008108,PL,Kraków,siłownia,2,1,0,2026-06-23
Q008109,PL,Warszawa,zwiedzanie miasta,0,0,0,2026-06-19
Q008110,PL,Kraków,manicure,12,1,0,2026-06-18
Q008111,PL,Warszawa,gokarty,2,0,0,2026-06-19
Q008112,PL,Wrocław,przedłużanie rzęs,20,1,0,2026-06-22
Q008113,PL,Gdańsk,burger,5,0,0,2026-06-22
Q008114,PL,Kraków,siłłownia,2,0,0,2026-06-01
Q008115,PL,Warszawa,deep tissue massage,9,0,0,2026-06-30
Q008116,PL,Wrocław,masaż sportowy,23,1,0,2026-06-14
Q008117,PL,Wrocław,escape room,1,0,0,2026-06-10
Q008118,PL,Warszawa,paintball,2,0,0,2026-06-12
Q008119,PL,Wrocław,buurger,13,1,0,2026-06-26
Q008120,PL,Warszawa,sushi,2,0,0,2026-06-22
Q008121,PL,Wrocław,oczyszczanie twarzy,5,1,0,2026-06-16
Q008122,PL,Warszawa,masaż tajski,20,0,0,2026-06-04
Q008123,PL,Gdańsk,oczyszczanie twarzy,11,1,1,2026-06-02
Q008124,PL,Kraków,gokarty,1,0,0,2026-06-27
Q008125,PL,Warszawa,masaż pleców,0,0,0,2026-06-28
Q008126,PL,Warszawa,rating,0,0,0,2026-06-29
Q008127,PL,Gdańsk,masaż dla par,13,1,0,2026-06-06
Q008128,PL,Warszawa,kręgle,18,1,0,2026-06-13
Q008129,PL,Wrocław,masaż pleców,23,1,1,2026-06-29
Q008130,PL,Wrocław,burger,7,1,1,2026-06-11
Q008131,PL,Kraków,koloryzacja,0,0,0,2026-06-25
Q008132,PL,Warszawa,skoki spadochronowe,0,0,0,2026-06-10
Q008133,PL,Warszawa,paintball,18,1,0,2026-06-09
Q008134,PL,Warszawa,gokarty,0,0,0,2026-06-14
Q008135,PL,Kraków,manicure,22,1,0,2026-06-08
Q008136,PL,Warszawa,skoki spadochronowe,0,0,0,2026-06-18
Q008137,PL,Wrocław,masaż sportowy,0,0,0,2026-06-01
Q008138,PL,Warszawa,lot balonem,0,0,0,2026-06-15
Q008139,PL,Warszawa,gokarty,1,0,0,2026-06-14
Q008140,PL,Kraków,sushi,4,1,0,2026-06-18
Q008141,PL,Warszawa,skoki spadochronowe,0,0,0,2026-06-01
Q008142,PL,Wrocław,trener personalny,20,1,1,2026-06-18
Q008143,PL,Kraków,gokarty,22,0,0,2026-06-13
Q008144,PL,Warszawa,joga,2,0,0,2026-06-01
Q008145,PL,Warszawa,rafting,0,0,0,2026-06-26
Q008146,PL,Warszawa,pizzeria,8,0,0,2026-06-09
Q008147,PL,Warszawa,koloryzacja,23,1,0,2026-06-22
Q008148,PL,Warszawa,restauracja włoska,10,0,0,2026-06-08
Q008149,PL,Warszawa,lot balonem,0,0,0,2026-06-27
Q008150,PL,Wrocław,joga,10,1,0,2026-06-30
Q008151,PL,Wrocław,paintball,1,0,0,2026-06-07
Q008152,PL,Warszawa,lot helikopterem,0,0,0,2026-06-02
Q008153,PL,Warszawa,gokarty,1,0,0,2026-06-22
Q008154,PL,Kraków,pilates,6,0,0,2026-06-25
Q008155,PL,Warszawa,zwiedzanie miasta,2,1,0,2026-06-01
Q008156,PL,Gdańsk,crosifit,31,0,0,2026-06-08
Q008157,PL,Wrocław,lot helikopterem,0,0,0,2026-06-19
Q008158,PL,Warszawa,paintball,1,0,0,2026-06-16
Q008159,PL,Kraków,lot balonem,0,0,0,2026-06-08
Q008160,PL,Warszawa,skoki spadochronowe,0,0,0,2026-06-09
Q008161,PL,Kraków,fryzjer,0,0,0,2026-06-10
Q008162,PL,Warszawa,koloryzacja,18,1,1,2026-06-13
Q008163,PL,Kraków,lot balonem,0,0,0,2026-06-05
Q008164,PL,Warszawa,sushi,30,1,0,2026-06-30
Q008165,PL,Wrocław,masaż dla par,20,1,0,2026-06-06
Q008166,PL,Kraków,masaż dla par,9,1,0,2026-06-06
Q008167,PL,Kraków,masaż sportowy,25,0,0,2026-06-07
Q008168,PL,Warszawa,koloryzacja,1,0,0,2026-06-16
Q008169,PL,Warszawa,brunch,16,1,1,2026-06-14
Q008170,PL,Kraków,sushi,2,0,0,2026-06-11
Q008171,PL,Warszawa,yoga class,1,0,0,2026-06-21
Q008172,PL,Warszawa,rafting,0,0,0,2026-06-25
Q008173,PL,Kraków,pilates,0,0,0,2026-06-24
Q008174,PL,Gdańsk,rafting,0,0,0,2026-06-06
Q008175,PL,Warszawa,joga,13,1,1,2026-06-23
Q008176,PL,Warszawa,masaż sportowy,24,1,0,2026-06-28
Q008177,PL,Warszawa,koloryzacja,33,1,0,2026-06-29
Q008178,PL,Warszawa,przedłużanie rzęs,15,1,1,2026-06-03
Q008179,PL,Warszawa,masaż pleców,16,1,0,2026-06-02
Q008180,PL,Warszawa,sushi,20,1,1,2026-06-25
Q008181,PL,Warszawa,sushi,11,0,0,2026-06-04
Q008182,PL,Kraków,masaż tajski,1,0,0,2026-06-28
Q008183,PL,Kraków,sushi,0,0,0,2026-06-25
Q008184,PL,Wrocław,manicure,7,1,0,2026-06-08
Q008185,PL,Kraków,lot helikopterem,0,0,0,2026-06-28
Q008186,PL,Gdańsk,lot balonem,0,0,0,2026-06-19
Q008187,PL,Warszawa,pilates,19,0,0,2026-06-16
Q008188,PL,Kraków,masaż tajski,2,1,0,2026-06-19
Q008189,PL,Warszawa,manicure,2,0,0,2026-06-06
Q008190,PL,Warszawa,sushi,1,0,0,2026-06-23
Q008191,PL,Warszawa,siłownia,2,0,0,2026-06-26
Q008192,PL,Gdańsk,sushi,9,0,0,2026-06-15
Q008193,PL,Warszawa,pilates,1,0,0,2026-06-02
Q008194,PL,Warszawa,fryzjer,12,0,0,2026-06-19
Q008195,PL,Warszawa,oczyszczanie twarzy,2,0,0,2026-06-15
Q008196,PL,Kraków,masaż dla par,18,1,1,2026-06-30
Q008197,PL,Wrocław,fryzjer,1,0,0,2026-06-10
Q008198,PL,Warszawa,haircut,0,0,0,2026-06-04
Q008199,PL,Wrocław,siłownia,0,0,0,2026-06-17
Q008200,PL,Kraków,skoki spadochronowe,0,0,0,2026-06-06
Q008201,PL,Warszawa,masaż sportowy,11,1,0,2026-06-18
Q008202,PL,Kraków,deep tissue massage,1,0,0,2026-06-28
Q008203,PL,Warszawa,skoki spadochronowe,0,0,0,2026-06-23
Q008204,PL,Wrocław,pilates,13,0,0,2026-06-29
Q008205,PL,Warszawa,oczyszczanie twarzy,20,1,0,2026-06-11
Q008206,PL,Wrocław,restauracja włoska,2,0,0,2026-06-27
Q008207,PL,Gdańsk,rafting,0,0,0,2026-06-17
Q008208,PL,Wrocław,zwiedzanie miasta,13,1,0,2026-06-22
Q008209,PL,Warszawa,masaż sportowy,0,0,0,2026-06-07
Q008210,PL,Kraków,city tour,1,0,0,2026-06-17
Q008211,PL,Gdańsk,steak dinner,0,0,0,2026-06-01
Q008212,PL,Warszawa,gokarty,17,1,0,2026-06-22
Q008213,PL,Warszawa,pizzeria,27,0,0,2026-06-27
Q008214,PL,Wrocław,paintball,0,0,0,2026-06-20
Q008215,PL,Gdańsk,paintball,1,0,0,2026-06-21
Q008216,PL,Warszawa,koloryzacja,1,0,0,2026-06-13
Q008217,PL,Wrocław,fryzjer,1,0,0,2026-06-15
Q008218,PL,Warszawa,rafting,0,0,0,2026-06-25
Q008219,PL,Warszawa,skoki spadochronowe,0,0,0,2026-06-06
Q008220,PL,Gdańsk,paintball,21,0,0,2026-06-08
Q008221,PL,Wrocław,masaż dla par,6,1,0,2026-06-01
Q008222,PL,Warszawa,trener personalny,13,0,0,2026-06-27
Q008223,PL,Warszawa,brunch,2,0,0,2026-06-13
Q008224,PL,Warszawa,lot helikopterem,0,0,0,2026-06-25
Q008225,PL,Warszawa,resturacja włoska,10,1,1,2026-06-08
Q008226,PL,Warszawa,rafting,0,0,0,2026-06-17
Q008227,PL,Kraków,lot balonem,0,0,0,2026-06-30
Q008228,PL,Wrocław,oczyszczanie twarzy,13,0,0,2026-06-27
Q008229,PL,Gdańsk,burger,2,1,0,2026-06-25
Q008230,PL,Warszawa,pizzeria,0,0,0,2026-06-24
Q008231,PL,Warszawa,masaż dla par,16,0,0,2026-06-08
Q008232,PL,Warszawa,brunch,22,0,0,2026-06-23
Q008233,PL,Kraków,trener personalny,1,0,0,2026-06-26
Q008234,PL,Warszawa,masaż tajski,23,1,0,2026-06-10
Q008235,PL,Kraków,skoki spadochronowe,0,0,0,2026-06-27
Q008236,PL,Warszawa,skoki spadochronowe,0,0,0,2026-06-19
Q008237,PL,Gdańsk,masaż dla par,8,1,0,2026-06-28
Q008238,PL,Warszawa,gokarty,10,1,0,2026-06-27
Q008239,PL,Kraków,przedłużanie rzęs,11,0,0,2026-06-15
Q008240,PL,Warszawa,burger,0,0,0,2026-06-26
Q008241,PL,Kraków,masaż dla par,1,0,0,2026-06-17
Q008242,PL,Kraków,lot balonem,0,0,0,2026-06-27
Q008243,PL,Gdańsk,pilates,0,0,0,2026-06-30
Q008244,PL,Wrocław,brunch,1,0,0,2026-06-11
Q008245,PL,Warszawa,crossfit,0,0,0,2026-06-26
Q008246,PL,Gdańsk,rafting,0,0,0,2026-06-16
Q008247,PL,Warszawa,masaż tajski,24,0,0,2026-06-05
Q008248,PL,Gdańsk,brunch,0,0,0,2026-06-22
Q008249,PL,Warszawa,pizzeria,16,0,0,2026-06-14
Q008250,PL,Warszawa,masaż tajski,2,0,0,2026-06-27
Q008251,PL,Wrocław,lot helikopterem,0,0,0,2026-06-01
Q008252,PL,Warszawa,brunch,2,1,1,2026-06-29
Q008253,PL,Warszawa,skoki spadochronowe,0,0,0,2026-06-19
Q008254,PL,Kraków,kręgle,18,1,0,2026-06-08
Q008255,PL,Warszawa,manicue,36,0,0,2026-06-23
Q008256,PL,Warszawa,zwiedzanie miasta,1,0,0,2026-06-17
Q008257,PL,Warszawa,joga,25,1,1,2026-06-25
Q008258,PL,Kraków,brunch,2,0,0,2026-06-25
Q008259,PL,Warszawa,lot helikopterem,0,0,0,2026-06-01
Q008260,PL,Warszawa,skoki spadochronowe,0,0,0,2026-06-19
Q008261,PL,Warszawa,masaż dla par,5,0,0,2026-06-08
Q008262,PL,Wrocław,skoki spadochronowe,0,0,0,2026-06-25
Q008263,PL,Warszawa,pilates,23,0,0,2026-06-04
Q008264,PL,Wrocław,rafting,0,0,0,2026-06-28
Q008265,PL,Warszawa,manicure,24,1,0,2026-06-08
Q008266,PL,Wrocław,lot balonem,0,0,0,2026-06-03
Q008267,PL,Wrocław,masaż dla par,2,0,0,2026-06-01
Q008268,PL,Gdańsk,steak dinner,0,0,0,2026-06-25
Q008269,PL,Warszawa,restauracja włoska,4,0,0,2026-06-06
Q008270,PL,Warszawa,rafting,0,0,0,2026-06-04
Q008271,PL,Wrocław,pizzeria,10,0,0,2026-06-23
Q008272,PL,Wrocław,przedłużanie rzęs,15,1,1,2026-06-09
Q008273,PL,Kraków,sushi,0,0,0,2026-06-19
Q008274,PL,Warszawa,brunch,0,0,0,2026-06-23
Q008275,PL,Kraków,gokarty,12,0,0,2026-06-04
Q008276,PL,Warszawa,zwiedzanie miasta,12,0,0,2026-06-07
Q008277,PL,Warszawa,trener personalny,20,0,0,2026-06-11
Q008278,PL,Gdańsk,bowling,0,0,0,2026-06-21
Q008279,PL,Warszawa,burger,1,1,0,2026-06-30
Q008280,PL,Warszawa,przedłużanie rzęs,9,0,0,2026-06-27
Q008281,PL,Wrocław,trener personalny,2,0,0,2026-06-19
Q008282,PL,Warszawa,masaż dla par,11,1,0,2026-06-29
Q008283,PL,Kraków,trener personalny,2,0,0,2026-06-13
Q008284,PL,Wrocław,rafting,0,0,0,2026-06-26
Q008285,PL,Warszawa,pizzeria,10,1,0,2026-06-29
Q008286,PL,Warszawa,skoki spadochronowe,0,0,0,2026-06-29
Q008287,PL,Warszawa,paintball,0,0,0,2026-06-19
Q008288,PL,Warszawa,lot balonem,0,0,0,2026-06-02
Q008289,PL,Kraków,siłownia,30,0,0,2026-06-14
Q008290,PL,Warszawa,facial,2,0,0,2026-06-07
Q008291,PL,Wrocław,burger,1,0,0,2026-06-14
Q008292,PL,Warszawa,masaż tajski,20,0,0,2026-06-20
Q008293,PL,Warszawa,oczyszczanie twarzy,2,0,0,2026-06-19
Q008294,PL,Kraków,lot balonem,0,0,0,2026-06-30
Q008295,PL,Warszawa,koloryzacja,22,0,0,2026-06-25
Q008296,PL,Kraków,brunch,0,0,0,2026-06-22
Q008297,PL,Wrocław,facial,0,0,0,2026-06-29
Q008298,PL,Warszawa,joga,0,0,0,2026-06-11
Q008299,PL,Wrocław,brunch,25,1,0,2026-06-18
Q008300,PL,Kraków,masaż pleców,20,1,1,2026-06-16
Q008301,PL,Kraków,lot balonem,0,0,0,2026-06-28
Q008302,PL,Warszawa,koloryzzacja,11,0,0,2026-06-21
Q008303,PL,Warszawa,przedłużanie rzęs,26,1,0,2026-06-28
Q008304,PL,Wrocław,burger,2,0,0,2026-06-12
Q008305,PL,Warszawa,sports massage,2,0,0,2026-06-23
Q008306,PL,Kraków,fryzjer,1,0,0,2026-06-12
Q008307,PL,Warszawa,paintball,1,1,0,2026-06-05
Q008308,PL,Wrocław,lot helikopterem,0,0,0,2026-06-19
Q008309,PL,Wrocław,zwiedzanie miasta,24,1,0,2026-06-06
Q008310,PL,Kraków,masaż pleców,20,1,0,2026-06-25
Q008311,PL,Kraków,lt helikopterem,0,0,0,2026-06-15
Q008312,PL,Wrocław,trener personalny,2,0,0,2026-06-06
Q008313,PL,Wrocław,sushi,22,1,1,2026-06-07
Q008314,PL,Wrocław,burger,20,1,0,2026-06-13
Q008315,PL,Kraków,masaż dla par,15,1,1,2026-06-01
Q008316,PL,Kraków,escape room,27,0,0,2026-06-22
Q008317,PL,Kraków,masaż tajski,1,1,0,2026-06-20
Q008318,PL,Warszawa,restauracja włoska,23,0,0,2026-06-22
Q008319,PL,Wrocław,masaż dla par,0,0,0,2026-06-25
Q008320,PL,Gdańsk,masaż sportowy,0,0,0,2026-06-15
Q008321,PL,Wrocław,rafting,0,0,0,2026-06-06
Q008322,PL,Gdańsk,lot helikopterem,0,0,0,2026-06-09
Q008323,PL,Warszawa,lot helikopterem,0,0,0,2026-06-17
Q008324,PL,Gdańsk,masaż dla par,22,0,0,2026-06-02
Q008325,PL,Wrocław,rafting,0,0,0,2026-06-23
Q008326,PL,Wrocław,sushi,2,0,0,2026-06-02
Q008327,PL,Warszawa,zwiedzanie miasta,2,0,0,2026-06-01
Q008328,PL,Warszawa,pilates,11,0,0,2026-06-04
Q008329,PL,Warszawa,gokarty,17,1,0,2026-06-15
Q008330,PL,Wrocław,gym,1,0,0,2026-06-10
Q008331,PL,Warszawa,masaż aportowy,24,0,0,2026-06-30
Q008332,PL,Wrocław,burger,1,0,0,2026-06-16
Q008333,PL,Warszawa,zwiedzanie miasta,2,0,0,2026-06-14
Q008334,PL,Kraków,pilates,1,0,0,2026-06-11
Q008335,PL,Warszawa,fryzjer,4,0,0,2026-06-16
Q008336,PL,Wrocław,przedłużanie rzęs,21,0,0,2026-06-30
Q008337,PL,Wrocław,gokarty,22,1,0,2026-06-19
Q008338,PL,Gdańsk,personal trainer,1,0,0,2026-06-06
Q008339,PL,Warszawa,pilates,21,0,0,2026-06-03
Q008340,PL,Warszawa,rafting,0,0,0,2026-06-01
Q008341,PL,Warszawa,crossfit,17,1,0,2026-06-07
Q008342,PL,Wrocław,masaż sportowy,9,0,0,2026-06-06
Q008343,PL,Warszawa,paitball,13,1,0,2026-06-29
Q008344,PL,Warszawa,rafting,0,0,0,2026-06-09
Q008345,PL,Wrocław,lot helikopterem,0,0,0,2026-06-24
Q008346,PL,Kraków,lot balonem,0,0,0,2026-06-27
Q008347,PL,Warszawa,escape room,2,1,0,2026-06-23
Q008348,PL,Kraków,lot balonem,0,0,0,2026-06-13
Q008349,PL,Warszawa,skoki spadochronowe,0,0,0,2026-06-14
Q008350,PL,Warszawa,gokary,11,1,0,2026-06-03
Q008351,PL,Wrocław,lot balonem,0,0,0,2026-06-10
Q008352,PL,Warszawa,przedłużanie rzęs,2,0,0,2026-06-24
Q008353,PL,Warszawa,brunch,4,1,1,2026-06-25
Q008354,PL,Warszawa,lot balonem,0,0,0,2026-06-12
Q008355,PL,Kraków,gokary,18,0,0,2026-06-19
Q008356,PL,Warszawa,zwiedzanie miasta,2,0,0,2026-06-14
Q008357,PL,Warszawa,crosfit,1,0,0,2026-06-28
Q008358,PL,Wrocław,koloryzacja,1,0,0,2026-06-12
Q008359,PL,Kraków,lot balonem,0,0,0,2026-06-02
Q008360,PL,Warszawa,lot balonem,0,0,0,2026-06-10
Q008361,PL,Warszawa,sushi,1,0,0,2026-06-25
Q008362,PL,Kraków,burger,0,0,0,2026-06-17
Q008363,PL,Kraków,skoki spadochronowe,0,0,0,2026-06-12
Q008364,PL,Warszawa,masaż dla par,23,1,1,2026-06-13
Q008365,PL,Warszawa,masaż pleców,2,0,0,2026-06-10
Q008366,PL,Warszawa,rafting,0,0,0,2026-06-17
Q008367,PL,Wrocław,escape room,10,0,0,2026-06-22
Q008368,PL,Warszawa,lot balonem,0,0,0,2026-06-09
Q008369,PL,Warszawa,pizzeria,16,1,1,2026-06-11
Q008370,PL,Warszawa,joga,8,1,0,2026-06-11
Q008371,PL,Warszawa,masaż sportowy,0,0,0,2026-06-20
Q008372,PL,Kraków,masaż tajski,22,0,0,2026-06-29
Q008373,PL,Warszawa,brunch,16,0,0,2026-06-05
Q008374,PL,Wrocław,thai massage,0,0,0,2026-06-17
Q008375,PL,Warszawa,escape room,15,1,0,2026-06-29
Q008376,PL,Warszawa,oczyszczanie twarzy,16,0,0,2026-06-17
Q008377,PL,Kraków,lot helikopterem,0,0,0,2026-06-10
Q008378,PL,Gdańsk,lot balonem,0,0,0,2026-06-03
Q008379,PL,Warszawa,masaż pleców,1,0,0,2026-06-14
Q008380,PL,Kraków,masaż sportowy,1,0,0,2026-06-01
Q008381,PL,Wrocław,burger,2,0,0,2026-06-01
Q008382,PL,Warszawa,sushi,24,1,0,2026-06-01
Q008383,PL,Warszawa,masaż pleców,0,0,0,2026-06-22
Q008384,PL,Wrocław,haircut,0,0,0,2026-06-21
Q008385,PL,Kraków,pilates,0,0,0,2026-06-21
Q008386,PL,Wrocław,lot balonem,0,0,0,2026-06-25
Q008387,PL,Gdańsk,gokarty,17,1,1,2026-06-14
Q008388,PL,Wrocław,escape room,0,0,0,2026-06-11
Q008389,PL,Kraków,pizzeia,0,0,0,2026-06-16
Q008390,PL,Warszawa,masaż pleców,14,1,0,2026-06-06
Q008391,PL,Warszawa,rafting,0,0,0,2026-06-15
Q008392,PL,Kraków,treer personalny,21,0,0,2026-06-14
Q008393,PL,Kraków,kręgle,5,0,0,2026-06-10
Q008394,PL,Warszawa,city tour,2,0,0,2026-06-12
Q008395,PL,Gdańsk,manicure,2,0,0,2026-06-24
Q008396,PL,Warszawa,koloryzacja,22,1,0,2026-06-24
Q008397,PL,Warszawa,restauracja włoska,11,0,0,2026-06-04
Q008398,PL,Warszawa,escape room,1,0,0,2026-06-28
Q008399,PL,Warszawa,brunch,24,1,0,2026-06-11
Q008400,PL,Wrocław,oczyszczanie twarzy,1,0,0,2026-06-25
Q008401,PL,Warszawa,couples massage,2,0,0,2026-06-24
Q008402,PL,Warszawa,restauracja włoska,12,1,1,2026-06-16
Q008403,PL,Kraków,fryzjer,9,1,1,2026-06-10
Q008404,PL,Warszawa,rafting,0,0,0,2026-06-30
Q008405,PL,Wrocław,fryzjer,18,0,0,2026-06-26
Q008406,PL,Kraków,masaż tajski,15,0,0,2026-06-12
Q008407,PL,Kraków,lot balonem,0,0,0,2026-06-02
Q008408,PL,Warszawa,joga,7,1,0,2026-06-09
Q008409,PL,Wrocław,lot balonem,0,0,0,2026-06-15
Q008410,PL,Warszawa,pilates,11,1,0,2026-06-06
Q008411,PL,Gdańsk,fryzjer,1,0,0,2026-06-27
Q008412,PL,Wrocław,oczyszczanie twarzy,5,0,0,2026-06-19
Q008413,PL,Warszawa,siłownia,2,0,0,2026-06-18
Q008414,PL,Warszawa,siłownia,8,1,1,2026-06-23
Q008415,PL,Kraków,skoki spadochronowe,0,0,0,2026-06-13
Q008416,PL,Warszawa,raftung,0,0,0,2026-06-14
Q008417,PL,Kraków,zwiedzanie miasta,6,0,0,2026-06-24
Q008418,PL,Gdańsk,pilates,23,0,0,2026-06-10
Q008419,PL,Warszawa,masaż dla par,1,0,0,2026-06-30
Q008420,PL,Gdańsk,paintball,14,0,0,2026-06-02
Q008421,PL,Warszawa,pilates,20,1,0,2026-06-13
Q008422,PL,Wrocław,masaż dla par,16,0,0,2026-06-21
Q008423,PL,Warszawa,lot balonem,0,0,0,2026-06-09
Q008424,PL,Warszawa,pilates,0,0,0,2026-06-12
Q008425,PL,Gdańsk,masaż sportowy,2,0,0,2026-06-22
Q008426,PL,Kraków,skoki spadochronowe,0,0,0,2026-06-25
Q008427,PL,Wrocław,sushi,1,1,0,2026-06-21
Q008428,PL,Warszawa,masażtajski,20,1,0,2026-06-26
Q008429,PL,Warszawa,zwiedzanie miasta,1,0,0,2026-06-24
Q008430,PL,Wrocław,masaż tajski,0,0,0,2026-06-11
Q008431,PL,Warszawa,brunch,1,0,0,2026-06-30
Q008432,PL,Warszawa,oczyszczaniie twarzy,25,0,0,2026-06-26
Q008433,PL,Warszawa,go karting,2,1,0,2026-06-02
Q008434,PL,Warszawa,manicure,12,1,0,2026-06-23
Q008435,PL,Warszawa,przedłużanie rzęs,6,1,0,2026-06-23
Q008436,PL,Warszawa,zwiedzanie miasta,10,1,0,2026-06-18
Q008437,PL,Wrocław,brunch,2,1,0,2026-06-08
Q008438,PL,Warszawa,masaż sportowy,1,0,0,2026-06-20
Q008439,PL,Warszawa,masaż pleców,1,0,0,2026-06-06
Q008440,PL,Warszawa,brunch,1,0,0,2026-06-10
Q008441,PL,Wrocław,skoki spadochronowe,0,0,0,2026-06-06
Q008442,PL,Warszawa,kręgle,1,0,0,2026-06-04
Q008443,PL,Kraków,crossfit,21,1,0,2026-06-16
Q008444,PL,Kraków,crossfit,13,1,0,2026-06-29
Q008445,PL,Warszawa,fryzjer,15,0,0,2026-06-21
Q008446,PL,Wrocław,lot helikopterem,0,0,0,2026-06-08
Q008447,PL,Wrocław,siłownia,25,0,0,2026-06-26
Q008448,PL,Gdańsk,crossfit,0,0,0,2026-06-23
Q008449,PL,Kraków,lot balonem,0,0,0,2026-06-15
Q008450,PL,Wrocław,masaż dla par,1,0,0,2026-06-03
Q008451,PL,Warszawa,pilates,0,0,0,2026-06-03
Q008452,PL,Warszawa,rafting,0,0,0,2026-06-22
Q008453,PL,Warszawa,trener peersonalny,13,0,0,2026-06-27
Q008454,PL,Wrocław,escape room,8,1,1,2026-06-29
Q008455,PL,Kraków,fryzjer,18,0,0,2026-06-05
Q008456,PL,Gdańsk,przedłużanie rzęs,2,0,0,2026-06-20
Q008457,PL,Wrocław,skoki spadochronowe,0,0,0,2026-06-11
Q008458,PL,Warszawa,sushi,8,1,0,2026-06-22
Q008459,PL,Warszawa,sushi,28,1,0,2026-06-20
Q008460,PL,Warszawa,yoga class,32,0,0,2026-06-26
Q008461,PL,Kraków,masaż tajski,22,1,1,2026-06-15
Q008462,PL,Gdańsk,brunch,2,0,0,2026-06-03
Q008463,PL,Gdańsk,masaż tajski,5,1,1,2026-06-20
Q008464,PL,Warszawa,rafting,0,0,0,2026-06-10
Q008465,PL,Warszawa,zwiedzanie miasta,32,0,0,2026-06-30
Q008466,PL,Wrocław,crossfit,2,0,0,2026-06-04
Q008467,PL,Warszawa,crossfit,0,0,0,2026-06-22
Q008468,PL,Kraków,thai massage,2,0,0,2026-06-12
Q008469,PL,Wrocław,koloryzacja,0,0,0,2026-06-24
Q008470,PL,Wrocław,fryzjer,23,0,0,2026-06-14
Q008471,PL,Warszawa,pizzeria,17,0,0,2026-06-26
Q008472,PL,Wrocław,koloryzacja,2,0,0,2026-06-27
Q008473,PL,Wrocław,masaż tajski,2,1,1,2026-06-19
Q008474,PL,Warszawa,rafting,0,0,0,2026-06-11
Q008475,PL,Warszawa,skoki spadochronowe,0,0,0,2026-06-04
Q008476,PL,Kraków,masaż dla par,15,0,0,2026-06-19
Q008477,PL,Warszawa,lot helikopterem,0,0,0,2026-06-11
Q008478,PL,Warszawa,rafting,0,0,0,2026-06-03
Q008479,PL,Kraków,masaż tajski,2,0,0,2026-06-07
Q008480,PL,Warszawa,joga,16,1,0,2026-06-12
Q008481,PL,Warszawa,przedłużanie rzęs,11,0,0,2026-06-25
Q008482,PL,Warszawa,pilates,2,0,0,2026-06-05
Q008483,PL,Warszawa,burger,7,0,0,2026-06-05
Q008484,PL,Warszawa,facial,1,0,0,2026-06-05
Q008485,PL,Kraków,manicure,27,1,0,2026-06-23
Q008486,PL,Warszawa,masaż tajski,13,1,1,2026-06-24
Q008487,PL,Warszawa,skoki spadochronowe,0,0,0,2026-06-16
Q008488,PL,Wrocław,zwiedzanie miasta,0,0,0,2026-06-18
Q008489,PL,Gdańsk,escape room,0,0,0,2026-06-30
Q008490,PL,Warszawa,masaż dla par,12,1,0,2026-06-18
Q008491,PL,Gdańsk,masaż sportowy,28,1,0,2026-06-03
Q008492,PL,Warszawa,sushi,0,0,0,2026-06-25
Q008493,PL,Warszawa,lot balonem,0,0,0,2026-06-25
Q008494,PL,Warszawa,maaaż dla par,27,1,0,2026-06-18
Q008495,PL,Warszawa,skoki spadochronoe,0,0,0,2026-06-14
Q008496,PL,Wrocław,lot helikopterem,0,0,0,2026-06-21
Q008497,PL,Warszawa,zwiedzanie miasta,6,1,0,2026-06-29
Q008498,PL,Warszawa,masaż pleców,20,0,0,2026-06-25
Q008499,PL,Kraków,paintball,22,1,1,2026-06-04
Q008500,PL,Warszawa,paintball,0,0,0,2026-06-07
Q008501,PL,Warszawa,trener personalny,6,0,0,2026-06-28
Q008502,PL,Kraków,lot balonem,0,0,0,2026-06-01
Q008503,PL,Wrocław,brunch,4,1,0,2026-06-09
Q008504,PL,Warszawa,brunch,2,0,0,2026-06-25
Q008505,PL,Wrocław,zwiedzanie miasta,2,0,0,2026-06-23
Q008506,PL,Warszawa,trener personalny,18,0,0,2026-06-08
Q008507,PL,Warszawa,oczyszczanie twarzy,1,1,1,2026-06-08
Q008508,PL,Warszawa,lot helikopterem,0,0,0,2026-06-29
Q008509,PL,Warszawa,restauracja właska,16,1,0,2026-06-04
Q008510,PL,Kraków,pilates,1,0,0,2026-06-19
Q008511,PL,Gdańsk,crossfit,1,0,0,2026-06-26
Q008512,PL,Wrocław,escape room,25,0,0,2026-06-01
Q008513,PL,Kraków,manicure,2,0,0,2026-06-19
Q008514,PL,Wrocław,skoki spadochronowe,0,0,0,2026-06-09
Q008515,PL,Wrocław,fryzjer,14,0,0,2026-06-23
Q008516,PL,Warszawa,rafting,0,0,0,2026-06-13
Q008517,PL,Warszawa,kręgle,23,1,0,2026-06-05
Q008518,PL,Warszawa,przedłużanie rzęs,18,0,0,2026-06-03
Q008519,PL,Warszawa,hair colour,2,1,0,2026-06-11
Q008520,PL,Warszawa,kręgle,35,0,0,2026-06-27
Q008521,PL,Warszawa,manicure,0,0,0,2026-06-20
Q008522,PL,Warszawa,gokarty,4,1,0,2026-06-06
Q008523,PL,Kraków,zwiedzanie miasta,1,0,0,2026-06-10
Q008524,PL,Wrocław,crossfit,15,1,0,2026-06-02
Q008525,PL,Warszawa,oczyszczanie twarzy,0,0,0,2026-06-04
Q008526,PL,Warszawa,restauracja włoska,1,0,0,2026-06-27
Q008527,PL,Wrocław,fryzjer,1,0,0,2026-06-12
Q008528,PL,Warszawa,masaż tajski,0,0,0,2026-06-20
Q008529,PL,Warszawa,crossfit,1,0,0,2026-06-22
Q008530,PL,Warszawa,lot balonem,0,0,0,2026-06-20
Q008531,PL,Gdańsk,koloryzacja,8,1,0,2026-06-06
Q008532,PL,Warszawa,masaż pleców,6,0,0,2026-06-08
Q008533,PL,Warszawa,escape room,1,0,0,2026-06-24
Q008534,PL,Gdańsk,pizza deal,2,0,0,2026-06-19
Q008535,PL,Warszawa,skoki spadochronowe,0,0,0,2026-06-08
Q008536,PL,Warszawa,paintball,2,0,0,2026-06-02
Q008537,PL,Warszawa,trener personalny,25,0,0,2026-06-29
Q008538,PL,Wrocław,personal trainer,0,0,0,2026-06-25
Q008539,PL,Warszawa,escape room,24,0,0,2026-06-08
Q008540,PL,Warszawa,fryzjer,1,1,0,2026-06-26
Q008541,PL,Warszawa,paintball,10,0,0,2026-06-04
Q008542,PL,Wrocław,lot balonem,0,0,0,2026-06-01
Q008543,PL,Kraków,masaż tajski,2,0,0,2026-06-02
Q008544,PL,Warszawa,masaż pleców,0,0,0,2026-06-06
Q008545,PL,Warszawa,masaż pleców,2,0,0,2026-06-24
Q008546,PL,Kraków,joga,1,0,0,2026-06-09
Q008547,PL,Warszawa,paintball,19,0,0,2026-06-14
Q008548,PL,Kraków,lot helikopterem,0,0,0,2026-06-23
Q008549,PL,Warszawa,rafting,0,0,0,2026-06-02
Q008550,PL,Warszawa,siłownia,0,0,0,2026-06-08
Q008551,PL,Gdańsk,koloryzacja,1,1,0,2026-06-23
Q008552,PL,Gdańsk,pilates,9,1,0,2026-06-03
Q008553,PL,Gdańsk,crossfit,1,0,0,2026-06-27
Q008554,PL,Kraków,sushi,24,0,0,2026-06-30
Q008555,PL,Warszawa,zwiedzanie miasta,27,1,0,2026-06-13
Q008556,PL,Warszawa,masaż dla par,32,1,0,2026-06-09
Q008557,PL,Wrocław,facial,2,0,0,2026-06-10
Q008558,PL,Warszawa,skoki spadochronowe,0,0,0,2026-06-01
Q008559,PL,Warszawa,masaż sportowy,40,0,0,2026-06-03
Q008560,PL,Wrocław,brunch,1,0,0,2026-06-03
Q008561,PL,Gdańsk,masaż sportowy,4,0,0,2026-06-03
Q008562,PL,Warszawa,zwiedzanie miasta,1,0,0,2026-06-13
Q008563,PL,Wrocław,sushi,27,0,0,2026-06-01
Q008564,PL,Warszawa,masaż dla par,2,0,0,2026-06-12
Q008565,PL,Wrocław,brunch,19,1,0,2026-06-19
Q008566,PL,Wrocław,manicure,24,0,0,2026-06-20
Q008567,PL,Warszawa,skoki spadochronowe,0,0,0,2026-06-18
Q008568,PL,Wrocław,restauracja włoska,2,0,0,2026-06-08
Q008569,PL,Warszawa,masaż pleców,19,1,0,2026-06-27
Q008570,PL,Kraków,brunch,9,0,0,2026-06-11
Q008571,PL,Kraków,zwiedzanie miasta,11,1,0,2026-06-25
Q008572,PL,Warszawa,restauracja włoska,19,0,0,2026-06-21
Q008573,PL,Wrocław,lot helikopterem,0,0,0,2026-06-29
Q008574,PL,Warszawa,joga,26,0,0,2026-06-01
Q008575,PL,Warszawa,koloryzacja,1,0,0,2026-06-11
Q008576,PL,Warszawa,lot balonem,0,0,0,2026-06-22
Q008577,PL,Kraków,zwiedzanie miauta,0,0,0,2026-06-18
Q008578,PL,Kraków,oczyszczanie twarzy,22,0,0,2026-06-12
Q008579,PL,Warszawa,rafting,0,0,0,2026-06-13
Q008580,PL,Warszawa,lot helikopterem,0,0,0,2026-06-07
Q008581,PL,Wrocław,sushi,28,1,0,2026-06-04
Q008582,PL,Gdańsk,sushi,1,0,0,2026-06-06
Q008583,PL,Gdańsk,gokarty,5,0,0,2026-06-25
Q008584,PL,Warszawa,crossfit,2,0,0,2026-06-05
Q008585,PL,Kraków,brunch,1,0,0,2026-06-14
Q008586,PL,Gdańsk,rafting,0,0,0,2026-06-30
Q008587,PL,Kraków,rafting,0,0,0,2026-06-18
Q008588,PL,Warszawa,kręgle,2,0,0,2026-06-02
Q008589,PL,Kraków,burger,7,1,0,2026-06-01
Q008590,PL,Gdańsk,masaż pleców,20,0,0,2026-06-14
Q008591,PL,Warszawa,paintball,14,0,0,2026-06-20
Q008592,PL,Kraków,gokarty,25,0,0,2026-06-07
Q008593,PL,Warszawa,escape room,1,0,0,2026-06-08
Q008594,PL,Gdańsk,trener personalny,21,1,0,2026-06-27
Q008595,PL,Wrocław,kręgle,2,0,0,2026-06-21
Q008596,PL,Warszawa,lot helikopterem,0,0,0,2026-06-08
Q008597,PL,Wrocław,lot balonem,0,0,0,2026-06-27
Q008598,PL,Gdańsk,lot balonem,0,0,0,2026-06-03
Q008599,PL,Wrocław,lot balonem,0,0,0,2026-06-29
Q008600,PL,Warszawa,masaż dla par,17,0,0,2026-06-19
Q008601,PL,Kraków,paintball,14,1,0,2026-06-05
Q008602,PL,Kraków,fryzjer,0,0,0,2026-06-03
Q008603,PL,Warszawa,lot helikopterem,0,0,0,2026-06-23
Q008604,PL,Gdańsk,pizzeria,10,1,1,2026-06-16
Q008605,PL,Warszawa,skoki spadochronowe,0,0,0,2026-06-27
Q008606,PL,Warszawa,trener personalny,16,1,0,2026-06-28
Q008607,PL,Wrocław,kręgle,10,1,0,2026-06-16
Q008608,PL,Warszawa,crossfit,7,1,0,2026-06-17
Q008609,PL,Kraków,fryzjer,18,1,0,2026-06-22
Q008610,PL,Warszawa,lot balonem,0,0,0,2026-06-05
Q008611,PL,Warszawa,trener personalny,0,0,0,2026-06-04
Q008612,PL,Kraków,lot helikopterem,0,0,0,2026-06-30
Q008613,PL,Warszawa,skoki spadochronowe,0,0,0,2026-06-15
Q008614,PL,Warszawa,oczyszczanie twarzy,19,0,0,2026-06-11
Q008615,PL,Warszawa,burger,22,1,0,2026-06-27
Q008616,PL,Warszawa,fryzjer,8,0,0,2026-06-03
Q008617,PL,Kraków,lot balonem,0,0,0,2026-06-15
Q008618,PL,Warszawa,przedłużanie rzęs,21,1,0,2026-06-12
Q008619,PL,Kraków,burger,35,0,0,2026-06-17
Q008620,PL,Warszawa,crossfit,15,0,0,2026-06-16
Q008621,PL,Warszawa,masaż tajski,2,0,0,2026-06-25
Q008622,PL,Gdańsk,crossfit,18,0,0,2026-06-01
Q008623,PL,Warszawa,lot balonem,0,0,0,2026-06-25
Q008624,PL,Kraków,restauracja włoska,12,0,0,2026-06-30
Q008625,PL,Wrocław,masaż dla par,26,0,0,2026-06-04
Q008626,PL,Warszawa,escape room,2,0,0,2026-06-08
Q008627,PL,Wrocław,joga,13,0,0,2026-06-04
Q008628,PL,Wrocław,burger,0,0,0,2026-06-24
Q008629,PL,Warszawa,manicure,1,1,0,2026-06-10
Q008630,PL,Wrocław,crossfit,2,0,0,2026-06-23
Q008631,PL,Warszawa,skoki spadochronowe,0,0,0,2026-06-06
Q008632,PL,Wrocław,koloryzaacja,16,0,0,2026-06-09
Q008633,PL,Warszawa,pizzeria,22,1,1,2026-06-16
Q008634,PL,Kraków,masaż sportowy,15,1,0,2026-06-05
Q008635,PL,Warszawa,pizza deal,1,0,0,2026-06-05
Q008636,PL,Kraków,siłownia,18,1,1,2026-06-26
Q008637,PL,Kraków,siłownia,1,0,0,2026-06-02
Q008638,PL,Warszawa,masaż tajski,1,0,0,2026-06-03
Q008639,PL,Kraków,lot helikopterem,0,0,0,2026-06-07
Q008640,PL,Wrocław,go karting,0,0,0,2026-06-11
Q008641,PL,Kraków,pilates,1,0,0,2026-06-17
Q008642,PL,Warszawa,lot balonem,0,0,0,2026-06-25
Q008643,PL,Warszawa,gokarty,0,0,0,2026-06-22
Q008644,PL,Warszawa,zwiedzanie miasta,1,0,0,2026-06-11
Q008645,PL,Warszawa,steak dinner,2,0,0,2026-06-25
Q008646,PL,Warszawa,koloryyzacja,1,0,0,2026-06-27
Q008647,PL,Warszawa,masaż dla par,1,0,0,2026-06-23
Q008648,PL,Warszawa,masaż dla par,25,0,0,2026-06-17
Q008649,PL,Warszawa,lot helikopterem,0,0,0,2026-06-12
Q008650,PL,Kraków,pizza deal,8,0,0,2026-06-21
Q008651,PL,Warszawa,rafting,0,0,0,2026-06-13
Q008652,PL,Wrocław,crossfit,2,0,0,2026-06-27
Q008653,PL,Kraków,lot helikopterem,0,0,0,2026-06-18
Q008654,PL,Wrocław,brunch,16,0,0,2026-06-24
Q008655,PL,Warszawa,przedłużanie rzęs,6,1,1,2026-06-06
Q008656,PL,Warszawa,sushi,33,0,0,2026-06-19
Q008657,PL,Wrocław,deep tissue massage,1,0,0,2026-06-16
Q008658,PL,Warszawa,sushi,1,0,0,2026-06-22
Q008659,PL,Warszawa,fryzjer,1,0,0,2026-06-17
Q008660,PL,Warszawa,joga,0,0,0,2026-06-07
Q008661,PL,Wrocław,lot helikopterem,0,0,0,2026-06-30
Q008662,PL,Warszawa,masaż dla par,6,1,0,2026-06-01
Q008663,PL,Wrocław,lot balonem,0,0,0,2026-06-28
Q008664,PL,Wrocław,rafting,0,0,0,2026-06-28
Q008665,PL,Kraków,lot balonem,0,0,0,2026-06-13
Q008666,PL,Warszawa,masaż sportowy,1,0,0,2026-06-06
Q008667,PL,Warszawa,oczyszczanie twarzy,16,1,1,2026-06-22
Q008668,PL,Warszawa,koloryzacja,2,0,0,2026-06-22
Q008669,PL,Warszawa,przedłużanie rzęs,1,0,0,2026-06-24
Q008670,PL,Kraków,brnch,20,0,0,2026-06-12
Q008671,PL,Kraków,masaż sportowy,2,0,0,2026-06-06
Q008672,PL,Wrocław,rafting,0,0,0,2026-06-11
Q008673,PL,Kraków,lot helikopterem,0,0,0,2026-06-03
Q008674,PL,Wrocław,rafting,0,0,0,2026-06-06
Q008675,PL,Kraków,siłownia,12,0,0,2026-06-20
Q008676,PL,Gdańsk,kręgle,24,1,0,2026-06-27
Q008677,PL,Warszawa,pilates,11,1,1,2026-06-29
Q008678,PL,Warszawa,restauracja włoska,1,0,0,2026-06-10
Q008679,PL,Wrocław,lot helikopterem,0,0,0,2026-06-04
Q008680,PL,Warszawa,lot balonem,0,0,0,2026-06-11
Q008681,PL,Warszawa,masaż sportowy,1,1,0,2026-06-01
Q008682,PL,Warszawa,lot balonem,0,0,0,2026-06-05
Q008683,PL,Warszawa,lot balonem,0,0,0,2026-06-05
Q008684,PL,Kraków,manicure,6,0,0,2026-06-15
Q008685,PL,Warszawa,gokarty,4,0,0,2026-06-25
Q008686,PL,Kraków,przedłużanie rzęs,19,0,0,2026-06-26
Q008687,PL,Warszawa,escape room,23,0,0,2026-06-26
Q008688,PL,Warszawa,siłownia,0,0,0,2026-06-22
Q008689,PL,Warszawa,deep tissue massage,1,0,0,2026-06-27
Q008690,PL,Kraków,kręggle,0,0,0,2026-06-22
Q008691,PL,Warszawa,manicure,0,0,0,2026-06-05
Q008692,PL,Warszawa,fryzjer,1,0,0,2026-06-06
Q008693,PL,Warszawa,pizzeria,5,1,0,2026-06-16
Q008694,PL,Kraków,escaape room,1,0,0,2026-06-15
Q008695,PL,Gdańsk,masaż sportowy,22,0,0,2026-06-17
Q008696,PL,Wrocław,rafting,0,0,0,2026-06-15
Q008697,PL,Warszawa,oczyszczanie twarzy,4,1,1,2026-06-17
Q008698,PL,Warszawa,brunch,14,1,0,2026-06-29
Q008699,PL,Wrocław,masaż sportowy,20,0,0,2026-06-08
Q008700,PL,Warszawa,burger,17,1,0,2026-06-26
Q008701,PL,Warszawa,masaż sportowy,0,0,0,2026-06-15
Q008702,PL,Warszawa,skoki spadochronowe,0,0,0,2026-06-06
Q008703,PL,Warszawa,escape room,9,0,0,2026-06-12
Q008704,PL,Warszawa,oczyszczanie twarzy,6,1,0,2026-06-21
Q008705,PL,Warszawa,masaż sportowy,20,0,0,2026-06-11
Q008706,PL,Wrocław,gokarty,35,0,0,2026-06-18
Q008707,PL,Wrocław,masaż sportowy,0,0,0,2026-06-28
Q008708,PL,Warszawa,przedłużanie rzęs,2,0,0,2026-06-08
Q008709,PL,Warszawa,manicure,16,1,1,2026-06-14
Q008710,PL,Warszawa,przedłużanie rzęs,0,0,0,2026-06-12
Q008711,PL,Gdańsk,skoki spadochronowe,0,0,0,2026-06-26
Q008712,PL,Wrocław,manicre,2,0,0,2026-06-18
Q008713,PL,Wrocław,przedłużanieurzęs,6,1,0,2026-06-20
Q008714,PL,Kraków,sushi,22,1,1,2026-06-15
Q008715,PL,Wrocław,paintball,28,0,0,2026-06-17
Q008716,PL,Warszawa,zwiedzanie miasta,11,1,0,2026-06-02
Q008717,PL,Warszawa,masaż sportowy,0,0,0,2026-06-05
Q008718,PL,Gdańsk,fryzjer,0,0,0,2026-06-03
Q008719,PL,Warszawa,siłownia,10,1,1,2026-06-13
Q008720,PL,Wrocław,lot balonem,0,0,0,2026-06-25
Q008721,PL,Warszawa,personal trainer,1,0,0,2026-06-22
Q008722,PL,Warszawa,pizzeria,10,0,0,2026-06-01
Q008723,PL,Wrocław,sushi,0,0,0,2026-06-04
Q008724,PL,Kraków,gokarty,13,1,0,2026-06-22
Q008725,PL,Warszawa,rafting,0,0,0,2026-06-06
Q008726,PL,Kraków,burger,20,0,0,2026-06-13
Q008727,PL,Kraków,trener personalny,2,0,0,2026-06-04
Q008728,PL,Kraków,restaracja włoska,0,0,0,2026-06-21
Q008729,PL,Warszawa,go karting,2,0,0,2026-06-29
Q008730,PL,Wrocław,personal trainer,34,1,0,2026-06-07
Q008731,PL,Warszawa,masaż sportowy,2,0,0,2026-06-11
Q008732,PL,Kraków,manicure,14,0,0,2026-06-14
Q008733,PL,Wrocław,deep tissue massage,14,0,0,2026-06-09
Q008734,PL,Warszawa,lot balonem,0,0,0,2026-06-23
Q008735,PL,Warszawa,skoki spadochronowe,0,0,0,2026-06-07
Q008736,PL,Warszawa,oczyszczanie twarzy,0,0,0,2026-06-30
Q008737,PL,Warszawa,rafting,0,0,0,2026-06-23
Q008738,PL,Kraków,fryzjer,19,0,0,2026-06-03
Q008739,PL,Gdańsk,koloryzacja,30,0,0,2026-06-24
Q008740,PL,Warszawa,koloryzacja,32,0,0,2026-06-23
Q008741,PL,Wrocław,rafting,0,0,0,2026-06-13
Q008742,PL,Warszawa,joga,0,0,0,2026-06-20
Q008743,PL,Warszawa,zwiedzaniee miasta,19,0,0,2026-06-28
Q008744,PL,Wrocław,skoki spadochronowe,0,0,0,2026-06-15
Q008745,PL,Wrocław,paintball,2,0,0,2026-06-28
Q008746,PL,Gdańsk,skoki spadochronowe,0,0,0,2026-06-25
Q008747,PL,Warszawa,koloryzacja,14,0,0,2026-06-01
Q008748,PL,Kraków,paintball,20,1,1,2026-06-18
Q008749,PL,Warszawa,przedłużanie rzęs,1,0,0,2026-06-18
Q008750,PL,Gdańsk,masaż dla par,6,1,0,2026-06-02
Q008751,PL,Wrocław,fryzjer,1,0,0,2026-06-13
Q008752,PL,Warszawa,paintball,14,1,0,2026-06-30
Q008753,PL,Warszawa,brunch,9,0,0,2026-06-20
Q008754,PL,Warszawa,crossfit,15,1,1,2026-06-26
Q008755,PL,Warszawa,couples massage,28,0,0,2026-06-20
Q008756,PL,Gdańsk,oczyszczanie twary,0,0,0,2026-06-01
Q008757,PL,Kraków,lot balonem,0,0,0,2026-06-07
Q008758,PL,Gdańsk,hair colour,2,0,0,2026-06-29
Q008759,PL,Wrocław,burger,24,0,0,2026-06-28
Q008760,PL,Warszawa,restauracja włoska,9,1,1,2026-06-08
Q008761,PL,Warszawa,pilates,2,0,0,2026-06-16
Q008762,PL,Warszawa,tener personalny,0,0,0,2026-06-22
Q008763,PL,Kraków,lot helikopterem,0,0,0,2026-06-18
Q008764,PL,Gdańsk,masaż dla par,0,0,0,2026-06-20
Q008765,PL,Warszawa,gokarty,0,0,0,2026-06-06
Q008766,PL,Warszawa,masaż tajski,10,1,0,2026-06-30
Q008767,PL,Warszawa,fryzjer,2,0,0,2026-06-05
Q008768,PL,Warszawa,pilates,0,0,0,2026-06-22
Q008769,PL,Warszawa,oczyszczanie twarzy,25,1,0,2026-06-11
Q008770,PL,Warszawa,sushi,0,0,0,2026-06-23
Q008771,PL,Warszawa,rafting,0,0,0,2026-06-13
Q008772,PL,Gdańsk,masaż sportowy,18,1,0,2026-06-16
Q008773,PL,Kraków,pilates,14,0,0,2026-06-09
Q008774,PL,Warszawa,masaż sportowy,9,1,0,2026-06-19
Q008775,PL,Wrocław,crossfit,13,0,0,2026-06-07
Q008776,PL,Wrocław,pilates,25,0,0,2026-06-06
Q008777,PL,Warszawa,trenner personalny,11,0,0,2026-06-21
Q008778,PL,Warszawa,rafting,0,0,0,2026-06-06
Q008779,PL,Warszawa,masaż pleców,0,0,0,2026-06-27
Q008780,PL,Warszawa,steak dinner,2,0,0,2026-06-23
Q008781,PL,Wrocław,masaż dla par,0,0,0,2026-06-02
Q008782,PL,Warszawa,siłownia,34,0,0,2026-06-10
Q008783,PL,Warszawa,pilates,2,0,0,2026-06-25
Q008784,PL,Wrocław,masaż tajski,25,1,1,2026-06-03
Q008785,PL,Wrocław,masaż tajski,0,0,0,2026-06-12
Q008786,PL,Warszawa,masaż pleców,21,1,1,2026-06-11
Q008787,PL,Warszawa,masaż dla par,11,1,0,2026-06-30
Q008788,PL,Warszawa,pizzeria,2,0,0,2026-06-30
Q008789,PL,Warszawa,brunch,0,0,0,2026-06-04
Q008790,PL,Warszawa,manicure,15,1,0,2026-06-02
Q008791,PL,Warszawa,masaż dla  par,8,1,1,2026-06-06
Q008792,PL,Warszawa,rafting,0,0,0,2026-06-07
Q008793,PL,Wrocław,manicure,34,0,0,2026-06-03
Q008794,PL,Warszawa,pizzeria,1,0,0,2026-06-20
Q008795,PL,Wrocław,brunch,2,0,0,2026-06-24
Q008796,PL,Warszawa,masaż dla par,2,1,0,2026-06-27
Q008797,PL,Warszawa,crossfit,1,0,0,2026-06-09
Q008798,PL,Gdańsk,escape room,2,0,0,2026-06-08
Q008799,PL,Wrocław,koloryzacja,5,1,1,2026-06-29
Q008800,PL,Wrocław,koloryzacja,14,0,0,2026-06-04
Q008801,PL,Wrocław,joga,4,0,0,2026-06-16
Q008802,PL,Wrocław,manicure,16,0,0,2026-06-16
Q008803,PL,Warszawa,masaż tujski,22,0,0,2026-06-16
Q008804,PL,Warszawa,pizza deal,0,0,0,2026-06-20
Q008805,PL,Wrocław,rafting,0,0,0,2026-06-06
Q008806,PL,Warszawa,pilates,17,1,1,2026-06-26
Q008807,PL,Warszawa,manicure,2,0,0,2026-06-18
Q008808,PL,Warszawa,escape room,2,0,0,2026-06-20
Q008809,PL,Kraków,pilates,23,0,0,2026-06-30
Q008810,PL,Gdańsk,koloryzacja,1,0,0,2026-06-07
Q008811,PL,Gdańsk,oczyszczanie twarzy,1,0,0,2026-06-05
Q008812,PL,Kraków,masaż pleców,20,0,0,2026-06-06
Q008813,PL,Kraków,lot helikopterem,0,0,0,2026-06-04
Q008814,PL,Kraków,thai massage,17,0,0,2026-06-29
Q008815,PL,Kraków,fryzjer,2,0,0,2026-06-11
Q008816,PL,Warszawa,lot helikopterem,0,0,0,2026-06-21
Q008817,PL,Wrocław,trener personalny,18,1,1,2026-06-08
Q008818,PL,Gdańsk,lot baalonem,0,0,0,2026-06-25
Q008819,PL,Warszawa,skoki spadochronowe,0,0,0,2026-06-11
Q008820,PL,Warszawa,siłownia,6,0,0,2026-06-08
Q008821,PL,Wrocław,gokarty,7,1,0,2026-06-07
Q008822,PL,Warszawa,lot balonem,0,0,0,2026-06-22
Q008823,PL,Kraków,fryzjer,20,0,0,2026-06-25
Q008824,PL,Warszawa,koloryzacja,2,0,0,2026-06-05
Q008825,PL,Warszawa,masaż pleców,2,0,0,2026-06-07
Q008826,PL,Gdańsk,koloryzacja,2,0,0,2026-06-21
Q008827,PL,Warszawa,lot helikopterem,0,0,0,2026-06-25
Q008828,PL,Wrocław,joga,2,0,0,2026-06-23
Q008829,PL,Warszawa,przedłużanie rzęs,19,1,0,2026-06-15
Q008830,PL,Warszawa,go karting,13,0,0,2026-06-18
Q008831,PL,Wrocław,masaż tajski,16,1,1,2026-06-02
Q008832,PL,Warszawa,trener personalny,28,1,0,2026-06-21
Q008833,PL,Kraków,kręgle,1,0,0,2026-06-11
Q008834,PL,Warszawa,masaż tajski,2,0,0,2026-06-22
Q008835,PL,Warszawa,koloryzacja,2,0,0,2026-06-25
Q008836,PL,Warszawa,pilates,16,1,0,2026-06-07
Q008837,PL,Gdańsk,skoki spadochronowe,0,0,0,2026-06-09
Q008838,PL,Warszawa,lot helikopterem,0,0,0,2026-06-03
Q008839,PL,Wrocław,trener personalny,24,1,0,2026-06-18
Q008840,PL,Wrocław,pilates,0,0,0,2026-06-06
Q008841,PL,Kraków,pizzeria,5,1,0,2026-06-03
Q008842,PL,Warszawa,rfting,0,0,0,2026-06-25
Q008843,PL,Kraków,masaż sportowy,22,1,1,2026-06-30
Q008844,PL,Kraków,kręgle,8,0,0,2026-06-27
Q008845,PL,Warszawa,lot balonem,0,0,0,2026-06-18
Q008846,PL,Wrocław,fryzjer,0,0,0,2026-06-06
Q008847,PL,Wrocław,skoki spadochronowe,0,0,0,2026-06-14
Q008848,PL,Warszawa,thai massage,2,0,0,2026-06-16
Q008849,PL,Warszawa,lot balonem,0,0,0,2026-06-10
Q008850,PL,Kraków,siłownia,32,0,0,2026-06-26
Q008851,PL,Wrocław,trener personalny,1,1,0,2026-06-08
Q008852,PL,Warszawa,lot balonem,0,0,0,2026-06-05
Q008853,PL,Warszawa,masaż sportowy,0,0,0,2026-06-22
Q008854,PL,Wrocław,lot helikopterem,0,0,0,2026-06-23
Q008855,PL,Warszawa,trener personalny,16,1,0,2026-06-11
Q008856,PL,Kraków,masaż dla par,25,1,0,2026-06-07
Q008857,PL,Warszawa,masaż dla par,11,1,1,2026-06-08
Q008858,PL,Warszawa,masaż dla par,2,0,0,2026-06-13
Q008859,PL,Wrocław,rafting,0,0,0,2026-06-16
Q008860,PL,Gdańsk,brunch,1,0,0,2026-06-10
Q008861,PL,Wrocław,trener personalny,18,0,0,2026-06-05
Q008862,PL,Warszawa,masaż tajski,9,1,0,2026-06-13
Q008863,PL,Warszawa,trener personalny,28,0,0,2026-06-30
Q008864,PL,Gdańsk,joga,19,1,0,2026-06-22
Q008865,PL,Kraków,oczyszczanie twarzy,17,0,0,2026-06-18
Q008866,PL,Warszawa,lot balonem,0,0,0,2026-06-15
Q008867,PL,Warszawa,pilates,10,1,0,2026-06-27
Q008868,PL,Warszawa,joga,21,1,0,2026-06-01
Q008869,PL,Kraków,masaż sportowy,20,1,1,2026-06-01
Q008870,PL,Kraków,gokarty,8,1,1,2026-06-06
Q008871,PL,Warszawa,zwiedzanie miasta,2,0,0,2026-06-30
Q008872,PL,Warszawa,lot balonem,0,0,0,2026-06-19
Q008873,PL,Warszawa,pizzeria,27,0,0,2026-06-22
Q008874,PL,Kraków,paintball,21,0,0,2026-06-23
Q008875,PL,Kraków,restauracja włoska,1,0,0,2026-06-14
Q008876,PL,Kraków,brunch,0,0,0,2026-06-22
Q008877,PL,Kraków,lot helikopterem,0,0,0,2026-06-03
Q008878,PL,Warszawa,lot helikopterem,0,0,0,2026-06-25
Q008879,PL,Warszawa,masaż sportowy,2,0,0,2026-06-08
Q008880,PL,Wrocław,gokarty,15,1,1,2026-06-01
Q008881,PL,Gdańsk,siłownia,2,1,0,2026-06-16
Q008882,PL,Gdańsk,masaż tajski,1,0,0,2026-06-22
Q008883,PL,Gdańsk,brunch,36,0,0,2026-06-18
Q008884,PL,Warszawa,escape room,14,1,0,2026-06-17
Q008885,PL,Warszawa,pizzeria,2,0,0,2026-06-08
Q008886,PL,Warszawa,pilates,20,0,0,2026-06-26
Q008887,PL,Warszawa,siłownia,31,1,0,2026-06-30
Q008888,PL,Warszawa,skoki spadochronowe,0,0,0,2026-06-09
Q008889,PL,Warszawa,lot balonem,0,0,0,2026-06-13
Q008890,PL,Kraków,lot balonem,0,0,0,2026-06-10
Q008891,PL,Wrocław,pizzeria,7,1,1,2026-06-26
Q008892,PL,Warszawa,manicure,19,1,1,2026-06-12
Q008893,PL,Warszawa,siłownia,23,0,0,2026-06-28
Q008894,PL,Wrocław,masaż dla par,2,0,0,2026-06-15
Q008895,PL,Warszawa,suihi,10,0,0,2026-06-21
Q008896,PL,Warszawa,paintball,11,1,1,2026-06-29
Q008897,PL,Warszawa,skoki spadochronowe,0,0,0,2026-06-29
Q008898,PL,Warszawa,masaż sportowy,7,1,0,2026-06-16
Q008899,PL,Warszawa,kręgle,1,0,0,2026-06-01
Q008900,PL,Wrocław,escape room,2,0,0,2026-06-08
Q008901,PL,Warszawa,gokarty,17,1,0,2026-06-03
Q008902,PL,Kraków,restauracja włoska,1,0,0,2026-06-22
Q008903,PL,Warszawa,koloryzacja,2,0,0,2026-06-02
Q008904,PL,Gdańsk,joga,1,0,0,2026-06-29
Q008905,PL,Wrocław,zwiedzanie miasta,19,1,0,2026-06-24
Q008906,PL,Warszawa,sports massage,0,0,0,2026-06-12
Q008907,PL,Warszawa,skoki spadochronowe,0,0,0,2026-06-24
Q008908,PL,Wrocław,sports massage,2,0,0,2026-06-03
Q008909,PL,Warszawa,zwiedzanie miasoa,18,1,0,2026-06-30
Q008910,PL,Kraków,siłownia,11,1,0,2026-06-14
Q008911,PL,Warszawa,oczyszczanie twarzy,0,0,0,2026-06-20
Q008912,PL,Kraków,skoki spadochronowe,0,0,0,2026-06-01
Q008913,PL,Warszawa,masaż tajski,0,0,0,2026-06-03
Q008914,PL,Warszawa,masaż tajski,1,1,0,2026-06-14
Q008915,PL,Wrocław,brunch,2,0,0,2026-06-01
Q008916,PL,Warszawa,fryzjer,2,0,0,2026-06-25
Q008917,PL,Kraków,paintball,2,0,0,2026-06-16
Q008918,PL,Warszawa,masaż dla par,18,0,0,2026-06-03
Q008919,PL,Warszawa,raiting,0,0,0,2026-06-30
Q008920,PL,Wrocław,lot helikopterem,0,0,0,2026-06-24
Q008921,PL,Warszawa,koloryzacja,13,1,1,2026-06-27
Q008922,PL,Wrocław,przedłużanie rzęs,9,1,0,2026-06-21
Q008923,PL,Wrocław,paintball,16,1,1,2026-06-30
Q008924,PL,Wrocław,trener personalny,1,1,1,2026-06-30
Q008925,PL,Kraków,joga,17,1,0,2026-06-06
Q008926,PL,Kraków,kręgle,23,0,0,2026-06-13
Q008927,PL,Wrocław,brunch,9,1,0,2026-06-17
Q008928,PL,Warszawa,lot balonem,0,0,0,2026-06-22
Q008929,PL,Kraków,skoki spadochronowe,0,0,0,2026-06-25
Q008930,PL,Warszawa,przedłużanie rzęs,0,0,0,2026-06-27
Q008931,PL,Wrocław,fryzjer,2,0,0,2026-06-22
Q008932,PL,Warszawa,pizzeria,0,0,0,2026-06-28
Q008933,PL,Warszawa,crossfit,0,0,0,2026-06-27
Q008934,PL,Warszawa,przedłużanie rzas,1,0,0,2026-06-22
Q008935,PL,Kraków,lot balonem,0,0,0,2026-06-13
Q008936,PL,Wrocław,rafting,0,0,0,2026-06-10
Q008937,PL,Warszawa,skoki spadochronowe,0,0,0,2026-06-21
Q008938,PL,Wrocław,joga,9,0,0,2026-06-28
Q008939,PL,Kraków,lot helikopterem,0,0,0,2026-06-22
Q008940,PL,Warszawa,masaż pleców,24,1,0,2026-06-30
Q008941,PL,Gdańsk,sushi,28,0,0,2026-06-08
Q008942,PL,Kraków,brunch,2,0,0,2026-06-28
Q008943,PL,Warszawa,koloryzacja,30,0,0,2026-06-13
Q008944,PL,Gdańsk,escape room,1,0,0,2026-06-09
Q008945,PL,Warszawa,lot heikopterem,0,0,0,2026-06-30
Q008946,PL,Gdańsk,rafting,0,0,0,2026-06-27
Q008947,PL,Wrocław,paintball,14,1,0,2026-06-07
Q008948,PL,Warszawa,fryzjer,22,1,0,2026-06-03
Q008949,PL,Warszawa,masaż tajski,2,0,0,2026-06-05
Q008950,PL,Wrocław,gokarty,2,0,0,2026-06-03
Q008951,PL,Warszawa,rafting,0,0,0,2026-06-13
Q008952,PL,Warszawa,masaż tajski,13,1,0,2026-06-02
Q008953,PL,Kraków,siłownia,13,0,0,2026-06-01
Q008954,PL,Warszawa,rafting,0,0,0,2026-06-15
Q008955,PL,Warszawa,trener personalny,6,0,0,2026-06-26
Q008956,PL,Wrocław,koloryzacja,6,1,0,2026-06-22
Q008957,PL,Warszawa,pizza deal,1,0,0,2026-06-03
Q008958,PL,Wrocław,sushi,7,1,1,2026-06-21
Q008959,PL,Wrocław,trenir personalny,22,0,0,2026-06-15
Q008960,PL,Warszawa,oczyszczanie twarzy,15,0,0,2026-06-01
Q008961,PL,Warszawa,masaż pleców,30,0,0,2026-06-22
Q008962,PL,Warszawa,pizzeria,1,0,0,2026-06-21
Q008963,PL,Warszawa,burger,32,0,0,2026-06-19
Q008964,PL,Warszawa,pizzeria,2,0,0,2026-06-22
Q008965,PL,Warszawa,masaż pleców,25,1,0,2026-06-03
Q008966,PL,Warszawa,hair colour,0,0,0,2026-06-29
Q008967,PL,Gdańsk,burger,2,0,0,2026-06-13
Q008968,PL,Warszawa,bowling,0,0,0,2026-06-29
Q008969,PL,Kraków,lot helikopterem,0,0,0,2026-06-06
Q008970,PL,Warszawa,siłownia,7,1,1,2026-06-28
Q008971,PL,Gdańsk,paintball,1,0,0,2026-06-20
Q008972,PL,Warszawa,lot balonem,0,0,0,2026-06-21
Q008973,PL,Warszawa,skoki spadochronowe,0,0,0,2026-06-06
Q008974,PL,Gdańsk,zwiedzanie miasta,7,1,0,2026-06-18
Q008975,PL,Warszawa,pilates,15,0,0,2026-06-21
Q008976,PL,Warszawa,burger,0,0,0,2026-06-24
Q008977,PL,Warszawa,burger,21,0,0,2026-06-04
Q008978,PL,Gdańsk,joga,2,0,0,2026-06-10
Q008979,PL,Warszawa,sports massage,2,0,0,2026-06-12
Q008980,PL,Warszawa,crossfit,0,0,0,2026-06-08
Q008981,PL,Warszawa,restauracja włoska,0,0,0,2026-06-17
Q008982,PL,Wrocław,masaż pleców,16,0,0,2026-06-29
Q008983,PL,Kraków,rafting,0,0,0,2026-06-18
Q008984,PL,Warszawa,rufting,0,0,0,2026-06-03
Q008985,PL,Warszawa,joga,2,0,0,2026-06-21
Q008986,PL,Warszawa,treoer personalny,2,0,0,2026-06-30
Q008987,PL,Kraków,masaż pleców,0,0,0,2026-06-27
Q008988,PL,Wrocław,masaż pleców,7,0,0,2026-06-07
Q008989,PL,Wrocław,pizzeria,23,1,1,2026-06-23
Q008990,PL,Wrocław,masaż tajski,12,1,1,2026-06-09
Q008991,PL,Kraków,skoki spadochronowe,0,0,0,2026-06-02
Q008992,PL,Warszawa,fryzjer,8,1,0,2026-06-07
Q008993,PL,Warszawa,facial,2,0,0,2026-06-05
Q008994,PL,Kraków,masaż dla par,2,0,0,2026-06-30
Q008995,PL,Gdańsk,gokarty,0,0,0,2026-06-21
Q008996,PL,Kraków,rafting,0,0,0,2026-06-26
Q008997,PL,Warszawa,koloryzacja,23,0,0,2026-06-11
